block,process,cell,method,phase,iteration,position,seconds,output_sha256
explore,0,k4,F8,warmup,0,0,0.08513061299163383,0b1503dbe8814b114412ba0d04f6d10d958ae15ab7817d3a8dab4413f8f7579a
explore,0,k4,F16,warmup,0,1,0.49372801699792035,0b1503dbe8814b114412ba0d04f6d10d958ae15ab7817d3a8dab4413f8f7579a
explore,0,k4,F8,retained,0,0,0.05411661200923845,0b1503dbe8814b114412ba0d04f6d10d958ae15ab7817d3a8dab4413f8f7579a
explore,0,k4,F16,retained,0,1,0.05868548300350085,0b1503dbe8814b114412ba0d04f6d10d958ae15ab7817d3a8dab4413f8f7579a
explore,0,k4,F16,retained,1,0,0.0588950940000359,0b1503dbe8814b114412ba0d04f6d10d958ae15ab7817d3a8dab4413f8f7579a
explore,0,k4,F8,retained,1,1,0.05368969700066373,0b1503dbe8814b114412ba0d04f6d10d958ae15ab7817d3a8dab4413f8f7579a
explore,0,k4,F8,retained,2,0,0.053710125997895375,0b1503dbe8814b114412ba0d04f6d10d958ae15ab7817d3a8dab4413f8f7579a
explore,0,k4,F16,retained,2,1,0.05851358000654727,0b1503dbe8814b114412ba0d04f6d10d958ae15ab7817d3a8dab4413f8f7579a
explore,0,k16,F16,warmup,0,0,0.08220157399773598,b65ded9f0b0892bf0c056a679273dea504eaa5f2bee6f1b960c8de2d1248aa85
explore,0,k16,F8,warmup,0,1,0.07072871799755376,b65ded9f0b0892bf0c056a679273dea504eaa5f2bee6f1b960c8de2d1248aa85
explore,0,k16,F16,retained,0,0,0.07471678100409918,b65ded9f0b0892bf0c056a679273dea504eaa5f2bee6f1b960c8de2d1248aa85
explore,0,k16,F8,retained,0,1,0.07004592799057718,b65ded9f0b0892bf0c056a679273dea504eaa5f2bee6f1b960c8de2d1248aa85
explore,0,k16,F8,retained,1,0,0.07074901499436237,b65ded9f0b0892bf0c056a679273dea504eaa5f2bee6f1b960c8de2d1248aa85
explore,0,k16,F16,retained,1,1,0.0746305869979551,b65ded9f0b0892bf0c056a679273dea504eaa5f2bee6f1b960c8de2d1248aa85
explore,0,k16,F16,retained,2,0,0.07466609901166521,b65ded9f0b0892bf0c056a679273dea504eaa5f2bee6f1b960c8de2d1248aa85
explore,0,k16,F8,retained,2,1,0.0699770679930225,b65ded9f0b0892bf0c056a679273dea504eaa5f2bee6f1b960c8de2d1248aa85
explore,0,k64,F8,warmup,0,0,0.14858801299124025,4863a23e3edeb18d5e72d89fb0e25c0dbaea17762bbc98a7159803be72407a80
explore,0,k64,F16,warmup,0,1,0.16141648999473546,4863a23e3edeb18d5e72d89fb0e25c0dbaea17762bbc98a7159803be72407a80
explore,0,k64,F8,retained,0,0,0.15658292299485765,4863a23e3edeb18d5e72d89fb0e25c0dbaea17762bbc98a7159803be72407a80
explore,0,k64,F16,retained,0,1,0.15833124099299312,4863a23e3edeb18d5e72d89fb0e25c0dbaea17762bbc98a7159803be72407a80
explore,0,k64,F16,retained,1,0,0.15848143100447487,4863a23e3edeb18d5e72d89fb0e25c0dbaea17762bbc98a7159803be72407a80
explore,0,k64,F8,retained,1,1,0.15582472999813035,4863a23e3edeb18d5e72d89fb0e25c0dbaea17762bbc98a7159803be72407a80
explore,0,k64,F8,retained,2,0,0.1553376380034024,4863a23e3edeb18d5e72d89fb0e25c0dbaea17762bbc98a7159803be72407a80
explore,0,k64,F16,retained,2,1,0.15948254700924736,4863a23e3edeb18d5e72d89fb0e25c0dbaea17762bbc98a7159803be72407a80
explore,0,original,F16,warmup,0,0,0.16403522000473458,13cae87e6a0f75a13f3e9a7881b33c42ab77680f6d13e99dcc00fa2de5963495
explore,0,original,F8,warmup,0,1,0.1585970010055462,13cae87e6a0f75a13f3e9a7881b33c42ab77680f6d13e99dcc00fa2de5963495
explore,0,original,F16,retained,0,0,0.16051637299824506,13cae87e6a0f75a13f3e9a7881b33c42ab77680f6d13e99dcc00fa2de5963495
explore,0,original,F8,retained,0,1,0.1581980650080368,13cae87e6a0f75a13f3e9a7881b33c42ab77680f6d13e99dcc00fa2de5963495
explore,0,original,F8,retained,1,0,0.15768317999027204,13cae87e6a0f75a13f3e9a7881b33c42ab77680f6d13e99dcc00fa2de5963495
explore,0,original,F16,retained,1,1,0.1601412239979254,13cae87e6a0f75a13f3e9a7881b33c42ab77680f6d13e99dcc00fa2de5963495
explore,0,original,F16,retained,2,0,0.16131868500087876,13cae87e6a0f75a13f3e9a7881b33c42ab77680f6d13e99dcc00fa2de5963495
explore,0,original,F8,retained,2,1,0.15881734699360095,13cae87e6a0f75a13f3e9a7881b33c42ab77680f6d13e99dcc00fa2de5963495
explore,0,k256,F8,warmup,0,0,0.5660609049955383,49160b0fece513842a1194c0aaca5b2d06de6de417533c401ac0c383b2e70611
explore,0,k256,F16,warmup,0,1,0.5618754679890117,49160b0fece513842a1194c0aaca5b2d06de6de417533c401ac0c383b2e70611
explore,0,k256,F8,retained,0,0,0.5639988409966463,49160b0fece513842a1194c0aaca5b2d06de6de417533c401ac0c383b2e70611
explore,0,k256,F16,retained,0,1,0.5600446419994114,49160b0fece513842a1194c0aaca5b2d06de6de417533c401ac0c383b2e70611
explore,0,k256,F16,retained,1,0,0.5584463450068142,49160b0fece513842a1194c0aaca5b2d06de6de417533c401ac0c383b2e70611
explore,0,k256,F8,retained,1,1,0.5623933210008545,49160b0fece513842a1194c0aaca5b2d06de6de417533c401ac0c383b2e70611
explore,0,k256,F8,retained,2,0,0.5639228740037652,49160b0fece513842a1194c0aaca5b2d06de6de417533c401ac0c383b2e70611
explore,0,k256,F16,retained,2,1,0.5605898790090578,49160b0fece513842a1194c0aaca5b2d06de6de417533c401ac0c383b2e70611
explore,0,k1024,F16,warmup,0,0,2.2975872560054995,1aa5d88ffa1f87e75ad08af781637cb073d2c862378f6b4dcf84f2a56c3d6fe3
explore,0,k1024,F8,warmup,0,1,2.3182751720014494,1aa5d88ffa1f87e75ad08af781637cb073d2c862378f6b4dcf84f2a56c3d6fe3
explore,0,k1024,F16,retained,0,0,2.2887505310063716,1aa5d88ffa1f87e75ad08af781637cb073d2c862378f6b4dcf84f2a56c3d6fe3
explore,0,k1024,F8,retained,0,1,2.321489580994239,1aa5d88ffa1f87e75ad08af781637cb073d2c862378f6b4dcf84f2a56c3d6fe3
explore,0,k1024,F8,retained,1,0,2.315268582009594,1aa5d88ffa1f87e75ad08af781637cb073d2c862378f6b4dcf84f2a56c3d6fe3
explore,0,k1024,F16,retained,1,1,2.282309357993654,1aa5d88ffa1f87e75ad08af781637cb073d2c862378f6b4dcf84f2a56c3d6fe3
explore,0,k1024,F16,retained,2,0,2.295676243986236,1aa5d88ffa1f87e75ad08af781637cb073d2c862378f6b4dcf84f2a56c3d6fe3
explore,0,k1024,F8,retained,2,1,2.3239588840078795,1aa5d88ffa1f87e75ad08af781637cb073d2c862378f6b4dcf84f2a56c3d6fe3
explore,1,k4,F16,warmup,0,0,0.5072246079944307,0b1503dbe8814b114412ba0d04f6d10d958ae15ab7817d3a8dab4413f8f7579a
explore,1,k4,F8,warmup,0,1,0.06806394099839963,0b1503dbe8814b114412ba0d04f6d10d958ae15ab7817d3a8dab4413f8f7579a
explore,1,k4,F16,retained,0,0,0.06347758098854683,0b1503dbe8814b114412ba0d04f6d10d958ae15ab7817d3a8dab4413f8f7579a
explore,1,k4,F8,retained,0,1,0.05487888598872814,0b1503dbe8814b114412ba0d04f6d10d958ae15ab7817d3a8dab4413f8f7579a
explore,1,k4,F8,retained,1,0,0.05406919401139021,0b1503dbe8814b114412ba0d04f6d10d958ae15ab7817d3a8dab4413f8f7579a
explore,1,k4,F16,retained,1,1,0.0596763459907379,0b1503dbe8814b114412ba0d04f6d10d958ae15ab7817d3a8dab4413f8f7579a
explore,1,k4,F16,retained,2,0,0.05872910699690692,0b1503dbe8814b114412ba0d04f6d10d958ae15ab7817d3a8dab4413f8f7579a
explore,1,k4,F8,retained,2,1,0.0539695089973975,0b1503dbe8814b114412ba0d04f6d10d958ae15ab7817d3a8dab4413f8f7579a
explore,1,k1024,F8,warmup,0,0,2.3414061660005245,1aa5d88ffa1f87e75ad08af781637cb073d2c862378f6b4dcf84f2a56c3d6fe3
explore,1,k1024,F16,warmup,0,1,2.2966035900026327,1aa5d88ffa1f87e75ad08af781637cb073d2c862378f6b4dcf84f2a56c3d6fe3
explore,1,k1024,F8,retained,0,0,2.326125902996864,1aa5d88ffa1f87e75ad08af781637cb073d2c862378f6b4dcf84f2a56c3d6fe3
explore,1,k1024,F16,retained,0,1,2.291354371001944,1aa5d88ffa1f87e75ad08af781637cb073d2c862378f6b4dcf84f2a56c3d6fe3
explore,1,k1024,F16,retained,1,0,2.296068961994024,1aa5d88ffa1f87e75ad08af781637cb073d2c862378f6b4dcf84f2a56c3d6fe3
explore,1,k1024,F8,retained,1,1,2.3224247049947735,1aa5d88ffa1f87e75ad08af781637cb073d2c862378f6b4dcf84f2a56c3d6fe3
explore,1,k1024,F8,retained,2,0,2.321201896003913,1aa5d88ffa1f87e75ad08af781637cb073d2c862378f6b4dcf84f2a56c3d6fe3
explore,1,k1024,F16,retained,2,1,2.287033339991467,1aa5d88ffa1f87e75ad08af781637cb073d2c862378f6b4dcf84f2a56c3d6fe3
explore,1,k256,F16,warmup,0,0,0.5587447959987912,49160b0fece513842a1194c0aaca5b2d06de6de417533c401ac0c383b2e70611
explore,1,k256,F8,warmup,0,1,0.5662520480109379,49160b0fece513842a1194c0aaca5b2d06de6de417533c401ac0c383b2e70611
explore,1,k256,F16,retained,0,0,0.5636920930119231,49160b0fece513842a1194c0aaca5b2d06de6de417533c401ac0c383b2e70611
explore,1,k256,F8,retained,0,1,0.5640970920067048,49160b0fece513842a1194c0aaca5b2d06de6de417533c401ac0c383b2e70611
explore,1,k256,F8,retained,1,0,0.5659789520141203,49160b0fece513842a1194c0aaca5b2d06de6de417533c401ac0c383b2e70611
explore,1,k256,F16,retained,1,1,0.5611108510056511,49160b0fece513842a1194c0aaca5b2d06de6de417533c401ac0c383b2e70611
explore,1,k256,F16,retained,2,0,0.5620991229952779,49160b0fece513842a1194c0aaca5b2d06de6de417533c401ac0c383b2e70611
explore,1,k256,F8,retained,2,1,0.567040841007838,49160b0fece513842a1194c0aaca5b2d06de6de417533c401ac0c383b2e70611
explore,1,original,F8,warmup,0,0,0.157767500000773,13cae87e6a0f75a13f3e9a7881b33c42ab77680f6d13e99dcc00fa2de5963495
explore,1,original,F16,warmup,0,1,0.16490230000636075,13cae87e6a0f75a13f3e9a7881b33c42ab77680f6d13e99dcc00fa2de5963495
explore,1,original,F8,retained,0,0,0.15882459901331458,13cae87e6a0f75a13f3e9a7881b33c42ab77680f6d13e99dcc00fa2de5963495
explore,1,original,F16,retained,0,1,0.16212113198707812,13cae87e6a0f75a13f3e9a7881b33c42ab77680f6d13e99dcc00fa2de5963495
explore,1,original,F16,retained,1,0,0.16076199398958124,13cae87e6a0f75a13f3e9a7881b33c42ab77680f6d13e99dcc00fa2de5963495
explore,1,original,F8,retained,1,1,0.159179556008894,13cae87e6a0f75a13f3e9a7881b33c42ab77680f6d13e99dcc00fa2de5963495
explore,1,original,F8,retained,2,0,0.16479027099558152,13cae87e6a0f75a13f3e9a7881b33c42ab77680f6d13e99dcc00fa2de5963495
explore,1,original,F16,retained,2,1,0.1632220080064144,13cae87e6a0f75a13f3e9a7881b33c42ab77680f6d13e99dcc00fa2de5963495
explore,1,k64,F16,warmup,0,0,0.16082945599919185,4863a23e3edeb18d5e72d89fb0e25c0dbaea17762bbc98a7159803be72407a80
explore,1,k64,F8,warmup,0,1,0.15583637899544556,4863a23e3edeb18d5e72d89fb0e25c0dbaea17762bbc98a7159803be72407a80
explore,1,k64,F16,retained,0,0,0.15773405200161505,4863a23e3edeb18d5e72d89fb0e25c0dbaea17762bbc98a7159803be72407a80
explore,1,k64,F8,retained,0,1,0.1558086699951673,4863a23e3edeb18d5e72d89fb0e25c0dbaea17762bbc98a7159803be72407a80
explore,1,k64,F8,retained,1,0,0.15819969298900105,4863a23e3edeb18d5e72d89fb0e25c0dbaea17762bbc98a7159803be72407a80
explore,1,k64,F16,retained,1,1,0.15971115200954955,4863a23e3edeb18d5e72d89fb0e25c0dbaea17762bbc98a7159803be72407a80
explore,1,k64,F16,retained,2,0,0.15775987500092015,4863a23e3edeb18d5e72d89fb0e25c0dbaea17762bbc98a7159803be72407a80
explore,1,k64,F8,retained,2,1,0.1559402470011264,4863a23e3edeb18d5e72d89fb0e25c0dbaea17762bbc98a7159803be72407a80
explore,1,k16,F8,warmup,0,0,0.08103546900383662,b65ded9f0b0892bf0c056a679273dea504eaa5f2bee6f1b960c8de2d1248aa85
explore,1,k16,F16,warmup,0,1,0.07754565299546812,b65ded9f0b0892bf0c056a679273dea504eaa5f2bee6f1b960c8de2d1248aa85
explore,1,k16,F8,retained,0,0,0.07045485399430618,b65ded9f0b0892bf0c056a679273dea504eaa5f2bee6f1b960c8de2d1248aa85
explore,1,k16,F16,retained,0,1,0.07498244299495127,b65ded9f0b0892bf0c056a679273dea504eaa5f2bee6f1b960c8de2d1248aa85
explore,1,k16,F16,retained,1,0,0.07453259199974127,b65ded9f0b0892bf0c056a679273dea504eaa5f2bee6f1b960c8de2d1248aa85
explore,1,k16,F8,retained,1,1,0.07024702099442948,b65ded9f0b0892bf0c056a679273dea504eaa5f2bee6f1b960c8de2d1248aa85
explore,1,k16,F8,retained,2,0,0.07011541801330168,b65ded9f0b0892bf0c056a679273dea504eaa5f2bee6f1b960c8de2d1248aa85
explore,1,k16,F16,retained,2,1,0.07485887600341812,b65ded9f0b0892bf0c056a679273dea504eaa5f2bee6f1b960c8de2d1248aa85
primary,0,k4,F8,warmup,0,0,0.08556273000431247,0b1503dbe8814b114412ba0d04f6d10d958ae15ab7817d3a8dab4413f8f7579a
primary,0,k4,F16,warmup,0,1,0.49005505799141247,0b1503dbe8814b114412ba0d04f6d10d958ae15ab7817d3a8dab4413f8f7579a
primary,0,k4,F16,warmup,1,0,0.06212537099781912,0b1503dbe8814b114412ba0d04f6d10d958ae15ab7817d3a8dab4413f8f7579a
primary,0,k4,F8,warmup,1,1,0.05419336599879898,0b1503dbe8814b114412ba0d04f6d10d958ae15ab7817d3a8dab4413f8f7579a
primary,0,k4,F8,retained,0,0,0.05379843899572734,0b1503dbe8814b114412ba0d04f6d10d958ae15ab7817d3a8dab4413f8f7579a
primary,0,k4,F16,retained,0,1,0.05836752000323031,0b1503dbe8814b114412ba0d04f6d10d958ae15ab7817d3a8dab4413f8f7579a
primary,0,k4,F16,retained,1,0,0.058570330002112314,0b1503dbe8814b114412ba0d04f6d10d958ae15ab7817d3a8dab4413f8f7579a
primary,0,k4,F8,retained,1,1,0.05353436998848338,0b1503dbe8814b114412ba0d04f6d10d958ae15ab7817d3a8dab4413f8f7579a
primary,0,k4,F8,retained,2,0,0.05351411701121833,0b1503dbe8814b114412ba0d04f6d10d958ae15ab7817d3a8dab4413f8f7579a
primary,0,k4,F16,retained,2,1,0.05824343599670101,0b1503dbe8814b114412ba0d04f6d10d958ae15ab7817d3a8dab4413f8f7579a
primary,0,k4,F16,retained,3,0,0.05910357199900318,0b1503dbe8814b114412ba0d04f6d10d958ae15ab7817d3a8dab4413f8f7579a
primary,0,k4,F8,retained,3,1,0.05356940299679991,0b1503dbe8814b114412ba0d04f6d10d958ae15ab7817d3a8dab4413f8f7579a
primary,0,k4,F8,retained,4,0,0.05365349100611638,0b1503dbe8814b114412ba0d04f6d10d958ae15ab7817d3a8dab4413f8f7579a
primary,0,k4,F16,retained,4,1,0.05819278198760003,0b1503dbe8814b114412ba0d04f6d10d958ae15ab7817d3a8dab4413f8f7579a
primary,0,k4,F16,retained,5,0,0.058312459994340315,0b1503dbe8814b114412ba0d04f6d10d958ae15ab7817d3a8dab4413f8f7579a
primary,0,k4,F8,retained,5,1,0.053651367998099886,0b1503dbe8814b114412ba0d04f6d10d958ae15ab7817d3a8dab4413f8f7579a
primary,0,k16,F16,warmup,0,0,0.0836841540003661,b65ded9f0b0892bf0c056a679273dea504eaa5f2bee6f1b960c8de2d1248aa85
primary,0,k16,F8,warmup,0,1,0.07011710999358911,b65ded9f0b0892bf0c056a679273dea504eaa5f2bee6f1b960c8de2d1248aa85
primary,0,k16,F8,warmup,1,0,0.06990854800096713,b65ded9f0b0892bf0c056a679273dea504eaa5f2bee6f1b960c8de2d1248aa85
primary,0,k16,F16,warmup,1,1,0.07462792900332715,b65ded9f0b0892bf0c056a679273dea504eaa5f2bee6f1b960c8de2d1248aa85
primary,0,k16,F16,retained,0,0,0.07415954199677799,b65ded9f0b0892bf0c056a679273dea504eaa5f2bee6f1b960c8de2d1248aa85
primary,0,k16,F8,retained,0,1,0.06956196299870498,b65ded9f0b0892bf0c056a679273dea504eaa5f2bee6f1b960c8de2d1248aa85
primary,0,k16,F8,retained,1,0,0.06957735000469256,b65ded9f0b0892bf0c056a679273dea504eaa5f2bee6f1b960c8de2d1248aa85
primary,0,k16,F16,retained,1,1,0.07411292799224611,b65ded9f0b0892bf0c056a679273dea504eaa5f2bee6f1b960c8de2d1248aa85
primary,0,k16,F16,retained,2,0,0.07419404199754354,b65ded9f0b0892bf0c056a679273dea504eaa5f2bee6f1b960c8de2d1248aa85
primary,0,k16,F8,retained,2,1,0.06955776899121702,b65ded9f0b0892bf0c056a679273dea504eaa5f2bee6f1b960c8de2d1248aa85
primary,0,k16,F8,retained,3,0,0.06954837500234134,b65ded9f0b0892bf0c056a679273dea504eaa5f2bee6f1b960c8de2d1248aa85
primary,0,k16,F16,retained,3,1,0.07418755299295299,b65ded9f0b0892bf0c056a679273dea504eaa5f2bee6f1b960c8de2d1248aa85
primary,0,k16,F16,retained,4,0,0.07418205800058786,b65ded9f0b0892bf0c056a679273dea504eaa5f2bee6f1b960c8de2d1248aa85
primary,0,k16,F8,retained,4,1,0.06967636400077026,b65ded9f0b0892bf0c056a679273dea504eaa5f2bee6f1b960c8de2d1248aa85
primary,0,k16,F8,retained,5,0,0.06959660699067172,b65ded9f0b0892bf0c056a679273dea504eaa5f2bee6f1b960c8de2d1248aa85
primary,0,k16,F16,retained,5,1,0.07431399601045996,b65ded9f0b0892bf0c056a679273dea504eaa5f2bee6f1b960c8de2d1248aa85
primary,0,k64,F8,warmup,0,0,0.14895751400035806,4863a23e3edeb18d5e72d89fb0e25c0dbaea17762bbc98a7159803be72407a80
primary,0,k64,F16,warmup,0,1,0.16034891399613116,4863a23e3edeb18d5e72d89fb0e25c0dbaea17762bbc98a7159803be72407a80
primary,0,k64,F16,warmup,1,0,0.16057946800719947,4863a23e3edeb18d5e72d89fb0e25c0dbaea17762bbc98a7159803be72407a80
primary,0,k64,F8,warmup,1,1,0.1569562390068313,4863a23e3edeb18d5e72d89fb0e25c0dbaea17762bbc98a7159803be72407a80
primary,0,k64,F8,retained,0,0,0.15541550300258677,4863a23e3edeb18d5e72d89fb0e25c0dbaea17762bbc98a7159803be72407a80
primary,0,k64,F16,retained,0,1,0.15943992498796433,4863a23e3edeb18d5e72d89fb0e25c0dbaea17762bbc98a7159803be72407a80
primary,0,k64,F16,retained,1,0,0.15917435099254362,4863a23e3edeb18d5e72d89fb0e25c0dbaea17762bbc98a7159803be72407a80
primary,0,k64,F8,retained,1,1,0.15683345300203655,4863a23e3edeb18d5e72d89fb0e25c0dbaea17762bbc98a7159803be72407a80
primary,0,k64,F8,retained,2,0,0.1560085329983849,4863a23e3edeb18d5e72d89fb0e25c0dbaea17762bbc98a7159803be72407a80
primary,0,k64,F16,retained,2,1,0.15930034600023646,4863a23e3edeb18d5e72d89fb0e25c0dbaea17762bbc98a7159803be72407a80
primary,0,k64,F16,retained,3,0,0.15970001900859643,4863a23e3edeb18d5e72d89fb0e25c0dbaea17762bbc98a7159803be72407a80
primary,0,k64,F8,retained,3,1,0.1578525160002755,4863a23e3edeb18d5e72d89fb0e25c0dbaea17762bbc98a7159803be72407a80
primary,0,k64,F8,retained,4,0,0.1564758409949718,4863a23e3edeb18d5e72d89fb0e25c0dbaea17762bbc98a7159803be72407a80
primary,0,k64,F16,retained,4,1,0.1596746040013386,4863a23e3edeb18d5e72d89fb0e25c0dbaea17762bbc98a7159803be72407a80
primary,0,k64,F16,retained,5,0,0.15914875999442302,4863a23e3edeb18d5e72d89fb0e25c0dbaea17762bbc98a7159803be72407a80
primary,0,k64,F8,retained,5,1,0.15757627099810634,4863a23e3edeb18d5e72d89fb0e25c0dbaea17762bbc98a7159803be72407a80
primary,0,original,F16,warmup,0,0,0.16380783999920823,13cae87e6a0f75a13f3e9a7881b33c42ab77680f6d13e99dcc00fa2de5963495
primary,0,original,F8,warmup,0,1,0.1581628090061713,13cae87e6a0f75a13f3e9a7881b33c42ab77680f6d13e99dcc00fa2de5963495
primary,0,original,F8,warmup,1,0,0.15832890498859342,13cae87e6a0f75a13f3e9a7881b33c42ab77680f6d13e99dcc00fa2de5963495
primary,0,original,F16,warmup,1,1,0.16059599799336866,13cae87e6a0f75a13f3e9a7881b33c42ab77680f6d13e99dcc00fa2de5963495
primary,0,original,F16,retained,0,0,0.1610042280080961,13cae87e6a0f75a13f3e9a7881b33c42ab77680f6d13e99dcc00fa2de5963495
primary,0,original,F8,retained,0,1,0.15834274899680167,13cae87e6a0f75a13f3e9a7881b33c42ab77680f6d13e99dcc00fa2de5963495
primary,0,original,F8,retained,1,0,0.15857153199613094,13cae87e6a0f75a13f3e9a7881b33c42ab77680f6d13e99dcc00fa2de5963495
primary,0,original,F16,retained,1,1,0.16017493199615274,13cae87e6a0f75a13f3e9a7881b33c42ab77680f6d13e99dcc00fa2de5963495
primary,0,original,F16,retained,2,0,0.1605945810006233,13cae87e6a0f75a13f3e9a7881b33c42ab77680f6d13e99dcc00fa2de5963495
primary,0,original,F8,retained,2,1,0.15786798199405894,13cae87e6a0f75a13f3e9a7881b33c42ab77680f6d13e99dcc00fa2de5963495
primary,0,original,F8,retained,3,0,0.15809886998613365,13cae87e6a0f75a13f3e9a7881b33c42ab77680f6d13e99dcc00fa2de5963495
primary,0,original,F16,retained,3,1,0.1603154269978404,13cae87e6a0f75a13f3e9a7881b33c42ab77680f6d13e99dcc00fa2de5963495
primary,0,original,F16,retained,4,0,0.16036861800239421,13cae87e6a0f75a13f3e9a7881b33c42ab77680f6d13e99dcc00fa2de5963495
primary,0,original,F8,retained,4,1,0.15867670300940517,13cae87e6a0f75a13f3e9a7881b33c42ab77680f6d13e99dcc00fa2de5963495
primary,0,original,F8,retained,5,0,0.15845616300066467,13cae87e6a0f75a13f3e9a7881b33c42ab77680f6d13e99dcc00fa2de5963495
primary,0,original,F16,retained,5,1,0.16088775100070052,13cae87e6a0f75a13f3e9a7881b33c42ab77680f6d13e99dcc00fa2de5963495
primary,0,k256,F8,warmup,0,0,0.5686923039902467,49160b0fece513842a1194c0aaca5b2d06de6de417533c401ac0c383b2e70611
primary,0,k256,F16,warmup,0,1,0.5612216570007149,49160b0fece513842a1194c0aaca5b2d06de6de417533c401ac0c383b2e70611
primary,0,k256,F16,warmup,1,0,0.5618598009896232,49160b0fece513842a1194c0aaca5b2d06de6de417533c401ac0c383b2e70611
primary,0,k256,F8,warmup,1,1,0.5680560239998158,49160b0fece513842a1194c0aaca5b2d06de6de417533c401ac0c383b2e70611
primary,0,k256,F8,retained,0,0,0.5652507339982549,49160b0fece513842a1194c0aaca5b2d06de6de417533c401ac0c383b2e70611
primary,0,k256,F16,retained,0,1,0.5594208940019598,49160b0fece513842a1194c0aaca5b2d06de6de417533c401ac0c383b2e70611
primary,0,k256,F16,retained,1,0,0.5612052819924429,49160b0fece513842a1194c0aaca5b2d06de6de417533c401ac0c383b2e70611
primary,0,k256,F8,retained,1,1,0.5664078020054149,49160b0fece513842a1194c0aaca5b2d06de6de417533c401ac0c383b2e70611
primary,0,k256,F8,retained,2,0,0.5652291449951008,49160b0fece513842a1194c0aaca5b2d06de6de417533c401ac0c383b2e70611
primary,0,k256,F16,retained,2,1,0.5610225930140587,49160b0fece513842a1194c0aaca5b2d06de6de417533c401ac0c383b2e70611
primary,0,k256,F16,retained,3,0,0.5603372630139347,49160b0fece513842a1194c0aaca5b2d06de6de417533c401ac0c383b2e70611
primary,0,k256,F8,retained,3,1,0.5655042410071474,49160b0fece513842a1194c0aaca5b2d06de6de417533c401ac0c383b2e70611
primary,0,k256,F8,retained,4,0,0.5654712440009462,49160b0fece513842a1194c0aaca5b2d06de6de417533c401ac0c383b2e70611
primary,0,k256,F16,retained,4,1,0.5602646199986339,49160b0fece513842a1194c0aaca5b2d06de6de417533c401ac0c383b2e70611
primary,0,k256,F16,retained,5,0,0.5597552520048339,49160b0fece513842a1194c0aaca5b2d06de6de417533c401ac0c383b2e70611
primary,0,k256,F8,retained,5,1,0.5678011939889984,49160b0fece513842a1194c0aaca5b2d06de6de417533c401ac0c383b2e70611
primary,0,k1024,F16,warmup,0,0,2.29352741499315,1aa5d88ffa1f87e75ad08af781637cb073d2c862378f6b4dcf84f2a56c3d6fe3
primary,0,k1024,F8,warmup,0,1,2.316420864997781,1aa5d88ffa1f87e75ad08af781637cb073d2c862378f6b4dcf84f2a56c3d6fe3
primary,0,k1024,F8,warmup,1,0,2.3159874199918704,1aa5d88ffa1f87e75ad08af781637cb073d2c862378f6b4dcf84f2a56c3d6fe3
primary,0,k1024,F16,warmup,1,1,2.2849951590033015,1aa5d88ffa1f87e75ad08af781637cb073d2c862378f6b4dcf84f2a56c3d6fe3
primary,0,k1024,F16,retained,0,0,2.2797817579994444,1aa5d88ffa1f87e75ad08af781637cb073d2c862378f6b4dcf84f2a56c3d6fe3
primary,0,k1024,F8,retained,0,1,2.313494746995275,1aa5d88ffa1f87e75ad08af781637cb073d2c862378f6b4dcf84f2a56c3d6fe3
primary,0,k1024,F8,retained,1,0,2.3157364660000894,1aa5d88ffa1f87e75ad08af781637cb073d2c862378f6b4dcf84f2a56c3d6fe3
primary,0,k1024,F16,retained,1,1,2.2835441670031287,1aa5d88ffa1f87e75ad08af781637cb073d2c862378f6b4dcf84f2a56c3d6fe3
primary,0,k1024,F16,retained,2,0,2.282863706990611,1aa5d88ffa1f87e75ad08af781637cb073d2c862378f6b4dcf84f2a56c3d6fe3
primary,0,k1024,F8,retained,2,1,2.3168296170042595,1aa5d88ffa1f87e75ad08af781637cb073d2c862378f6b4dcf84f2a56c3d6fe3
primary,0,k1024,F8,retained,3,0,2.313191042005201,1aa5d88ffa1f87e75ad08af781637cb073d2c862378f6b4dcf84f2a56c3d6fe3
primary,0,k1024,F16,retained,3,1,2.289170327989268,1aa5d88ffa1f87e75ad08af781637cb073d2c862378f6b4dcf84f2a56c3d6fe3
primary,0,k1024,F16,retained,4,0,2.2822633720061276,1aa5d88ffa1f87e75ad08af781637cb073d2c862378f6b4dcf84f2a56c3d6fe3
primary,0,k1024,F8,retained,4,1,2.319599902999471,1aa5d88ffa1f87e75ad08af781637cb073d2c862378f6b4dcf84f2a56c3d6fe3
primary,0,k1024,F8,retained,5,0,2.3157873890013434,1aa5d88ffa1f87e75ad08af781637cb073d2c862378f6b4dcf84f2a56c3d6fe3
primary,0,k1024,F16,retained,5,1,2.2847485919919563,1aa5d88ffa1f87e75ad08af781637cb073d2c862378f6b4dcf84f2a56c3d6fe3
primary,1,k4,F16,warmup,0,0,0.5072316580044571,0b1503dbe8814b114412ba0d04f6d10d958ae15ab7817d3a8dab4413f8f7579a
primary,1,k4,F8,warmup,0,1,0.06838806399900932,0b1503dbe8814b114412ba0d04f6d10d958ae15ab7817d3a8dab4413f8f7579a
primary,1,k4,F8,warmup,1,0,0.05493168700195383,0b1503dbe8814b114412ba0d04f6d10d958ae15ab7817d3a8dab4413f8f7579a
primary,1,k4,F16,warmup,1,1,0.06166650299564935,0b1503dbe8814b114412ba0d04f6d10d958ae15ab7817d3a8dab4413f8f7579a
primary,1,k4,F16,retained,0,0,0.059675473006791435,0b1503dbe8814b114412ba0d04f6d10d958ae15ab7817d3a8dab4413f8f7579a
primary,1,k4,F8,retained,0,1,0.05486069399921689,0b1503dbe8814b114412ba0d04f6d10d958ae15ab7817d3a8dab4413f8f7579a
primary,1,k4,F8,retained,1,0,0.05471457100065891,0b1503dbe8814b114412ba0d04f6d10d958ae15ab7817d3a8dab4413f8f7579a
primary,1,k4,F16,retained,1,1,0.05976621899753809,0b1503dbe8814b114412ba0d04f6d10d958ae15ab7817d3a8dab4413f8f7579a
primary,1,k4,F16,retained,2,0,0.05940802000986878,0b1503dbe8814b114412ba0d04f6d10d958ae15ab7817d3a8dab4413f8f7579a
primary,1,k4,F8,retained,2,1,0.05562542998814024,0b1503dbe8814b114412ba0d04f6d10d958ae15ab7817d3a8dab4413f8f7579a
primary,1,k4,F8,retained,3,0,0.055130232009105384,0b1503dbe8814b114412ba0d04f6d10d958ae15ab7817d3a8dab4413f8f7579a
primary,1,k4,F16,retained,3,1,0.05966386600630358,0b1503dbe8814b114412ba0d04f6d10d958ae15ab7817d3a8dab4413f8f7579a
primary,1,k4,F16,retained,4,0,0.05949879599211272,0b1503dbe8814b114412ba0d04f6d10d958ae15ab7817d3a8dab4413f8f7579a
primary,1,k4,F8,retained,4,1,0.05471879299147986,0b1503dbe8814b114412ba0d04f6d10d958ae15ab7817d3a8dab4413f8f7579a
primary,1,k4,F8,retained,5,0,0.0544658260041615,0b1503dbe8814b114412ba0d04f6d10d958ae15ab7817d3a8dab4413f8f7579a
primary,1,k4,F16,retained,5,1,0.05944066200754605,0b1503dbe8814b114412ba0d04f6d10d958ae15ab7817d3a8dab4413f8f7579a
primary,1,k1024,F8,warmup,0,0,2.33369269099785,1aa5d88ffa1f87e75ad08af781637cb073d2c862378f6b4dcf84f2a56c3d6fe3
primary,1,k1024,F16,warmup,0,1,2.296216104994528,1aa5d88ffa1f87e75ad08af781637cb073d2c862378f6b4dcf84f2a56c3d6fe3
primary,1,k1024,F16,warmup,1,0,2.2915424130042084,1aa5d88ffa1f87e75ad08af781637cb073d2c862378f6b4dcf84f2a56c3d6fe3
primary,1,k1024,F8,warmup,1,1,2.320823214002303,1aa5d88ffa1f87e75ad08af781637cb073d2c862378f6b4dcf84f2a56c3d6fe3
primary,1,k1024,F8,retained,0,0,2.3240132799983257,1aa5d88ffa1f87e75ad08af781637cb073d2c862378f6b4dcf84f2a56c3d6fe3
primary,1,k1024,F16,retained,0,1,2.291191867989255,1aa5d88ffa1f87e75ad08af781637cb073d2c862378f6b4dcf84f2a56c3d6fe3
primary,1,k1024,F16,retained,1,0,2.2917791130021214,1aa5d88ffa1f87e75ad08af781637cb073d2c862378f6b4dcf84f2a56c3d6fe3
primary,1,k1024,F8,retained,1,1,2.320874515004107,1aa5d88ffa1f87e75ad08af781637cb073d2c862378f6b4dcf84f2a56c3d6fe3
primary,1,k1024,F8,retained,2,0,2.326518658999703,1aa5d88ffa1f87e75ad08af781637cb073d2c862378f6b4dcf84f2a56c3d6fe3
primary,1,k1024,F16,retained,2,1,2.294385663990397,1aa5d88ffa1f87e75ad08af781637cb073d2c862378f6b4dcf84f2a56c3d6fe3
primary,1,k1024,F16,retained,3,0,2.2898563609924167,1aa5d88ffa1f87e75ad08af781637cb073d2c862378f6b4dcf84f2a56c3d6fe3
primary,1,k1024,F8,retained,3,1,2.3223669650033116,1aa5d88ffa1f87e75ad08af781637cb073d2c862378f6b4dcf84f2a56c3d6fe3
primary,1,k1024,F8,retained,4,0,2.324298599996837,1aa5d88ffa1f87e75ad08af781637cb073d2c862378f6b4dcf84f2a56c3d6fe3
primary,1,k1024,F16,retained,4,1,2.2914224410051247,1aa5d88ffa1f87e75ad08af781637cb073d2c862378f6b4dcf84f2a56c3d6fe3
primary,1,k1024,F16,retained,5,0,2.2884243599983165,1aa5d88ffa1f87e75ad08af781637cb073d2c862378f6b4dcf84f2a56c3d6fe3
primary,1,k1024,F8,retained,5,1,2.3265223110065563,1aa5d88ffa1f87e75ad08af781637cb073d2c862378f6b4dcf84f2a56c3d6fe3
primary,1,k256,F16,warmup,0,0,0.5590742399945157,49160b0fece513842a1194c0aaca5b2d06de6de417533c401ac0c383b2e70611
primary,1,k256,F8,warmup,0,1,0.5659866739879362,49160b0fece513842a1194c0aaca5b2d06de6de417533c401ac0c383b2e70611
primary,1,k256,F8,warmup,1,0,0.567698783997912,49160b0fece513842a1194c0aaca5b2d06de6de417533c401ac0c383b2e70611
primary,1,k256,F16,warmup,1,1,0.5596217010024702,49160b0fece513842a1194c0aaca5b2d06de6de417533c401ac0c383b2e70611
primary,1,k256,F16,retained,0,0,0.5593138129916042,49160b0fece513842a1194c0aaca5b2d06de6de417533c401ac0c383b2e70611
primary,1,k256,F8,retained,0,1,0.5642948809982045,49160b0fece513842a1194c0aaca5b2d06de6de417533c401ac0c383b2e70611
primary,1,k256,F8,retained,1,0,0.5630758299957961,49160b0fece513842a1194c0aaca5b2d06de6de417533c401ac0c383b2e70611
primary,1,k256,F16,retained,1,1,0.5596075409994228,49160b0fece513842a1194c0aaca5b2d06de6de417533c401ac0c383b2e70611
primary,1,k256,F16,retained,2,0,0.5586067090043798,49160b0fece513842a1194c0aaca5b2d06de6de417533c401ac0c383b2e70611
primary,1,k256,F8,retained,2,1,0.5626443590008421,49160b0fece513842a1194c0aaca5b2d06de6de417533c401ac0c383b2e70611
primary,1,k256,F8,retained,3,0,0.5652950849907938,49160b0fece513842a1194c0aaca5b2d06de6de417533c401ac0c383b2e70611
primary,1,k256,F16,retained,3,1,0.5600211849960033,49160b0fece513842a1194c0aaca5b2d06de6de417533c401ac0c383b2e70611
primary,1,k256,F16,retained,4,0,0.5608019289938966,49160b0fece513842a1194c0aaca5b2d06de6de417533c401ac0c383b2e70611
primary,1,k256,F8,retained,4,1,0.5660576179943746,49160b0fece513842a1194c0aaca5b2d06de6de417533c401ac0c383b2e70611
primary,1,k256,F8,retained,5,0,0.5638761589943897,49160b0fece513842a1194c0aaca5b2d06de6de417533c401ac0c383b2e70611
primary,1,k256,F16,retained,5,1,0.5598371069936547,49160b0fece513842a1194c0aaca5b2d06de6de417533c401ac0c383b2e70611
primary,1,original,F8,warmup,0,0,0.1574945519969333,13cae87e6a0f75a13f3e9a7881b33c42ab77680f6d13e99dcc00fa2de5963495
primary,1,original,F16,warmup,0,1,0.165678837991436,13cae87e6a0f75a13f3e9a7881b33c42ab77680f6d13e99dcc00fa2de5963495
primary,1,original,F16,warmup,1,0,0.1623809200100368,13cae87e6a0f75a13f3e9a7881b33c42ab77680f6d13e99dcc00fa2de5963495
primary,1,original,F8,warmup,1,1,0.15929248998872936,13cae87e6a0f75a13f3e9a7881b33c42ab77680f6d13e99dcc00fa2de5963495
primary,1,original,F8,retained,0,0,0.16144519999215845,13cae87e6a0f75a13f3e9a7881b33c42ab77680f6d13e99dcc00fa2de5963495
primary,1,original,F16,retained,0,1,0.16224589599005412,13cae87e6a0f75a13f3e9a7881b33c42ab77680f6d13e99dcc00fa2de5963495
primary,1,original,F16,retained,1,0,0.16033991301083006,13cae87e6a0f75a13f3e9a7881b33c42ab77680f6d13e99dcc00fa2de5963495
primary,1,original,F8,retained,1,1,0.16000626599998213,13cae87e6a0f75a13f3e9a7881b33c42ab77680f6d13e99dcc00fa2de5963495
primary,1,original,F8,retained,2,0,0.15889437799341977,13cae87e6a0f75a13f3e9a7881b33c42ab77680f6d13e99dcc00fa2de5963495
primary,1,original,F16,retained,2,1,0.1620827000006102,13cae87e6a0f75a13f3e9a7881b33c42ab77680f6d13e99dcc00fa2de5963495
primary,1,original,F16,retained,3,0,0.16212050500325859,13cae87e6a0f75a13f3e9a7881b33c42ab77680f6d13e99dcc00fa2de5963495
primary,1,original,F8,retained,3,1,0.16061659499246161,13cae87e6a0f75a13f3e9a7881b33c42ab77680f6d13e99dcc00fa2de5963495
primary,1,original,F8,retained,4,0,0.15970746999664698,13cae87e6a0f75a13f3e9a7881b33c42ab77680f6d13e99dcc00fa2de5963495
primary,1,original,F16,retained,4,1,0.1616111799958162,13cae87e6a0f75a13f3e9a7881b33c42ab77680f6d13e99dcc00fa2de5963495
primary,1,original,F16,retained,5,0,0.1629845400020713,13cae87e6a0f75a13f3e9a7881b33c42ab77680f6d13e99dcc00fa2de5963495
primary,1,original,F8,retained,5,1,0.1601270320097683,13cae87e6a0f75a13f3e9a7881b33c42ab77680f6d13e99dcc00fa2de5963495
primary,1,k64,F16,warmup,0,0,0.16159196400258224,4863a23e3edeb18d5e72d89fb0e25c0dbaea17762bbc98a7159803be72407a80
primary,1,k64,F8,warmup,0,1,0.1566905429936014,4863a23e3edeb18d5e72d89fb0e25c0dbaea17762bbc98a7159803be72407a80
primary,1,k64,F8,warmup,1,0,0.1576398899924243,4863a23e3edeb18d5e72d89fb0e25c0dbaea17762bbc98a7159803be72407a80
primary,1,k64,F16,warmup,1,1,0.16017322101106402,4863a23e3edeb18d5e72d89fb0e25c0dbaea17762bbc98a7159803be72407a80
primary,1,k64,F16,retained,0,0,0.15956821500731166,4863a23e3edeb18d5e72d89fb0e25c0dbaea17762bbc98a7159803be72407a80
primary,1,k64,F8,retained,0,1,0.1566223639965756,4863a23e3edeb18d5e72d89fb0e25c0dbaea17762bbc98a7159803be72407a80
primary,1,k64,F8,retained,1,0,0.15861023099569138,4863a23e3edeb18d5e72d89fb0e25c0dbaea17762bbc98a7159803be72407a80
primary,1,k64,F16,retained,1,1,0.15873921199818142,4863a23e3edeb18d5e72d89fb0e25c0dbaea17762bbc98a7159803be72407a80
primary,1,k64,F16,retained,2,0,0.1592270399996778,4863a23e3edeb18d5e72d89fb0e25c0dbaea17762bbc98a7159803be72407a80
primary,1,k64,F8,retained,2,1,0.15724168300221208,4863a23e3edeb18d5e72d89fb0e25c0dbaea17762bbc98a7159803be72407a80
primary,1,k64,F8,retained,3,0,0.15758702300081495,4863a23e3edeb18d5e72d89fb0e25c0dbaea17762bbc98a7159803be72407a80
primary,1,k64,F16,retained,3,1,0.15908875099557918,4863a23e3edeb18d5e72d89fb0e25c0dbaea17762bbc98a7159803be72407a80
primary,1,k64,F16,retained,4,0,0.1593167710088892,4863a23e3edeb18d5e72d89fb0e25c0dbaea17762bbc98a7159803be72407a80
primary,1,k64,F8,retained,4,1,0.15657420799834654,4863a23e3edeb18d5e72d89fb0e25c0dbaea17762bbc98a7159803be72407a80
primary,1,k64,F8,retained,5,0,0.1569186939887004,4863a23e3edeb18d5e72d89fb0e25c0dbaea17762bbc98a7159803be72407a80
primary,1,k64,F16,retained,5,1,0.15940796199720353,4863a23e3edeb18d5e72d89fb0e25c0dbaea17762bbc98a7159803be72407a80
primary,1,k16,F8,warmup,0,0,0.08138654699723702,b65ded9f0b0892bf0c056a679273dea504eaa5f2bee6f1b960c8de2d1248aa85
primary,1,k16,F16,warmup,0,1,0.07843064100597985,b65ded9f0b0892bf0c056a679273dea504eaa5f2bee6f1b960c8de2d1248aa85
primary,1,k16,F16,warmup,1,0,0.07656758801022079,b65ded9f0b0892bf0c056a679273dea504eaa5f2bee6f1b960c8de2d1248aa85
primary,1,k16,F8,warmup,1,1,0.07187152300321031,b65ded9f0b0892bf0c056a679273dea504eaa5f2bee6f1b960c8de2d1248aa85
primary,1,k16,F8,retained,0,0,0.0715199159894837,b65ded9f0b0892bf0c056a679273dea504eaa5f2bee6f1b960c8de2d1248aa85
primary,1,k16,F16,retained,0,1,0.07549114800349344,b65ded9f0b0892bf0c056a679273dea504eaa5f2bee6f1b960c8de2d1248aa85
primary,1,k16,F16,retained,1,0,0.07538818899774924,b65ded9f0b0892bf0c056a679273dea504eaa5f2bee6f1b960c8de2d1248aa85
primary,1,k16,F8,retained,1,1,0.07080879699788056,b65ded9f0b0892bf0c056a679273dea504eaa5f2bee6f1b960c8de2d1248aa85
primary,1,k16,F8,retained,2,0,0.0708818830025848,b65ded9f0b0892bf0c056a679273dea504eaa5f2bee6f1b960c8de2d1248aa85
primary,1,k16,F16,retained,2,1,0.07553301399457268,b65ded9f0b0892bf0c056a679273dea504eaa5f2bee6f1b960c8de2d1248aa85
primary,1,k16,F16,retained,3,0,0.07542492699576542,b65ded9f0b0892bf0c056a679273dea504eaa5f2bee6f1b960c8de2d1248aa85
primary,1,k16,F8,retained,3,1,0.07091892500466201,b65ded9f0b0892bf0c056a679273dea504eaa5f2bee6f1b960c8de2d1248aa85
primary,1,k16,F8,retained,4,0,0.07092682000075001,b65ded9f0b0892bf0c056a679273dea504eaa5f2bee6f1b960c8de2d1248aa85
primary,1,k16,F16,retained,4,1,0.07532184600131586,b65ded9f0b0892bf0c056a679273dea504eaa5f2bee6f1b960c8de2d1248aa85
primary,1,k16,F16,retained,5,0,0.07526642300945241,b65ded9f0b0892bf0c056a679273dea504eaa5f2bee6f1b960c8de2d1248aa85
primary,1,k16,F8,retained,5,1,0.07063513599860016,b65ded9f0b0892bf0c056a679273dea504eaa5f2bee6f1b960c8de2d1248aa85
primary,2,k64,F8,warmup,0,0,0.1859471189964097,4863a23e3edeb18d5e72d89fb0e25c0dbaea17762bbc98a7159803be72407a80
primary,2,k64,F16,warmup,0,1,0.5968669099966064,4863a23e3edeb18d5e72d89fb0e25c0dbaea17762bbc98a7159803be72407a80
primary,2,k64,F16,warmup,1,0,0.15598017199954484,4863a23e3edeb18d5e72d89fb0e25c0dbaea17762bbc98a7159803be72407a80
primary,2,k64,F8,warmup,1,1,0.15376380601082928,4863a23e3edeb18d5e72d89fb0e25c0dbaea17762bbc98a7159803be72407a80
primary,2,k64,F8,retained,0,0,0.15340919900336303,4863a23e3edeb18d5e72d89fb0e25c0dbaea17762bbc98a7159803be72407a80
primary,2,k64,F16,retained,0,1,0.15594658099871594,4863a23e3edeb18d5e72d89fb0e25c0dbaea17762bbc98a7159803be72407a80
primary,2,k64,F16,retained,1,0,0.15610252899932675,4863a23e3edeb18d5e72d89fb0e25c0dbaea17762bbc98a7159803be72407a80
primary,2,k64,F8,retained,1,1,0.15325631300220266,4863a23e3edeb18d5e72d89fb0e25c0dbaea17762bbc98a7159803be72407a80
primary,2,k64,F8,retained,2,0,0.15574107501015533,4863a23e3edeb18d5e72d89fb0e25c0dbaea17762bbc98a7159803be72407a80
primary,2,k64,F16,retained,2,1,0.15794181400269736,4863a23e3edeb18d5e72d89fb0e25c0dbaea17762bbc98a7159803be72407a80
primary,2,k64,F16,retained,3,0,0.1556839900003979,4863a23e3edeb18d5e72d89fb0e25c0dbaea17762bbc98a7159803be72407a80
primary,2,k64,F8,retained,3,1,0.15334688998700585,4863a23e3edeb18d5e72d89fb0e25c0dbaea17762bbc98a7159803be72407a80
primary,2,k64,F8,retained,4,0,0.15301441500196233,4863a23e3edeb18d5e72d89fb0e25c0dbaea17762bbc98a7159803be72407a80
primary,2,k64,F16,retained,4,1,0.1562762789981207,4863a23e3edeb18d5e72d89fb0e25c0dbaea17762bbc98a7159803be72407a80
primary,2,k64,F16,retained,5,0,0.15577089200087357,4863a23e3edeb18d5e72d89fb0e25c0dbaea17762bbc98a7159803be72407a80
primary,2,k64,F8,retained,5,1,0.15347842901246622,4863a23e3edeb18d5e72d89fb0e25c0dbaea17762bbc98a7159803be72407a80
primary,2,original,F16,warmup,0,0,0.16119461800553836,13cae87e6a0f75a13f3e9a7881b33c42ab77680f6d13e99dcc00fa2de5963495
primary,2,original,F8,warmup,0,1,0.15581456199288368,13cae87e6a0f75a13f3e9a7881b33c42ab77680f6d13e99dcc00fa2de5963495
primary,2,original,F8,warmup,1,0,0.15541958699759562,13cae87e6a0f75a13f3e9a7881b33c42ab77680f6d13e99dcc00fa2de5963495
primary,2,original,F16,warmup,1,1,0.15799868499743752,13cae87e6a0f75a13f3e9a7881b33c42ab77680f6d13e99dcc00fa2de5963495
primary,2,original,F16,retained,0,0,0.1584843619930325,13cae87e6a0f75a13f3e9a7881b33c42ab77680f6d13e99dcc00fa2de5963495
primary,2,original,F8,retained,0,1,0.15589409400126897,13cae87e6a0f75a13f3e9a7881b33c42ab77680f6d13e99dcc00fa2de5963495
primary,2,original,F8,retained,1,0,0.15578280499903485,13cae87e6a0f75a13f3e9a7881b33c42ab77680f6d13e99dcc00fa2de5963495
primary,2,original,F16,retained,1,1,0.15793836800730787,13cae87e6a0f75a13f3e9a7881b33c42ab77680f6d13e99dcc00fa2de5963495
primary,2,original,F16,retained,2,0,0.15876987999945413,13cae87e6a0f75a13f3e9a7881b33c42ab77680f6d13e99dcc00fa2de5963495
primary,2,original,F8,retained,2,1,0.15629250700294506,13cae87e6a0f75a13f3e9a7881b33c42ab77680f6d13e99dcc00fa2de5963495
primary,2,original,F8,retained,3,0,0.15620549899176694,13cae87e6a0f75a13f3e9a7881b33c42ab77680f6d13e99dcc00fa2de5963495
primary,2,original,F16,retained,3,1,0.1584591840073699,13cae87e6a0f75a13f3e9a7881b33c42ab77680f6d13e99dcc00fa2de5963495
primary,2,original,F16,retained,4,0,0.15856949999579228,13cae87e6a0f75a13f3e9a7881b33c42ab77680f6d13e99dcc00fa2de5963495
primary,2,original,F8,retained,4,1,0.15587697499722708,13cae87e6a0f75a13f3e9a7881b33c42ab77680f6d13e99dcc00fa2de5963495
primary,2,original,F8,retained,5,0,0.15572262500063516,13cae87e6a0f75a13f3e9a7881b33c42ab77680f6d13e99dcc00fa2de5963495
primary,2,original,F16,retained,5,1,0.15852932501002215,13cae87e6a0f75a13f3e9a7881b33c42ab77680f6d13e99dcc00fa2de5963495
primary,2,k256,F8,warmup,0,0,0.5682431989989709,49160b0fece513842a1194c0aaca5b2d06de6de417533c401ac0c383b2e70611
primary,2,k256,F16,warmup,0,1,0.5604382500023348,49160b0fece513842a1194c0aaca5b2d06de6de417533c401ac0c383b2e70611
primary,2,k256,F16,warmup,1,0,0.5618839759990806,49160b0fece513842a1194c0aaca5b2d06de6de417533c401ac0c383b2e70611
primary,2,k256,F8,warmup,1,1,0.56540903300629,49160b0fece513842a1194c0aaca5b2d06de6de417533c401ac0c383b2e70611
primary,2,k256,F8,retained,0,0,0.566532892989926,49160b0fece513842a1194c0aaca5b2d06de6de417533c401ac0c383b2e70611
primary,2,k256,F16,retained,0,1,0.5625215460022446,49160b0fece513842a1194c0aaca5b2d06de6de417533c401ac0c383b2e70611
primary,2,k256,F16,retained,1,0,0.564627298997948,49160b0fece513842a1194c0aaca5b2d06de6de417533c401ac0c383b2e70611
primary,2,k256,F8,retained,1,1,0.5631652180018136,49160b0fece513842a1194c0aaca5b2d06de6de417533c401ac0c383b2e70611
primary,2,k256,F8,retained,2,0,0.5674009170033969,49160b0fece513842a1194c0aaca5b2d06de6de417533c401ac0c383b2e70611
primary,2,k256,F16,retained,2,1,0.5603870039922185,49160b0fece513842a1194c0aaca5b2d06de6de417533c401ac0c383b2e70611
primary,2,k256,F16,retained,3,0,0.5601214519992936,49160b0fece513842a1194c0aaca5b2d06de6de417533c401ac0c383b2e70611
primary,2,k256,F8,retained,3,1,0.5640680950018577,49160b0fece513842a1194c0aaca5b2d06de6de417533c401ac0c383b2e70611
primary,2,k256,F8,retained,4,0,0.5639989579940448,49160b0fece513842a1194c0aaca5b2d06de6de417533c401ac0c383b2e70611
primary,2,k256,F16,retained,4,1,0.5616826820041751,49160b0fece513842a1194c0aaca5b2d06de6de417533c401ac0c383b2e70611
primary,2,k256,F16,retained,5,0,0.5607656840002164,49160b0fece513842a1194c0aaca5b2d06de6de417533c401ac0c383b2e70611
primary,2,k256,F8,retained,5,1,0.5641672360070515,49160b0fece513842a1194c0aaca5b2d06de6de417533c401ac0c383b2e70611
primary,2,k1024,F16,warmup,0,0,2.2911510560079478,1aa5d88ffa1f87e75ad08af781637cb073d2c862378f6b4dcf84f2a56c3d6fe3
primary,2,k1024,F8,warmup,0,1,2.3164574789989274,1aa5d88ffa1f87e75ad08af781637cb073d2c862378f6b4dcf84f2a56c3d6fe3
primary,2,k1024,F8,warmup,1,0,2.3171289570018416,1aa5d88ffa1f87e75ad08af781637cb073d2c862378f6b4dcf84f2a56c3d6fe3
primary,2,k1024,F16,warmup,1,1,2.285101281988318,1aa5d88ffa1f87e75ad08af781637cb073d2c862378f6b4dcf84f2a56c3d6fe3
primary,2,k1024,F16,retained,0,0,2.2824880789994495,1aa5d88ffa1f87e75ad08af781637cb073d2c862378f6b4dcf84f2a56c3d6fe3
primary,2,k1024,F8,retained,0,1,2.3187625930004288,1aa5d88ffa1f87e75ad08af781637cb073d2c862378f6b4dcf84f2a56c3d6fe3
primary,2,k1024,F8,retained,1,0,2.3191300600010436,1aa5d88ffa1f87e75ad08af781637cb073d2c862378f6b4dcf84f2a56c3d6fe3
primary,2,k1024,F16,retained,1,1,2.2860129319888074,1aa5d88ffa1f87e75ad08af781637cb073d2c862378f6b4dcf84f2a56c3d6fe3
primary,2,k1024,F16,retained,2,0,2.2840685289993417,1aa5d88ffa1f87e75ad08af781637cb073d2c862378f6b4dcf84f2a56c3d6fe3
primary,2,k1024,F8,retained,2,1,2.321861925011035,1aa5d88ffa1f87e75ad08af781637cb073d2c862378f6b4dcf84f2a56c3d6fe3
primary,2,k1024,F8,retained,3,0,2.3206688200007193,1aa5d88ffa1f87e75ad08af781637cb073d2c862378f6b4dcf84f2a56c3d6fe3
primary,2,k1024,F16,retained,3,1,2.287889612998697,1aa5d88ffa1f87e75ad08af781637cb073d2c862378f6b4dcf84f2a56c3d6fe3
primary,2,k1024,F16,retained,4,0,2.289077177993022,1aa5d88ffa1f87e75ad08af781637cb073d2c862378f6b4dcf84f2a56c3d6fe3
primary,2,k1024,F8,retained,4,1,2.3213915649976116,1aa5d88ffa1f87e75ad08af781637cb073d2c862378f6b4dcf84f2a56c3d6fe3
primary,2,k1024,F8,retained,5,0,2.3188640720036346,1aa5d88ffa1f87e75ad08af781637cb073d2c862378f6b4dcf84f2a56c3d6fe3
primary,2,k1024,F16,retained,5,1,2.2854545159934787,1aa5d88ffa1f87e75ad08af781637cb073d2c862378f6b4dcf84f2a56c3d6fe3
primary,2,k4,F8,warmup,0,0,0.0553511449979851,0b1503dbe8814b114412ba0d04f6d10d958ae15ab7817d3a8dab4413f8f7579a
primary,2,k4,F16,warmup,0,1,0.06115471001248807,0b1503dbe8814b114412ba0d04f6d10d958ae15ab7817d3a8dab4413f8f7579a
primary,2,k4,F16,warmup,1,0,0.0588074580009561,0b1503dbe8814b114412ba0d04f6d10d958ae15ab7817d3a8dab4413f8f7579a
primary,2,k4,F8,warmup,1,1,0.05366616499668453,0b1503dbe8814b114412ba0d04f6d10d958ae15ab7817d3a8dab4413f8f7579a
primary,2,k4,F8,retained,0,0,0.053885184999671765,0b1503dbe8814b114412ba0d04f6d10d958ae15ab7817d3a8dab4413f8f7579a
primary,2,k4,F16,retained,0,1,0.058615774993086234,0b1503dbe8814b114412ba0d04f6d10d958ae15ab7817d3a8dab4413f8f7579a
primary,2,k4,F16,retained,1,0,0.05866297100146767,0b1503dbe8814b114412ba0d04f6d10d958ae15ab7817d3a8dab4413f8f7579a
primary,2,k4,F8,retained,1,1,0.05367066200415138,0b1503dbe8814b114412ba0d04f6d10d958ae15ab7817d3a8dab4413f8f7579a
primary,2,k4,F8,retained,2,0,0.05366630600474309,0b1503dbe8814b114412ba0d04f6d10d958ae15ab7817d3a8dab4413f8f7579a
primary,2,k4,F16,retained,2,1,0.058620227995561436,0b1503dbe8814b114412ba0d04f6d10d958ae15ab7817d3a8dab4413f8f7579a
primary,2,k4,F16,retained,3,0,0.058803277992410585,0b1503dbe8814b114412ba0d04f6d10d958ae15ab7817d3a8dab4413f8f7579a
primary,2,k4,F8,retained,3,1,0.05376089700439479,0b1503dbe8814b114412ba0d04f6d10d958ae15ab7817d3a8dab4413f8f7579a
primary,2,k4,F8,retained,4,0,0.053652664995752275,0b1503dbe8814b114412ba0d04f6d10d958ae15ab7817d3a8dab4413f8f7579a
primary,2,k4,F16,retained,4,1,0.05860805499833077,0b1503dbe8814b114412ba0d04f6d10d958ae15ab7817d3a8dab4413f8f7579a
primary,2,k4,F16,retained,5,0,0.05869076699309517,0b1503dbe8814b114412ba0d04f6d10d958ae15ab7817d3a8dab4413f8f7579a
primary,2,k4,F8,retained,5,1,0.05345244400086813,0b1503dbe8814b114412ba0d04f6d10d958ae15ab7817d3a8dab4413f8f7579a
primary,2,k16,F16,warmup,0,0,0.07845225199707784,b65ded9f0b0892bf0c056a679273dea504eaa5f2bee6f1b960c8de2d1248aa85
primary,2,k16,F8,warmup,0,1,0.07049881099374034,b65ded9f0b0892bf0c056a679273dea504eaa5f2bee6f1b960c8de2d1248aa85
primary,2,k16,F8,warmup,1,0,0.06997370900353417,b65ded9f0b0892bf0c056a679273dea504eaa5f2bee6f1b960c8de2d1248aa85
primary,2,k16,F16,warmup,1,1,0.07453779700153973,b65ded9f0b0892bf0c056a679273dea504eaa5f2bee6f1b960c8de2d1248aa85
primary,2,k16,F16,retained,0,0,0.07450259299366735,b65ded9f0b0892bf0c056a679273dea504eaa5f2bee6f1b960c8de2d1248aa85
primary,2,k16,F8,retained,0,1,0.06992560499929823,b65ded9f0b0892bf0c056a679273dea504eaa5f2bee6f1b960c8de2d1248aa85
primary,2,k16,F8,retained,1,0,0.07001869799569249,b65ded9f0b0892bf0c056a679273dea504eaa5f2bee6f1b960c8de2d1248aa85
primary,2,k16,F16,retained,1,1,0.07455936601036228,b65ded9f0b0892bf0c056a679273dea504eaa5f2bee6f1b960c8de2d1248aa85
primary,2,k16,F16,retained,2,0,0.07439367999904789,b65ded9f0b0892bf0c056a679273dea504eaa5f2bee6f1b960c8de2d1248aa85
primary,2,k16,F8,retained,2,1,0.06985841399000492,b65ded9f0b0892bf0c056a679273dea504eaa5f2bee6f1b960c8de2d1248aa85
primary,2,k16,F8,retained,3,0,0.06984640999871772,b65ded9f0b0892bf0c056a679273dea504eaa5f2bee6f1b960c8de2d1248aa85
primary,2,k16,F16,retained,3,1,0.07439085800433531,b65ded9f0b0892bf0c056a679273dea504eaa5f2bee6f1b960c8de2d1248aa85
primary,2,k16,F16,retained,4,0,0.07455922900408041,b65ded9f0b0892bf0c056a679273dea504eaa5f2bee6f1b960c8de2d1248aa85
primary,2,k16,F8,retained,4,1,0.06995868599915411,b65ded9f0b0892bf0c056a679273dea504eaa5f2bee6f1b960c8de2d1248aa85
primary,2,k16,F8,retained,5,0,0.07044175600458402,b65ded9f0b0892bf0c056a679273dea504eaa5f2bee6f1b960c8de2d1248aa85
primary,2,k16,F16,retained,5,1,0.07453937201353256,b65ded9f0b0892bf0c056a679273dea504eaa5f2bee6f1b960c8de2d1248aa85
repeat,3,k64,F16,warmup,0,0,0.6088066349911969,4863a23e3edeb18d5e72d89fb0e25c0dbaea17762bbc98a7159803be72407a80
repeat,3,k64,F8,warmup,0,1,0.18987140299577732,4863a23e3edeb18d5e72d89fb0e25c0dbaea17762bbc98a7159803be72407a80
repeat,3,k64,F8,warmup,1,0,0.18530661100521684,4863a23e3edeb18d5e72d89fb0e25c0dbaea17762bbc98a7159803be72407a80
repeat,3,k64,F16,warmup,1,1,0.15988814400043339,4863a23e3edeb18d5e72d89fb0e25c0dbaea17762bbc98a7159803be72407a80
repeat,3,k64,F16,retained,0,0,0.15681174999917857,4863a23e3edeb18d5e72d89fb0e25c0dbaea17762bbc98a7159803be72407a80
repeat,3,k64,F8,retained,0,1,0.15555703100108076,4863a23e3edeb18d5e72d89fb0e25c0dbaea17762bbc98a7159803be72407a80
repeat,3,k64,F8,retained,1,0,0.15511846799927298,4863a23e3edeb18d5e72d89fb0e25c0dbaea17762bbc98a7159803be72407a80
repeat,3,k64,F16,retained,1,1,0.15609962900634855,4863a23e3edeb18d5e72d89fb0e25c0dbaea17762bbc98a7159803be72407a80
repeat,3,k64,F16,retained,2,0,0.15868034498998895,4863a23e3edeb18d5e72d89fb0e25c0dbaea17762bbc98a7159803be72407a80
repeat,3,k64,F8,retained,2,1,0.1544943089975277,4863a23e3edeb18d5e72d89fb0e25c0dbaea17762bbc98a7159803be72407a80
repeat,3,k64,F8,retained,3,0,0.15570680600649212,4863a23e3edeb18d5e72d89fb0e25c0dbaea17762bbc98a7159803be72407a80
repeat,3,k64,F16,retained,3,1,0.15706854600284714,4863a23e3edeb18d5e72d89fb0e25c0dbaea17762bbc98a7159803be72407a80
repeat,3,k64,F16,retained,4,0,0.15740980301052332,4863a23e3edeb18d5e72d89fb0e25c0dbaea17762bbc98a7159803be72407a80
repeat,3,k64,F8,retained,4,1,0.15451220799877774,4863a23e3edeb18d5e72d89fb0e25c0dbaea17762bbc98a7159803be72407a80
repeat,3,k64,F8,retained,5,0,0.15696956400643103,4863a23e3edeb18d5e72d89fb0e25c0dbaea17762bbc98a7159803be72407a80
repeat,3,k64,F16,retained,5,1,0.15644171299936716,4863a23e3edeb18d5e72d89fb0e25c0dbaea17762bbc98a7159803be72407a80
repeat,3,k16,F8,warmup,0,0,0.0817036050138995,b65ded9f0b0892bf0c056a679273dea504eaa5f2bee6f1b960c8de2d1248aa85
repeat,3,k16,F16,warmup,0,1,0.07900376999168657,b65ded9f0b0892bf0c056a679273dea504eaa5f2bee6f1b960c8de2d1248aa85
repeat,3,k16,F16,warmup,1,0,0.07561821700073779,b65ded9f0b0892bf0c056a679273dea504eaa5f2bee6f1b960c8de2d1248aa85
repeat,3,k16,F8,warmup,1,1,0.07002597799873911,b65ded9f0b0892bf0c056a679273dea504eaa5f2bee6f1b960c8de2d1248aa85
repeat,3,k16,F8,retained,0,0,0.06971482399967499,b65ded9f0b0892bf0c056a679273dea504eaa5f2bee6f1b960c8de2d1248aa85
repeat,3,k16,F16,retained,0,1,0.07423315700725652,b65ded9f0b0892bf0c056a679273dea504eaa5f2bee6f1b960c8de2d1248aa85
repeat,3,k16,F16,retained,1,0,0.07492877100594342,b65ded9f0b0892bf0c056a679273dea504eaa5f2bee6f1b960c8de2d1248aa85
repeat,3,k16,F8,retained,1,1,0.07017780101159588,b65ded9f0b0892bf0c056a679273dea504eaa5f2bee6f1b960c8de2d1248aa85
repeat,3,k16,F8,retained,2,0,0.06998466199729592,b65ded9f0b0892bf0c056a679273dea504eaa5f2bee6f1b960c8de2d1248aa85
repeat,3,k16,F16,retained,2,1,0.07450767599220853,b65ded9f0b0892bf0c056a679273dea504eaa5f2bee6f1b960c8de2d1248aa85
repeat,3,k16,F16,retained,3,0,0.07449918299971614,b65ded9f0b0892bf0c056a679273dea504eaa5f2bee6f1b960c8de2d1248aa85
repeat,3,k16,F8,retained,3,1,0.06997641400084831,b65ded9f0b0892bf0c056a679273dea504eaa5f2bee6f1b960c8de2d1248aa85
repeat,3,k16,F8,retained,4,0,0.07029887501266785,b65ded9f0b0892bf0c056a679273dea504eaa5f2bee6f1b960c8de2d1248aa85
repeat,3,k16,F16,retained,4,1,0.07437080700765364,b65ded9f0b0892bf0c056a679273dea504eaa5f2bee6f1b960c8de2d1248aa85
repeat,3,k16,F16,retained,5,0,0.07418084400705993,b65ded9f0b0892bf0c056a679273dea504eaa5f2bee6f1b960c8de2d1248aa85
repeat,3,k16,F8,retained,5,1,0.07937532999494579,b65ded9f0b0892bf0c056a679273dea504eaa5f2bee6f1b960c8de2d1248aa85
repeat,3,k4,F16,warmup,0,0,0.06871615500131156,0b1503dbe8814b114412ba0d04f6d10d958ae15ab7817d3a8dab4413f8f7579a
repeat,3,k4,F8,warmup,0,1,0.06071903400879819,0b1503dbe8814b114412ba0d04f6d10d958ae15ab7817d3a8dab4413f8f7579a
repeat,3,k4,F8,warmup,1,0,0.060459660991909914,0b1503dbe8814b114412ba0d04f6d10d958ae15ab7817d3a8dab4413f8f7579a
repeat,3,k4,F16,warmup,1,1,0.0654954350029584,0b1503dbe8814b114412ba0d04f6d10d958ae15ab7817d3a8dab4413f8f7579a
repeat,3,k4,F16,retained,0,0,0.06498018800630234,0b1503dbe8814b114412ba0d04f6d10d958ae15ab7817d3a8dab4413f8f7579a
repeat,3,k4,F8,retained,0,1,0.06002702000841964,0b1503dbe8814b114412ba0d04f6d10d958ae15ab7817d3a8dab4413f8f7579a
repeat,3,k4,F8,retained,1,0,0.06010194700502325,0b1503dbe8814b114412ba0d04f6d10d958ae15ab7817d3a8dab4413f8f7579a
repeat,3,k4,F16,retained,1,1,0.05924004399275873,0b1503dbe8814b114412ba0d04f6d10d958ae15ab7817d3a8dab4413f8f7579a
repeat,3,k4,F16,retained,2,0,0.057901590000255965,0b1503dbe8814b114412ba0d04f6d10d958ae15ab7817d3a8dab4413f8f7579a
repeat,3,k4,F8,retained,2,1,0.05317463900428265,0b1503dbe8814b114412ba0d04f6d10d958ae15ab7817d3a8dab4413f8f7579a
repeat,3,k4,F8,retained,3,0,0.05300303400144912,0b1503dbe8814b114412ba0d04f6d10d958ae15ab7817d3a8dab4413f8f7579a
repeat,3,k4,F16,retained,3,1,0.05777662400214467,0b1503dbe8814b114412ba0d04f6d10d958ae15ab7817d3a8dab4413f8f7579a
repeat,3,k4,F16,retained,4,0,0.05775599999469705,0b1503dbe8814b114412ba0d04f6d10d958ae15ab7817d3a8dab4413f8f7579a
repeat,3,k4,F8,retained,4,1,0.053041174993268214,0b1503dbe8814b114412ba0d04f6d10d958ae15ab7817d3a8dab4413f8f7579a
repeat,3,k4,F8,retained,5,0,0.053001780004706234,0b1503dbe8814b114412ba0d04f6d10d958ae15ab7817d3a8dab4413f8f7579a
repeat,3,k4,F16,retained,5,1,0.05768845298734959,0b1503dbe8814b114412ba0d04f6d10d958ae15ab7817d3a8dab4413f8f7579a
repeat,3,k1024,F8,warmup,0,0,2.317652219993761,1aa5d88ffa1f87e75ad08af781637cb073d2c862378f6b4dcf84f2a56c3d6fe3
repeat,3,k1024,F16,warmup,0,1,2.445908455993049,1aa5d88ffa1f87e75ad08af781637cb073d2c862378f6b4dcf84f2a56c3d6fe3
repeat,3,k1024,F16,warmup,1,0,2.301398468000116,1aa5d88ffa1f87e75ad08af781637cb073d2c862378f6b4dcf84f2a56c3d6fe3
repeat,3,k1024,F8,warmup,1,1,2.3329977730027167,1aa5d88ffa1f87e75ad08af781637cb073d2c862378f6b4dcf84f2a56c3d6fe3
repeat,3,k1024,F8,retained,0,0,2.3324034929974005,1aa5d88ffa1f87e75ad08af781637cb073d2c862378f6b4dcf84f2a56c3d6fe3
repeat,3,k1024,F16,retained,0,1,2.302724673994817,1aa5d88ffa1f87e75ad08af781637cb073d2c862378f6b4dcf84f2a56c3d6fe3
repeat,3,k1024,F16,retained,1,0,2.3020839240052737,1aa5d88ffa1f87e75ad08af781637cb073d2c862378f6b4dcf84f2a56c3d6fe3
repeat,3,k1024,F8,retained,1,1,2.3348257900070166,1aa5d88ffa1f87e75ad08af781637cb073d2c862378f6b4dcf84f2a56c3d6fe3
repeat,3,k1024,F8,retained,2,0,2.3366637290018843,1aa5d88ffa1f87e75ad08af781637cb073d2c862378f6b4dcf84f2a56c3d6fe3
repeat,3,k1024,F16,retained,2,1,2.30286274899845,1aa5d88ffa1f87e75ad08af781637cb073d2c862378f6b4dcf84f2a56c3d6fe3
repeat,3,k1024,F16,retained,3,0,2.303731939988211,1aa5d88ffa1f87e75ad08af781637cb073d2c862378f6b4dcf84f2a56c3d6fe3
repeat,3,k1024,F8,retained,3,1,2.338171412993688,1aa5d88ffa1f87e75ad08af781637cb073d2c862378f6b4dcf84f2a56c3d6fe3
repeat,3,k1024,F8,retained,4,0,2.331532418000279,1aa5d88ffa1f87e75ad08af781637cb073d2c862378f6b4dcf84f2a56c3d6fe3
repeat,3,k1024,F16,retained,4,1,2.2995674800040433,1aa5d88ffa1f87e75ad08af781637cb073d2c862378f6b4dcf84f2a56c3d6fe3
repeat,3,k1024,F16,retained,5,0,2.3022615420049988,1aa5d88ffa1f87e75ad08af781637cb073d2c862378f6b4dcf84f2a56c3d6fe3
repeat,3,k1024,F8,retained,5,1,2.337505741001223,1aa5d88ffa1f87e75ad08af781637cb073d2c862378f6b4dcf84f2a56c3d6fe3
repeat,3,k256,F16,warmup,0,0,0.558436734994757,49160b0fece513842a1194c0aaca5b2d06de6de417533c401ac0c383b2e70611
repeat,3,k256,F8,warmup,0,1,0.567483036997146,49160b0fece513842a1194c0aaca5b2d06de6de417533c401ac0c383b2e70611
repeat,3,k256,F8,warmup,1,0,0.5671271739993244,49160b0fece513842a1194c0aaca5b2d06de6de417533c401ac0c383b2e70611
repeat,3,k256,F16,warmup,1,1,0.5615391390019795,49160b0fece513842a1194c0aaca5b2d06de6de417533c401ac0c383b2e70611
repeat,3,k256,F16,retained,0,0,0.5622460129961837,49160b0fece513842a1194c0aaca5b2d06de6de417533c401ac0c383b2e70611
repeat,3,k256,F8,retained,0,1,0.5670155929983594,49160b0fece513842a1194c0aaca5b2d06de6de417533c401ac0c383b2e70611
repeat,3,k256,F8,retained,1,0,0.5661905570013914,49160b0fece513842a1194c0aaca5b2d06de6de417533c401ac0c383b2e70611
repeat,3,k256,F16,retained,1,1,0.5630476600053953,49160b0fece513842a1194c0aaca5b2d06de6de417533c401ac0c383b2e70611
repeat,3,k256,F16,retained,2,0,0.5627374350005994,49160b0fece513842a1194c0aaca5b2d06de6de417533c401ac0c383b2e70611
repeat,3,k256,F8,retained,2,1,0.5673527360049775,49160b0fece513842a1194c0aaca5b2d06de6de417533c401ac0c383b2e70611
repeat,3,k256,F8,retained,3,0,0.5754281469999114,49160b0fece513842a1194c0aaca5b2d06de6de417533c401ac0c383b2e70611
repeat,3,k256,F16,retained,3,1,0.5869752360013081,49160b0fece513842a1194c0aaca5b2d06de6de417533c401ac0c383b2e70611
repeat,3,k256,F16,retained,4,0,0.5616223120014183,49160b0fece513842a1194c0aaca5b2d06de6de417533c401ac0c383b2e70611
repeat,3,k256,F8,retained,4,1,0.5665528319950681,49160b0fece513842a1194c0aaca5b2d06de6de417533c401ac0c383b2e70611
repeat,3,k256,F8,retained,5,0,0.567109233001247,49160b0fece513842a1194c0aaca5b2d06de6de417533c401ac0c383b2e70611
repeat,3,k256,F16,retained,5,1,0.5612193679990014,49160b0fece513842a1194c0aaca5b2d06de6de417533c401ac0c383b2e70611
repeat,3,original,F8,warmup,0,0,0.18489125001360662,13cae87e6a0f75a13f3e9a7881b33c42ab77680f6d13e99dcc00fa2de5963495
repeat,3,original,F16,warmup,0,1,0.1650189120118739,13cae87e6a0f75a13f3e9a7881b33c42ab77680f6d13e99dcc00fa2de5963495
repeat,3,original,F16,warmup,1,0,0.16088422400935087,13cae87e6a0f75a13f3e9a7881b33c42ab77680f6d13e99dcc00fa2de5963495
repeat,3,original,F8,warmup,1,1,0.15948516300704796,13cae87e6a0f75a13f3e9a7881b33c42ab77680f6d13e99dcc00fa2de5963495
repeat,3,original,F8,retained,0,0,0.1593681249942165,13cae87e6a0f75a13f3e9a7881b33c42ab77680f6d13e99dcc00fa2de5963495
repeat,3,original,F16,retained,0,1,0.16090408799936995,13cae87e6a0f75a13f3e9a7881b33c42ab77680f6d13e99dcc00fa2de5963495
repeat,3,original,F16,retained,1,0,0.16058546300337184,13cae87e6a0f75a13f3e9a7881b33c42ab77680f6d13e99dcc00fa2de5963495
repeat,3,original,F8,retained,1,1,0.15824411300127394,13cae87e6a0f75a13f3e9a7881b33c42ab77680f6d13e99dcc00fa2de5963495
repeat,3,original,F8,retained,2,0,0.15817053899809252,13cae87e6a0f75a13f3e9a7881b33c42ab77680f6d13e99dcc00fa2de5963495
repeat,3,original,F16,retained,2,1,0.1614108719950309,13cae87e6a0f75a13f3e9a7881b33c42ab77680f6d13e99dcc00fa2de5963495
repeat,3,original,F16,retained,3,0,0.1609728420007741,13cae87e6a0f75a13f3e9a7881b33c42ab77680f6d13e99dcc00fa2de5963495
repeat,3,original,F8,retained,3,1,0.15910923600313254,13cae87e6a0f75a13f3e9a7881b33c42ab77680f6d13e99dcc00fa2de5963495
repeat,3,original,F8,retained,4,0,0.15847066800051834,13cae87e6a0f75a13f3e9a7881b33c42ab77680f6d13e99dcc00fa2de5963495
repeat,3,original,F16,retained,4,1,0.1611233319999883,13cae87e6a0f75a13f3e9a7881b33c42ab77680f6d13e99dcc00fa2de5963495
repeat,3,original,F16,retained,5,0,0.16114447099971585,13cae87e6a0f75a13f3e9a7881b33c42ab77680f6d13e99dcc00fa2de5963495
repeat,3,original,F8,retained,5,1,0.15931409900076687,13cae87e6a0f75a13f3e9a7881b33c42ab77680f6d13e99dcc00fa2de5963495
repeat,4,k256,F8,warmup,0,0,0.5961475730000529,49160b0fece513842a1194c0aaca5b2d06de6de417533c401ac0c383b2e70611
repeat,4,k256,F16,warmup,0,1,0.9727644810045604,49160b0fece513842a1194c0aaca5b2d06de6de417533c401ac0c383b2e70611
repeat,4,k256,F16,warmup,1,0,0.5399984779942315,49160b0fece513842a1194c0aaca5b2d06de6de417533c401ac0c383b2e70611
repeat,4,k256,F8,warmup,1,1,0.5467270640074275,49160b0fece513842a1194c0aaca5b2d06de6de417533c401ac0c383b2e70611
repeat,4,k256,F8,retained,0,0,0.5464287340000737,49160b0fece513842a1194c0aaca5b2d06de6de417533c401ac0c383b2e70611
repeat,4,k256,F16,retained,0,1,0.5427368410018971,49160b0fece513842a1194c0aaca5b2d06de6de417533c401ac0c383b2e70611
repeat,4,k256,F16,retained,1,0,0.5550257220020285,49160b0fece513842a1194c0aaca5b2d06de6de417533c401ac0c383b2e70611
repeat,4,k256,F8,retained,1,1,0.5450542120088357,49160b0fece513842a1194c0aaca5b2d06de6de417533c401ac0c383b2e70611
repeat,4,k256,F8,retained,2,0,0.5428603839973221,49160b0fece513842a1194c0aaca5b2d06de6de417533c401ac0c383b2e70611
repeat,4,k256,F16,retained,2,1,0.5408064799994463,49160b0fece513842a1194c0aaca5b2d06de6de417533c401ac0c383b2e70611
repeat,4,k256,F16,retained,3,0,0.5426435330009554,49160b0fece513842a1194c0aaca5b2d06de6de417533c401ac0c383b2e70611
repeat,4,k256,F8,retained,3,1,0.5440407610003604,49160b0fece513842a1194c0aaca5b2d06de6de417533c401ac0c383b2e70611
repeat,4,k256,F8,retained,4,0,0.5433480270003201,49160b0fece513842a1194c0aaca5b2d06de6de417533c401ac0c383b2e70611
repeat,4,k256,F16,retained,4,1,0.5386007549968781,49160b0fece513842a1194c0aaca5b2d06de6de417533c401ac0c383b2e70611
repeat,4,k256,F16,retained,5,0,0.5416587439976865,49160b0fece513842a1194c0aaca5b2d06de6de417533c401ac0c383b2e70611
repeat,4,k256,F8,retained,5,1,0.5570963049976854,49160b0fece513842a1194c0aaca5b2d06de6de417533c401ac0c383b2e70611
repeat,4,k1024,F16,warmup,0,0,2.280513867008267,1aa5d88ffa1f87e75ad08af781637cb073d2c862378f6b4dcf84f2a56c3d6fe3
repeat,4,k1024,F8,warmup,0,1,2.3188469579908997,1aa5d88ffa1f87e75ad08af781637cb073d2c862378f6b4dcf84f2a56c3d6fe3
repeat,4,k1024,F8,warmup,1,0,2.315793517002021,1aa5d88ffa1f87e75ad08af781637cb073d2c862378f6b4dcf84f2a56c3d6fe3
repeat,4,k1024,F16,warmup,1,1,2.2836512039939407,1aa5d88ffa1f87e75ad08af781637cb073d2c862378f6b4dcf84f2a56c3d6fe3
repeat,4,k1024,F16,retained,0,0,2.2848949980107136,1aa5d88ffa1f87e75ad08af781637cb073d2c862378f6b4dcf84f2a56c3d6fe3
repeat,4,k1024,F8,retained,0,1,2.3161231319973012,1aa5d88ffa1f87e75ad08af781637cb073d2c862378f6b4dcf84f2a56c3d6fe3
repeat,4,k1024,F8,retained,1,0,2.313352017008583,1aa5d88ffa1f87e75ad08af781637cb073d2c862378f6b4dcf84f2a56c3d6fe3
repeat,4,k1024,F16,retained,1,1,2.281856821005931,1aa5d88ffa1f87e75ad08af781637cb073d2c862378f6b4dcf84f2a56c3d6fe3
repeat,4,k1024,F16,retained,2,0,2.282222529000137,1aa5d88ffa1f87e75ad08af781637cb073d2c862378f6b4dcf84f2a56c3d6fe3
repeat,4,k1024,F8,retained,2,1,2.3133495660003973,1aa5d88ffa1f87e75ad08af781637cb073d2c862378f6b4dcf84f2a56c3d6fe3
repeat,4,k1024,F8,retained,3,0,2.3183349920000182,1aa5d88ffa1f87e75ad08af781637cb073d2c862378f6b4dcf84f2a56c3d6fe3
repeat,4,k1024,F16,retained,3,1,2.285368947996176,1aa5d88ffa1f87e75ad08af781637cb073d2c862378f6b4dcf84f2a56c3d6fe3
repeat,4,k1024,F16,retained,4,0,2.285113124002237,1aa5d88ffa1f87e75ad08af781637cb073d2c862378f6b4dcf84f2a56c3d6fe3
repeat,4,k1024,F8,retained,4,1,2.315917580999667,1aa5d88ffa1f87e75ad08af781637cb073d2c862378f6b4dcf84f2a56c3d6fe3
repeat,4,k1024,F8,retained,5,0,2.3103609279933153,1aa5d88ffa1f87e75ad08af781637cb073d2c862378f6b4dcf84f2a56c3d6fe3
repeat,4,k1024,F16,retained,5,1,2.2800793210044503,1aa5d88ffa1f87e75ad08af781637cb073d2c862378f6b4dcf84f2a56c3d6fe3
repeat,4,k4,F8,warmup,0,0,0.05613374999666121,0b1503dbe8814b114412ba0d04f6d10d958ae15ab7817d3a8dab4413f8f7579a
repeat,4,k4,F16,warmup,0,1,0.06119137900532223,0b1503dbe8814b114412ba0d04f6d10d958ae15ab7817d3a8dab4413f8f7579a
repeat,4,k4,F16,warmup,1,0,0.05880878699827008,0b1503dbe8814b114412ba0d04f6d10d958ae15ab7817d3a8dab4413f8f7579a
repeat,4,k4,F8,warmup,1,1,0.053944490995490924,0b1503dbe8814b114412ba0d04f6d10d958ae15ab7817d3a8dab4413f8f7579a
repeat,4,k4,F8,retained,0,0,0.05367009300971404,0b1503dbe8814b114412ba0d04f6d10d958ae15ab7817d3a8dab4413f8f7579a
repeat,4,k4,F16,retained,0,1,0.05868295900290832,0b1503dbe8814b114412ba0d04f6d10d958ae15ab7817d3a8dab4413f8f7579a
repeat,4,k4,F16,retained,1,0,0.058601664000889286,0b1503dbe8814b114412ba0d04f6d10d958ae15ab7817d3a8dab4413f8f7579a
repeat,4,k4,F8,retained,1,1,0.05381366400979459,0b1503dbe8814b114412ba0d04f6d10d958ae15ab7817d3a8dab4413f8f7579a
repeat,4,k4,F8,retained,2,0,0.05400668299989775,0b1503dbe8814b114412ba0d04f6d10d958ae15ab7817d3a8dab4413f8f7579a
repeat,4,k4,F16,retained,2,1,0.058480124003835954,0b1503dbe8814b114412ba0d04f6d10d958ae15ab7817d3a8dab4413f8f7579a
repeat,4,k4,F16,retained,3,0,0.0586205110012088,0b1503dbe8814b114412ba0d04f6d10d958ae15ab7817d3a8dab4413f8f7579a
repeat,4,k4,F8,retained,3,1,0.05378742401080672,0b1503dbe8814b114412ba0d04f6d10d958ae15ab7817d3a8dab4413f8f7579a
repeat,4,k4,F8,retained,4,0,0.05374828301137313,0b1503dbe8814b114412ba0d04f6d10d958ae15ab7817d3a8dab4413f8f7579a
repeat,4,k4,F16,retained,4,1,0.05858695399365388,0b1503dbe8814b114412ba0d04f6d10d958ae15ab7817d3a8dab4413f8f7579a
repeat,4,k4,F16,retained,5,0,0.05855071099358611,0b1503dbe8814b114412ba0d04f6d10d958ae15ab7817d3a8dab4413f8f7579a
repeat,4,k4,F8,retained,5,1,0.05355915399559308,0b1503dbe8814b114412ba0d04f6d10d958ae15ab7817d3a8dab4413f8f7579a
repeat,4,k16,F16,warmup,0,0,0.08080946900008712,b65ded9f0b0892bf0c056a679273dea504eaa5f2bee6f1b960c8de2d1248aa85
repeat,4,k16,F8,warmup,0,1,0.07005316199501976,b65ded9f0b0892bf0c056a679273dea504eaa5f2bee6f1b960c8de2d1248aa85
repeat,4,k16,F8,warmup,1,0,0.0699706850136863,b65ded9f0b0892bf0c056a679273dea504eaa5f2bee6f1b960c8de2d1248aa85
repeat,4,k16,F16,warmup,1,1,0.0745568669954082,b65ded9f0b0892bf0c056a679273dea504eaa5f2bee6f1b960c8de2d1248aa85
repeat,4,k16,F16,retained,0,0,0.07444284998928197,b65ded9f0b0892bf0c056a679273dea504eaa5f2bee6f1b960c8de2d1248aa85
repeat,4,k16,F8,retained,0,1,0.07038797000132035,b65ded9f0b0892bf0c056a679273dea504eaa5f2bee6f1b960c8de2d1248aa85
repeat,4,k16,F8,retained,1,0,0.06997388499439694,b65ded9f0b0892bf0c056a679273dea504eaa5f2bee6f1b960c8de2d1248aa85
repeat,4,k16,F16,retained,1,1,0.07455651600321289,b65ded9f0b0892bf0c056a679273dea504eaa5f2bee6f1b960c8de2d1248aa85
repeat,4,k16,F16,retained,2,0,0.07465032300387975,b65ded9f0b0892bf0c056a679273dea504eaa5f2bee6f1b960c8de2d1248aa85
repeat,4,k16,F8,retained,2,1,0.06987742900673766,b65ded9f0b0892bf0c056a679273dea504eaa5f2bee6f1b960c8de2d1248aa85
repeat,4,k16,F8,retained,3,0,0.07006408101005945,b65ded9f0b0892bf0c056a679273dea504eaa5f2bee6f1b960c8de2d1248aa85
repeat,4,k16,F16,retained,3,1,0.07460375799564645,b65ded9f0b0892bf0c056a679273dea504eaa5f2bee6f1b960c8de2d1248aa85
repeat,4,k16,F16,retained,4,0,0.07456168200587854,b65ded9f0b0892bf0c056a679273dea504eaa5f2bee6f1b960c8de2d1248aa85
repeat,4,k16,F8,retained,4,1,0.07002351300616283,b65ded9f0b0892bf0c056a679273dea504eaa5f2bee6f1b960c8de2d1248aa85
repeat,4,k16,F8,retained,5,0,0.06993024300027173,b65ded9f0b0892bf0c056a679273dea504eaa5f2bee6f1b960c8de2d1248aa85
repeat,4,k16,F16,retained,5,1,0.0745030069956556,b65ded9f0b0892bf0c056a679273dea504eaa5f2bee6f1b960c8de2d1248aa85
repeat,4,k64,F8,warmup,0,0,0.1478600670088781,4863a23e3edeb18d5e72d89fb0e25c0dbaea17762bbc98a7159803be72407a80
repeat,4,k64,F16,warmup,0,1,0.1555336950113997,4863a23e3edeb18d5e72d89fb0e25c0dbaea17762bbc98a7159803be72407a80
repeat,4,k64,F16,warmup,1,0,0.15359047800302505,4863a23e3edeb18d5e72d89fb0e25c0dbaea17762bbc98a7159803be72407a80
repeat,4,k64,F8,warmup,1,1,0.15125747000274714,4863a23e3edeb18d5e72d89fb0e25c0dbaea17762bbc98a7159803be72407a80
repeat,4,k64,F8,retained,0,0,0.15077022901095916,4863a23e3edeb18d5e72d89fb0e25c0dbaea17762bbc98a7159803be72407a80
repeat,4,k64,F16,retained,0,1,0.15402323499438353,4863a23e3edeb18d5e72d89fb0e25c0dbaea17762bbc98a7159803be72407a80
repeat,4,k64,F16,retained,1,0,0.15367304401297588,4863a23e3edeb18d5e72d89fb0e25c0dbaea17762bbc98a7159803be72407a80
repeat,4,k64,F8,retained,1,1,0.1509419549984159,4863a23e3edeb18d5e72d89fb0e25c0dbaea17762bbc98a7159803be72407a80
repeat,4,k64,F8,retained,2,0,0.15095829400524963,4863a23e3edeb18d5e72d89fb0e25c0dbaea17762bbc98a7159803be72407a80
repeat,4,k64,F16,retained,2,1,0.1540331150026759,4863a23e3edeb18d5e72d89fb0e25c0dbaea17762bbc98a7159803be72407a80
repeat,4,k64,F16,retained,3,0,0.1537027379963547,4863a23e3edeb18d5e72d89fb0e25c0dbaea17762bbc98a7159803be72407a80
repeat,4,k64,F8,retained,3,1,0.15124122700945009,4863a23e3edeb18d5e72d89fb0e25c0dbaea17762bbc98a7159803be72407a80
repeat,4,k64,F8,retained,4,0,0.15158616099506617,4863a23e3edeb18d5e72d89fb0e25c0dbaea17762bbc98a7159803be72407a80
repeat,4,k64,F16,retained,4,1,0.15345556900138035,4863a23e3edeb18d5e72d89fb0e25c0dbaea17762bbc98a7159803be72407a80
repeat,4,k64,F16,retained,5,0,0.15379750799911562,4863a23e3edeb18d5e72d89fb0e25c0dbaea17762bbc98a7159803be72407a80
repeat,4,k64,F8,retained,5,1,0.15125640500627924,4863a23e3edeb18d5e72d89fb0e25c0dbaea17762bbc98a7159803be72407a80
repeat,4,original,F16,warmup,0,0,0.16068804099631961,13cae87e6a0f75a13f3e9a7881b33c42ab77680f6d13e99dcc00fa2de5963495
repeat,4,original,F8,warmup,0,1,0.15480706699599978,13cae87e6a0f75a13f3e9a7881b33c42ab77680f6d13e99dcc00fa2de5963495
repeat,4,original,F8,warmup,1,0,0.15441820099658798,13cae87e6a0f75a13f3e9a7881b33c42ab77680f6d13e99dcc00fa2de5963495
repeat,4,original,F16,warmup,1,1,0.15699903899803758,13cae87e6a0f75a13f3e9a7881b33c42ab77680f6d13e99dcc00fa2de5963495
repeat,4,original,F16,retained,0,0,0.15688458300428465,13cae87e6a0f75a13f3e9a7881b33c42ab77680f6d13e99dcc00fa2de5963495
repeat,4,original,F8,retained,0,1,0.1546184270118829,13cae87e6a0f75a13f3e9a7881b33c42ab77680f6d13e99dcc00fa2de5963495
repeat,4,original,F8,retained,1,0,0.15504124099970795,13cae87e6a0f75a13f3e9a7881b33c42ab77680f6d13e99dcc00fa2de5963495
repeat,4,original,F16,retained,1,1,0.15711569400446024,13cae87e6a0f75a13f3e9a7881b33c42ab77680f6d13e99dcc00fa2de5963495
repeat,4,original,F16,retained,2,0,0.15661796698987018,13cae87e6a0f75a13f3e9a7881b33c42ab77680f6d13e99dcc00fa2de5963495
repeat,4,original,F8,retained,2,1,0.15460621600504965,13cae87e6a0f75a13f3e9a7881b33c42ab77680f6d13e99dcc00fa2de5963495
repeat,4,original,F8,retained,3,0,0.15557650200207718,13cae87e6a0f75a13f3e9a7881b33c42ab77680f6d13e99dcc00fa2de5963495
repeat,4,original,F16,retained,3,1,0.15775797101377975,13cae87e6a0f75a13f3e9a7881b33c42ab77680f6d13e99dcc00fa2de5963495
repeat,4,original,F16,retained,4,0,0.15735639299964532,13cae87e6a0f75a13f3e9a7881b33c42ab77680f6d13e99dcc00fa2de5963495
repeat,4,original,F8,retained,4,1,0.15447196499735583,13cae87e6a0f75a13f3e9a7881b33c42ab77680f6d13e99dcc00fa2de5963495
repeat,4,original,F8,retained,5,0,0.15495249300147407,13cae87e6a0f75a13f3e9a7881b33c42ab77680f6d13e99dcc00fa2de5963495
repeat,4,original,F16,retained,5,1,0.15781725599663332,13cae87e6a0f75a13f3e9a7881b33c42ab77680f6d13e99dcc00fa2de5963495
repeat,5,k256,F16,warmup,0,0,1.0199988349922933,49160b0fece513842a1194c0aaca5b2d06de6de417533c401ac0c383b2e70611
repeat,5,k256,F8,warmup,0,1,0.5791466200025752,49160b0fece513842a1194c0aaca5b2d06de6de417533c401ac0c383b2e70611
repeat,5,k256,F8,warmup,1,0,0.5434135279938346,49160b0fece513842a1194c0aaca5b2d06de6de417533c401ac0c383b2e70611
repeat,5,k256,F16,warmup,1,1,0.5438599970075302,49160b0fece513842a1194c0aaca5b2d06de6de417533c401ac0c383b2e70611
repeat,5,k256,F16,retained,0,0,0.538911398005439,49160b0fece513842a1194c0aaca5b2d06de6de417533c401ac0c383b2e70611
repeat,5,k256,F8,retained,0,1,0.5480421780084725,49160b0fece513842a1194c0aaca5b2d06de6de417533c401ac0c383b2e70611
repeat,5,k256,F8,retained,1,0,0.5583309610083234,49160b0fece513842a1194c0aaca5b2d06de6de417533c401ac0c383b2e70611
repeat,5,k256,F16,retained,1,1,0.5401870960049564,49160b0fece513842a1194c0aaca5b2d06de6de417533c401ac0c383b2e70611
repeat,5,k256,F16,retained,2,0,0.5413692570000421,49160b0fece513842a1194c0aaca5b2d06de6de417533c401ac0c383b2e70611
repeat,5,k256,F8,retained,2,1,0.5449234900006559,49160b0fece513842a1194c0aaca5b2d06de6de417533c401ac0c383b2e70611
repeat,5,k256,F8,retained,3,0,0.5499406160088256,49160b0fece513842a1194c0aaca5b2d06de6de417533c401ac0c383b2e70611
repeat,5,k256,F16,retained,3,1,0.5440664759953506,49160b0fece513842a1194c0aaca5b2d06de6de417533c401ac0c383b2e70611
repeat,5,k256,F16,retained,4,0,0.5434001230023568,49160b0fece513842a1194c0aaca5b2d06de6de417533c401ac0c383b2e70611
repeat,5,k256,F8,retained,4,1,0.5478641370136756,49160b0fece513842a1194c0aaca5b2d06de6de417533c401ac0c383b2e70611
repeat,5,k256,F8,retained,5,0,0.5475656810012879,49160b0fece513842a1194c0aaca5b2d06de6de417533c401ac0c383b2e70611
repeat,5,k256,F16,retained,5,1,0.5449354690063046,49160b0fece513842a1194c0aaca5b2d06de6de417533c401ac0c383b2e70611
repeat,5,original,F8,warmup,0,0,0.16732555600174237,13cae87e6a0f75a13f3e9a7881b33c42ab77680f6d13e99dcc00fa2de5963495
repeat,5,original,F16,warmup,0,1,0.15913341999112163,13cae87e6a0f75a13f3e9a7881b33c42ab77680f6d13e99dcc00fa2de5963495
repeat,5,original,F16,warmup,1,0,0.15725790400756523,13cae87e6a0f75a13f3e9a7881b33c42ab77680f6d13e99dcc00fa2de5963495
repeat,5,original,F8,warmup,1,1,0.15408411600219551,13cae87e6a0f75a13f3e9a7881b33c42ab77680f6d13e99dcc00fa2de5963495
repeat,5,original,F8,retained,0,0,0.1536857629980659,13cae87e6a0f75a13f3e9a7881b33c42ab77680f6d13e99dcc00fa2de5963495
repeat,5,original,F16,retained,0,1,0.1573822350037517,13cae87e6a0f75a13f3e9a7881b33c42ab77680f6d13e99dcc00fa2de5963495
repeat,5,original,F16,retained,1,0,0.15675793599803,13cae87e6a0f75a13f3e9a7881b33c42ab77680f6d13e99dcc00fa2de5963495
repeat,5,original,F8,retained,1,1,0.15408660599496216,13cae87e6a0f75a13f3e9a7881b33c42ab77680f6d13e99dcc00fa2de5963495
repeat,5,original,F8,retained,2,0,0.15645305000361986,13cae87e6a0f75a13f3e9a7881b33c42ab77680f6d13e99dcc00fa2de5963495
repeat,5,original,F16,retained,2,1,0.157718501999625,13cae87e6a0f75a13f3e9a7881b33c42ab77680f6d13e99dcc00fa2de5963495
repeat,5,original,F16,retained,3,0,0.15616446199419443,13cae87e6a0f75a13f3e9a7881b33c42ab77680f6d13e99dcc00fa2de5963495
repeat,5,original,F8,retained,3,1,0.15413911199721042,13cae87e6a0f75a13f3e9a7881b33c42ab77680f6d13e99dcc00fa2de5963495
repeat,5,original,F8,retained,4,0,0.1544394189986633,13cae87e6a0f75a13f3e9a7881b33c42ab77680f6d13e99dcc00fa2de5963495
repeat,5,original,F16,retained,4,1,0.1569123179942835,13cae87e6a0f75a13f3e9a7881b33c42ab77680f6d13e99dcc00fa2de5963495
repeat,5,original,F16,retained,5,0,0.15681133999896701,13cae87e6a0f75a13f3e9a7881b33c42ab77680f6d13e99dcc00fa2de5963495
repeat,5,original,F8,retained,5,1,0.15402772100060247,13cae87e6a0f75a13f3e9a7881b33c42ab77680f6d13e99dcc00fa2de5963495
repeat,5,k64,F16,warmup,0,0,0.15854697399481665,4863a23e3edeb18d5e72d89fb0e25c0dbaea17762bbc98a7159803be72407a80
repeat,5,k64,F8,warmup,0,1,0.15256920899264514,4863a23e3edeb18d5e72d89fb0e25c0dbaea17762bbc98a7159803be72407a80
repeat,5,k64,F8,warmup,1,0,0.15257509901130106,4863a23e3edeb18d5e72d89fb0e25c0dbaea17762bbc98a7159803be72407a80
repeat,5,k64,F16,warmup,1,1,0.1554436650039861,4863a23e3edeb18d5e72d89fb0e25c0dbaea17762bbc98a7159803be72407a80
repeat,5,k64,F16,retained,0,0,0.1550044540053932,4863a23e3edeb18d5e72d89fb0e25c0dbaea17762bbc98a7159803be72407a80
repeat,5,k64,F8,retained,0,1,0.15262734299176373,4863a23e3edeb18d5e72d89fb0e25c0dbaea17762bbc98a7159803be72407a80
repeat,5,k64,F8,retained,1,0,0.1531532299995888,4863a23e3edeb18d5e72d89fb0e25c0dbaea17762bbc98a7159803be72407a80
repeat,5,k64,F16,retained,1,1,0.155627086001914,4863a23e3edeb18d5e72d89fb0e25c0dbaea17762bbc98a7159803be72407a80
repeat,5,k64,F16,retained,2,0,0.15509866899810731,4863a23e3edeb18d5e72d89fb0e25c0dbaea17762bbc98a7159803be72407a80
repeat,5,k64,F8,retained,2,1,0.15310458700696472,4863a23e3edeb18d5e72d89fb0e25c0dbaea17762bbc98a7159803be72407a80
repeat,5,k64,F8,retained,3,0,0.1523082290077582,4863a23e3edeb18d5e72d89fb0e25c0dbaea17762bbc98a7159803be72407a80
repeat,5,k64,F16,retained,3,1,0.1563453309936449,4863a23e3edeb18d5e72d89fb0e25c0dbaea17762bbc98a7159803be72407a80
repeat,5,k64,F16,retained,4,0,0.15509740900597535,4863a23e3edeb18d5e72d89fb0e25c0dbaea17762bbc98a7159803be72407a80
repeat,5,k64,F8,retained,4,1,0.15281818599032704,4863a23e3edeb18d5e72d89fb0e25c0dbaea17762bbc98a7159803be72407a80
repeat,5,k64,F8,retained,5,0,0.15222789399558678,4863a23e3edeb18d5e72d89fb0e25c0dbaea17762bbc98a7159803be72407a80
repeat,5,k64,F16,retained,5,1,0.15534218699031044,4863a23e3edeb18d5e72d89fb0e25c0dbaea17762bbc98a7159803be72407a80
repeat,5,k16,F8,warmup,0,0,0.07902587299759034,b65ded9f0b0892bf0c056a679273dea504eaa5f2bee6f1b960c8de2d1248aa85
repeat,5,k16,F16,warmup,0,1,0.0792283269984182,b65ded9f0b0892bf0c056a679273dea504eaa5f2bee6f1b960c8de2d1248aa85
repeat,5,k16,F16,warmup,1,0,0.0754576960025588,b65ded9f0b0892bf0c056a679273dea504eaa5f2bee6f1b960c8de2d1248aa85
repeat,5,k16,F8,warmup,1,1,0.07038993599417154,b65ded9f0b0892bf0c056a679273dea504eaa5f2bee6f1b960c8de2d1248aa85
repeat,5,k16,F8,retained,0,0,0.07102770399069414,b65ded9f0b0892bf0c056a679273dea504eaa5f2bee6f1b960c8de2d1248aa85
repeat,5,k16,F16,retained,0,1,0.07492718800494913,b65ded9f0b0892bf0c056a679273dea504eaa5f2bee6f1b960c8de2d1248aa85
repeat,5,k16,F16,retained,1,0,0.07530586900247727,b65ded9f0b0892bf0c056a679273dea504eaa5f2bee6f1b960c8de2d1248aa85
repeat,5,k16,F8,retained,1,1,0.07039971199992578,b65ded9f0b0892bf0c056a679273dea504eaa5f2bee6f1b960c8de2d1248aa85
repeat,5,k16,F8,retained,2,0,0.07036947501183022,b65ded9f0b0892bf0c056a679273dea504eaa5f2bee6f1b960c8de2d1248aa85
repeat,5,k16,F16,retained,2,1,0.07474989000183996,b65ded9f0b0892bf0c056a679273dea504eaa5f2bee6f1b960c8de2d1248aa85
repeat,5,k16,F16,retained,3,0,0.07480627999757417,b65ded9f0b0892bf0c056a679273dea504eaa5f2bee6f1b960c8de2d1248aa85
repeat,5,k16,F8,retained,3,1,0.07037648699770216,b65ded9f0b0892bf0c056a679273dea504eaa5f2bee6f1b960c8de2d1248aa85
repeat,5,k16,F8,retained,4,0,0.07031727899448015,b65ded9f0b0892bf0c056a679273dea504eaa5f2bee6f1b960c8de2d1248aa85
repeat,5,k16,F16,retained,4,1,0.07532114499190357,b65ded9f0b0892bf0c056a679273dea504eaa5f2bee6f1b960c8de2d1248aa85
repeat,5,k16,F16,retained,5,0,0.07493492600042373,b65ded9f0b0892bf0c056a679273dea504eaa5f2bee6f1b960c8de2d1248aa85
repeat,5,k16,F8,retained,5,1,0.07043522600724827,b65ded9f0b0892bf0c056a679273dea504eaa5f2bee6f1b960c8de2d1248aa85
repeat,5,k4,F16,warmup,0,0,0.06091590200958308,0b1503dbe8814b114412ba0d04f6d10d958ae15ab7817d3a8dab4413f8f7579a
repeat,5,k4,F8,warmup,0,1,0.054073703999165446,0b1503dbe8814b114412ba0d04f6d10d958ae15ab7817d3a8dab4413f8f7579a
repeat,5,k4,F8,warmup,1,0,0.05403841599763837,0b1503dbe8814b114412ba0d04f6d10d958ae15ab7817d3a8dab4413f8f7579a
repeat,5,k4,F16,warmup,1,1,0.058725169001263566,0b1503dbe8814b114412ba0d04f6d10d958ae15ab7817d3a8dab4413f8f7579a
repeat,5,k4,F16,retained,0,0,0.05850022999220528,0b1503dbe8814b114412ba0d04f6d10d958ae15ab7817d3a8dab4413f8f7579a
repeat,5,k4,F8,retained,0,1,0.05378155200742185,0b1503dbe8814b114412ba0d04f6d10d958ae15ab7817d3a8dab4413f8f7579a
repeat,5,k4,F8,retained,1,0,0.05373427999438718,0b1503dbe8814b114412ba0d04f6d10d958ae15ab7817d3a8dab4413f8f7579a
repeat,5,k4,F16,retained,1,1,0.05844227700436022,0b1503dbe8814b114412ba0d04f6d10d958ae15ab7817d3a8dab4413f8f7579a
repeat,5,k4,F16,retained,2,0,0.058470648000366054,0b1503dbe8814b114412ba0d04f6d10d958ae15ab7817d3a8dab4413f8f7579a
repeat,5,k4,F8,retained,2,1,0.05359889600367751,0b1503dbe8814b114412ba0d04f6d10d958ae15ab7817d3a8dab4413f8f7579a
repeat,5,k4,F8,retained,3,0,0.0536795490043005,0b1503dbe8814b114412ba0d04f6d10d958ae15ab7817d3a8dab4413f8f7579a
repeat,5,k4,F16,retained,3,1,0.05848668699036352,0b1503dbe8814b114412ba0d04f6d10d958ae15ab7817d3a8dab4413f8f7579a
repeat,5,k4,F16,retained,4,0,0.058396341002662666,0b1503dbe8814b114412ba0d04f6d10d958ae15ab7817d3a8dab4413f8f7579a
repeat,5,k4,F8,retained,4,1,0.05347523000091314,0b1503dbe8814b114412ba0d04f6d10d958ae15ab7817d3a8dab4413f8f7579a
repeat,5,k4,F8,retained,5,0,0.053797279004356824,0b1503dbe8814b114412ba0d04f6d10d958ae15ab7817d3a8dab4413f8f7579a
repeat,5,k4,F16,retained,5,1,0.05850980299874209,0b1503dbe8814b114412ba0d04f6d10d958ae15ab7817d3a8dab4413f8f7579a
repeat,5,k1024,F8,warmup,0,0,2.4889212389971362,1aa5d88ffa1f87e75ad08af781637cb073d2c862378f6b4dcf84f2a56c3d6fe3
repeat,5,k1024,F16,warmup,0,1,2.2954131120059174,1aa5d88ffa1f87e75ad08af781637cb073d2c862378f6b4dcf84f2a56c3d6fe3
repeat,5,k1024,F16,warmup,1,0,2.291407615004573,1aa5d88ffa1f87e75ad08af781637cb073d2c862378f6b4dcf84f2a56c3d6fe3
repeat,5,k1024,F8,warmup,1,1,2.3255838799959747,1aa5d88ffa1f87e75ad08af781637cb073d2c862378f6b4dcf84f2a56c3d6fe3
repeat,5,k1024,F8,retained,0,0,2.3245275869994657,1aa5d88ffa1f87e75ad08af781637cb073d2c862378f6b4dcf84f2a56c3d6fe3
repeat,5,k1024,F16,retained,0,1,2.2908242720004637,1aa5d88ffa1f87e75ad08af781637cb073d2c862378f6b4dcf84f2a56c3d6fe3
repeat,5,k1024,F16,retained,1,0,2.289958256005775,1aa5d88ffa1f87e75ad08af781637cb073d2c862378f6b4dcf84f2a56c3d6fe3
repeat,5,k1024,F8,retained,1,1,2.3161456329980865,1aa5d88ffa1f87e75ad08af781637cb073d2c862378f6b4dcf84f2a56c3d6fe3
repeat,5,k1024,F8,retained,2,0,2.318172750994563,1aa5d88ffa1f87e75ad08af781637cb073d2c862378f6b4dcf84f2a56c3d6fe3
repeat,5,k1024,F16,retained,2,1,2.3169345960050123,1aa5d88ffa1f87e75ad08af781637cb073d2c862378f6b4dcf84f2a56c3d6fe3
repeat,5,k1024,F16,retained,3,0,2.2802724679932,1aa5d88ffa1f87e75ad08af781637cb073d2c862378f6b4dcf84f2a56c3d6fe3
repeat,5,k1024,F8,retained,3,1,2.3187348339997698,1aa5d88ffa1f87e75ad08af781637cb073d2c862378f6b4dcf84f2a56c3d6fe3
repeat,5,k1024,F8,retained,4,0,2.3180752050102456,1aa5d88ffa1f87e75ad08af781637cb073d2c862378f6b4dcf84f2a56c3d6fe3
repeat,5,k1024,F16,retained,4,1,2.306596103007905,1aa5d88ffa1f87e75ad08af781637cb073d2c862378f6b4dcf84f2a56c3d6fe3
repeat,5,k1024,F16,retained,5,0,2.279592600010801,1aa5d88ffa1f87e75ad08af781637cb073d2c862378f6b4dcf84f2a56c3d6fe3
repeat,5,k1024,F8,retained,5,1,2.3179578080016654,1aa5d88ffa1f87e75ad08af781637cb073d2c862378f6b4dcf84f2a56c3d6fe3
