layout,kind,cell,parent,child,full_offdiag_occupied_parents,active_child_quantiles,mean_active_children,active_child_fraction,top_child_mass_quantiles,at_most_quarter_children_fraction,capacity_reduction,subtile_opportunity_gate
original,oracle,k4,256,64,25691,"[1.0, 2.0, 3.0, 5.0, 6.0, 9.0, 15.0]",3.5262932544470824,0.22039332840294265,"[0.09090909090909091, 0.3, 0.4, 0.5, 1.0, 1.0, 1.0]",0.7248063524191352,0.7787303451117794,True
original,oracle,k4,64,16,91109,"[1.0, 1.0, 1.0, 1.0, 2.0, 3.0, 6.0]",1.2370237846974503,0.07731398654359065,"[0.16666666666666666, 1.0, 1.0, 1.0, 1.0, 1.0, 1.0]",0.999242665378832,0.9216503668081139,True
original,oracle,k16,256,64,27259,"[1.0, 7.0, 9.0, 11.0, 13.0, 15.0, 16.0]",8.998422539344803,0.5624014087090502,"[0.08333333333333333, 0.18181818181818182, 0.22727272727272727, 0.2857142857142857, 0.35294117647058826, 0.5, 1.0]",0.04611321031585898,0.43704270932262035,True
original,oracle,k16,64,16,246761,"[1.0, 1.0, 1.0, 2.0, 3.0, 5.0, 10.0]",1.7333776407130785,0.10833610254456741,"[0.1111111111111111, 0.5, 1.0, 1.0, 1.0, 1.0, 1.0]",0.9785257800057545,0.8912608775559068,True
original,oracle,k64,256,64,27261,"[6.0, 14.0, 15.0, 16.0, 16.0, 16.0, 16.0]",14.901617695609112,0.9313511059755695,"[0.07142857142857142, 0.12987012987012986, 0.15, 0.17567567567567569, 0.20454545454545456, 0.26803135888501806, 0.3880597014925373]",0.0,0.06859092792897892,False
original,oracle,k64,64,16,408476,"[1.0, 2.0, 3.0, 5.0, 6.0, 9.0, 16.0]",3.5567866900380927,0.2222991681273808,"[0.08333333333333333, 0.2857142857142857, 0.4, 0.5, 1.0, 1.0, 1.0]",0.7162844328675368,0.77747357364657,True
original,oracle,original,256,64,27261,"[6.0, 14.0, 15.0, 16.0, 16.0, 16.0, 16.0]",14.940391034811636,0.9337744396757273,"[0.08148148148148149, 0.12941176470588237, 0.15, 0.175, 0.20408163265306123, 0.2682926829268293, 0.37681159420289856]",0.0,0.06616181285867462,False
original,oracle,original,64,16,409541,"[1.0, 2.0, 3.0, 5.0, 6.0, 9.0, 16.0]",3.595893939800899,0.2247433712375562,"[0.07692307692307693, 0.2857142857142857, 0.4, 0.5, 1.0, 1.0, 1.0]",0.7088350128558557,0.7750305551056212,True
original,oracle,k256,256,64,27261,"[14.0, 16.0, 16.0, 16.0, 16.0, 16.0, 16.0]",15.995304647665163,0.9997065404790727,"[0.07331378299120235, 0.1015625, 0.11284046692607004, 0.12698412698412698, 0.1417910447761194, 0.1724137931034483, 0.2366412213740458]",0.0,0.0002992305683794383,False
original,oracle,k256,64,16,438386,"[1.0, 7.0, 9.0, 11.0, 13.0, 15.0, 16.0]",8.981251682307374,0.5613282301442108,"[0.07142857142857142, 0.18181818181818182, 0.2222222222222222, 0.2857142857142857, 0.35294117647058826, 0.5294117647058824, 1.0]",0.054214778756620875,0.43859347953885386,True
original,oracle,k1024,256,64,27261,"[16.0, 16.0, 16.0, 16.0, 16.0, 16.0, 16.0]",16.0,1.0,"[0.06879194630872483, 0.08646616541353383, 0.09325044404973357, 0.10159362549800798, 0.11075697211155379, 0.12941530562563627, 0.15730337078651685]",0.0,0.0,False
original,oracle,k1024,64,16,438516,"[6.0, 14.0, 15.0, 16.0, 16.0, 16.0, 16.0]",14.94190633865127,0.9338691461657044,"[0.07407407407407407, 0.12844036697247707, 0.14814814814814814, 0.17333333333333334, 0.20238095238095238, 0.26666666666666666, 0.5333333333333333]",0.0,0.06613280000888877,False
original,r16,k4,256,64,27261,"[16.0, 16.0, 16.0, 16.0, 16.0, 16.0, 16.0]",16.0,1.0,"[0.0659075979855485, 0.0748158379373849, 0.07846003898635477, 0.08290924512298559, 0.08748906386701662, 0.09685656548154797, 0.114]",0.0,0.0,False
original,r16,k4,64,16,438516,"[15.0, 16.0, 16.0, 16.0, 16.0, 16.0, 16.0]",15.999813005682803,0.9999883128551752,"[0.07033639143730887, 0.09414758269720101, 0.10256410256410256, 0.11320754716981132, 0.125, 0.15100671140939598, 0.22093023255813954]",0.0,1.1946467558865415e-05,False
original,r16,k16,256,64,27261,"[16.0, 16.0, 16.0, 16.0, 16.0, 16.0, 16.0]",16.0,1.0,"[0.06490490933215391, 0.07217754250229054, 0.07517627540439652, 0.07880617035546612, 0.08258020786262991, 0.09008652513489168, 0.10362748155077435]",0.0,0.0,False
original,r16,k16,64,16,438516,"[16.0, 16.0, 16.0, 16.0, 16.0, 16.0, 16.0]",16.0,1.0,"[0.0674373795761079, 0.08610567514677103, 0.09245283018867924, 0.10033444816053512, 0.1088560885608856, 0.12734864300626306, 0.17570093457943925]",0.0,0.0,False
original,r16,k64,256,64,27261,"[16.0, 16.0, 16.0, 16.0, 16.0, 16.0, 16.0]",16.0,1.0,"[0.06443587510884438, 0.07025641025641026, 0.07261512153413949, 0.07555302021930659, 0.07871791722952229, 0.08474178881761214, 0.09547773335171653]",0.0,0.0,False
original,r16,k64,64,16,438516,"[16.0, 16.0, 16.0, 16.0, 16.0, 16.0, 16.0]",16.0,1.0,"[0.06645316253002402, 0.08070500927643785, 0.08562367864693446, 0.09156378600823045, 0.09788867562380038, 0.11122554067971163, 0.15027027027027026]",0.0,0.0,False
original,r16,original,256,64,27261,"[16.0, 16.0, 16.0, 16.0, 16.0, 16.0, 16.0]",16.0,1.0,"[0.06436440153484342, 0.07023067142943634, 0.0725791287997493, 0.07552678344757553, 0.07866038134102582, 0.08469692945551223, 0.09545672582745152]",0.0,0.0,False
original,r16,original,64,16,438516,"[16.0, 16.0, 16.0, 16.0, 16.0, 16.0, 16.0]",16.0,1.0,"[0.06654512306289881, 0.08064516129032258, 0.08555133079847908, 0.09147609147609148, 0.09779179810725552, 0.1111111111111111, 0.1496232508073197]",0.0,0.0,False
original,r16,k256,256,64,27261,"[16.0, 16.0, 16.0, 16.0, 16.0, 16.0, 16.0]",16.0,1.0,"[0.06339376655123242, 0.06866112797571497, 0.07044313554966992, 0.07279050736497546, 0.07523600260416667, 0.07998719044037052, 0.08620470976197522]",0.0,0.0,False
original,r16,k256,64,16,438516,"[16.0, 16.0, 16.0, 16.0, 16.0, 16.0, 16.0]",16.0,1.0,"[0.0650730411686587, 0.07656145063801209, 0.08034433285509325, 0.08478382930937675, 0.0893854748603352, 0.0988490182802979, 0.12586872586872586]",0.0,0.0,False
original,r16,k1024,256,64,27261,"[16.0, 16.0, 16.0, 16.0, 16.0, 16.0, 16.0]",16.0,1.0,"[0.06343559678980022, 0.0672378205671954, 0.06860950637762397, 0.07035369393921441, 0.07222594329091316, 0.07569605194693023, 0.08112489867182142]",0.0,0.0,False
original,r16,k1024,64,16,438516,"[16.0, 16.0, 16.0, 16.0, 16.0, 16.0, 16.0]",16.0,1.0,"[0.06454388984509467, 0.07317073170731707, 0.07599309153713299, 0.07921291624621594, 0.08246958089229382, 0.08888888888888889, 0.10965372507869885]",0.0,0.0,False
original,r32,k4,256,64,27261,"[16.0, 16.0, 16.0, 16.0, 16.0, 16.0, 16.0]",16.0,1.0,"[0.0696969696969697, 0.08677098150782361, 0.09331259720062209, 0.10115606936416185, 0.10949868073878628, 0.12576382380506093, 0.1523809523809524]",0.0,0.0,False
original,r32,k4,64,16,438516,"[4.0, 13.0, 14.0, 15.0, 16.0, 16.0, 16.0]",13.812620292076002,0.8632887682547501,"[0.07407407407407407, 0.13636363636363635, 0.15789473684210525, 0.18518518518518517, 0.21621621621621623, 0.2857142857142857, 0.5405405405405406]",2.280418502403561e-06,0.1367751070815486,False
original,r32,k16,256,64,27261,"[16.0, 16.0, 16.0, 16.0, 16.0, 16.0, 16.0]",16.0,1.0,"[0.06741573033707865, 0.07941325240263025, 0.08429351121892056, 0.08996359854394176, 0.09577338129496403, 0.1068424334452678, 0.12467755803955288]",0.0,0.0,False
original,r32,k16,64,16,438516,"[12.0, 16.0, 16.0, 16.0, 16.0, 16.0, 16.0]",15.931161006667944,0.9956975629167465,"[0.07086614173228346, 0.10810810810810811, 0.12030075187969924, 0.1357142857142857, 0.15315315315315314, 0.19285714285714287, 0.30434782608695654]",0.0,0.004308123753492987,False
original,r32,k64,256,64,27261,"[16.0, 16.0, 16.0, 16.0, 16.0, 16.0, 16.0]",16.0,1.0,"[0.06600273384104667, 0.0751597143930853, 0.07897240723120837, 0.08347073371805441, 0.08812421317666806, 0.09722193854043762, 0.11113004942900971]",0.0,0.0,False
original,r32,k64,64,16,438516,"[15.0, 16.0, 16.0, 16.0, 16.0, 16.0, 16.0]",15.999908783259905,0.999994298953744,"[0.06818181818181818, 0.09375, 0.10197368421052631, 0.11231884057971014, 0.1238390092879257, 0.14984709480122324, 0.22082018927444794]",0.0,5.688794075697778e-06,False
original,r32,original,256,64,27261,"[16.0, 16.0, 16.0, 16.0, 16.0, 16.0, 16.0]",16.0,1.0,"[0.0658961531826807, 0.07512388503468781, 0.07891470118815393, 0.08342420937840785, 0.08800147901645405, 0.09717202410167494, 0.1107920959297416]",0.0,0.0,False
original,r32,original,64,16,438516,"[15.0, 16.0, 16.0, 16.0, 16.0, 16.0, 16.0]",15.999915624515411,0.9999947265322132,"[0.06766917293233082, 0.0935672514619883, 0.10179640718562874, 0.11210762331838565, 0.1235632183908046, 0.14950166112956811, 0.219435736677116]",0.0,5.262134520012118e-06,False
original,r32,k256,256,64,27261,"[16.0, 16.0, 16.0, 16.0, 16.0, 16.0, 16.0]",16.0,1.0,"[0.06421773547985413, 0.07198250149135017, 0.07494309227805988, 0.07867147529984064, 0.08240435209132257, 0.08950976846299788, 0.09978732454274776]",0.0,0.0,False
original,r32,k256,64,16,438516,"[16.0, 16.0, 16.0, 16.0, 16.0, 16.0, 16.0]",16.0,1.0,"[0.0664819944598338, 0.08484005563282336, 0.09075907590759076, 0.09803921568627451, 0.10604262654183427, 0.12357873530936732, 0.17487266553480477]",0.0,0.0,False
original,r32,k1024,256,64,27261,"[16.0, 16.0, 16.0, 16.0, 16.0, 16.0, 16.0]",16.0,1.0,"[0.06395168782904924, 0.0694786857322157, 0.07183495770048978, 0.07464861561603911, 0.07751746000297191, 0.08302661574794398, 0.09057227256796675]",0.0,0.0,False
original,r32,k1024,64,16,438516,"[16.0, 16.0, 16.0, 16.0, 16.0, 16.0, 16.0]",16.0,1.0,"[0.0654911838790932, 0.07866108786610879, 0.08297320656871218, 0.08811305070656691, 0.09358490566037736, 0.1051028179741051, 0.1406672678088368]",0.0,0.0,False
original,r64,k4,256,64,27261,"[9.0, 15.0, 16.0, 16.0, 16.0, 16.0, 16.0]",15.229595392685521,0.9518497120428451,"[0.0784313725490196, 0.12244897959183673, 0.13924050632911392, 0.16, 0.18181818181818182, 0.23076923076923078, 0.3333333333333333]",0.0,0.04839229568396086,False
original,r64,k4,64,16,417442,"[1.0, 2.0, 3.0, 5.0, 6.0, 9.0, 14.0]",3.496885794912826,0.21855536218205163,"[0.08333333333333333, 0.2857142857142857, 0.4, 0.5, 1.0, 1.0, 1.0]",0.7334599776735451,0.781245611301522,True
original,r64,k16,256,64,27261,"[15.0, 16.0, 16.0, 16.0, 16.0, 16.0, 16.0]",15.999596493158725,0.9999747808224203,"[0.07023411371237458, 0.09540636042402827, 0.1040268456375839, 0.1145374449339207, 0.12612612612612611, 0.1494735297354808, 0.20833333333333334]",0.0,3.5270523269015364e-05,False
original,r64,k16,64,16,438505,"[1.0, 8.0, 10.0, 12.0, 13.0, 15.0, 16.0]",10.016170853239986,0.6260106783274991,"[0.06666666666666667, 0.16666666666666666, 0.2, 0.25, 0.3, 0.42857142857142855, 1.0]",0.013817402310121891,0.37406918157152913,True
original,r64,k64,256,64,27261,"[16.0, 16.0, 16.0, 16.0, 16.0, 16.0, 16.0]",16.0,1.0,"[0.06909090909090909, 0.08340807174887892, 0.08925476603119584, 0.09640831758034027, 0.10371819960861056, 0.1186363343429787, 0.1425206124852768]",0.0,0.0,False
original,r64,k64,64,16,438516,"[8.0, 15.0, 16.0, 16.0, 16.0, 16.0, 16.0]",15.316743288728347,0.9572964555455217,"[0.07407407407407407, 0.12244897959183673, 0.13924050632911392, 0.16071428571428573, 0.18461538461538463, 0.23880597014925373, 0.41935483870967744]",0.0,0.04273294111764803,False
original,r64,original,256,64,27261,"[16.0, 16.0, 16.0, 16.0, 16.0, 16.0, 16.0]",16.0,1.0,"[0.06907378335949764, 0.08327081770442611, 0.08915441176470588, 0.09619686800894854, 0.10350448247758762, 0.11812383093292506, 0.1413551401869159]",0.0,0.0,False
original,r64,original,64,16,438516,"[8.0, 15.0, 16.0, 16.0, 16.0, 16.0, 16.0]",15.343018270713042,0.9589386419195651,"[0.07246376811594203, 0.12195121951219512, 0.1388888888888889, 0.16, 0.1836734693877551, 0.23809523809523808, 0.40625]",0.0,0.041090301828302866,False
original,r64,k256,256,64,27261,"[16.0, 16.0, 16.0, 16.0, 16.0, 16.0, 16.0]",16.0,1.0,"[0.06553462456885116, 0.0771856130217905, 0.08159392789373814, 0.08673469387755102, 0.09186553759302027, 0.10197164658208417, 0.12198502911006376]",0.0,0.0,False
original,r64,k256,64,16,438516,"[14.0, 16.0, 16.0, 16.0, 16.0, 16.0, 16.0]",15.995721934889492,0.9997326209305932,"[0.07065217391304347, 0.1, 0.11004784688995216, 0.12280701754385964, 0.13690476190476192, 0.16853932584269662, 0.2702702702702703]",0.0,0.0002675155414076924,False
original,r64,k1024,256,64,27261,"[16.0, 16.0, 16.0, 16.0, 16.0, 16.0, 16.0]",16.0,1.0,"[0.06481481481481481, 0.07314137579853718, 0.07634285714285714, 0.08032440839906677, 0.08436507066944231, 0.09198972681052846, 0.10208243881494204]",0.0,0.0,False
original,r64,k1024,64,16,438516,"[16.0, 16.0, 16.0, 16.0, 16.0, 16.0, 16.0]",16.0,1.0,"[0.06744186046511629, 0.08732876712328767, 0.09404990403071017, 0.10231660231660232, 0.11132075471698114, 0.13141025641025642, 0.2]",0.0,0.0,False
random,oracle,k4,256,64,25571,"[1.0, 2.0, 3.0, 5.0, 6.0, 9.0, 13.0]",3.5250087990301515,0.22031304993938447,"[0.08333333333333333, 0.3, 0.4, 0.5, 1.0, 1.0, 1.0]",0.7239450940518556,0.7789274288566443,True
random,oracle,k4,64,16,90528,"[1.0, 1.0, 1.0, 1.0, 2.0, 3.0, 8.0]",1.2371973312124425,0.07732483320077765,"[0.125, 1.0, 1.0, 1.0, 1.0, 1.0, 1.0]",0.9983099151643691,0.9216183846927953,True
random,oracle,k16,256,64,27244,"[1.0, 7.0, 9.0, 11.0, 13.0, 15.0, 16.0]",8.921487299955954,0.5575929562472471,"[0.08333333333333333, 0.18518518518518517, 0.23076923076923078, 0.2857142857142857, 0.36363636363636365, 0.6, 1.0]",0.061077668477462925,0.4421101078729319,True
random,oracle,k16,64,16,244318,"[1.0, 1.0, 1.0, 2.0, 3.0, 5.0, 13.0]",1.7355577566941445,0.10847235979338403,"[0.09090909090909091, 0.5, 1.0, 1.0, 1.0, 1.0, 1.0]",0.9766410988957015,0.8910963602342996,True
random,oracle,k64,256,64,27261,"[7.0, 14.0, 15.0, 16.0, 16.0, 16.0, 16.0]",14.852793367814828,0.9282995854884267,"[0.08450704225352113, 0.1323529411764706, 0.15384615384615385, 0.18181818181818182, 0.2125, 0.2818345973275556, 0.4186046511627907]",0.0,0.07172659122347957,False
random,oracle,k64,64,16,407044,"[1.0, 2.0, 3.0, 5.0, 6.0, 9.0, 16.0]",3.535119053468421,0.22094494084177632,"[0.07142857142857142, 0.29411764705882354, 0.4, 0.5, 1.0, 1.0, 1.0]",0.7200056996295241,0.7787670770954165,True
random,oracle,original,256,64,27261,"[7.0, 14.0, 15.0, 16.0, 16.0, 16.0, 16.0]",14.894758079307435,0.9309223799567147,"[0.08163265306122448, 0.1320754716981132, 0.15384615384615385, 0.18085106382978725, 0.21153846153846154, 0.28019512195122026, 0.4166666666666667]",0.0,0.06910519491341816,False
random,oracle,original,64,16,408194,"[1.0, 2.0, 3.0, 5.0, 6.0, 9.0, 16.0]",3.573411172138738,0.22333819825867113,"[0.07142857142857142, 0.2857142857142857, 0.4, 0.5, 1.0, 1.0, 1.0]",0.7131657986153642,0.7763739332771246,True
random,oracle,k256,256,64,27261,"[15.0, 16.0, 16.0, 16.0, 16.0, 16.0, 16.0]",15.995671472066322,0.9997294670041451,"[0.07509881422924901, 0.10434782608695652, 0.11650485436893204, 0.1320754716981132, 0.14930555555555555, 0.1862506946098278, 0.24]",0.0,0.0002741998744465457,False
random,oracle,k256,64,16,438396,"[1.0, 7.0, 9.0, 11.0, 13.0, 15.0, 16.0]",8.945398680644896,0.559087417540306,"[0.07692307692307693, 0.18181818181818182, 0.22727272727272727, 0.2857142857142857, 0.35714285714285715, 0.5384615384615384, 1.0]",0.057085374866559,0.4407000213486092,True
random,oracle,k1024,256,64,27261,"[16.0, 16.0, 16.0, 16.0, 16.0, 16.0, 16.0]",16.0,1.0,"[0.06884681583476764, 0.08816705336426914, 0.09606147934678194, 0.10604651162790697, 0.11653645833333333, 0.13871970212308907, 0.18328840970350405]",0.0,0.0,False
random,oracle,k1024,64,16,438516,"[5.0, 14.0, 15.0, 16.0, 16.0, 16.0, 16.0]",14.960580685767452,0.9350362928604657,"[0.07368421052631578, 0.1282051282051282, 0.14864864864864866, 0.17543859649122806, 0.20588235294117646, 0.2753623188405797, 0.5357142857142857]",0.0,0.06491639361566193,False
random,r16,k4,256,64,27261,"[16.0, 16.0, 16.0, 16.0, 16.0, 16.0, 16.0]",16.0,1.0,"[0.06546762589928058, 0.07491789819376027, 0.07829181494661921, 0.08229191228483848, 0.08640752661549889, 0.09475589624023682, 0.11240934730056407]",0.0,0.0,False
random,r16,k4,64,16,438516,"[15.0, 16.0, 16.0, 16.0, 16.0, 16.0, 16.0]",15.999776518986765,0.9999860324366728,"[0.07011070110701106, 0.09352517985611511, 0.10185185185185185, 0.11231884057971014, 0.124, 0.14953271028037382, 0.2248995983935743]",0.0,1.3937545485398495e-05,False
random,r16,k16,256,64,27261,"[16.0, 16.0, 16.0, 16.0, 16.0, 16.0, 16.0]",16.0,1.0,"[0.06471396848894999, 0.07248618784530386, 0.07518289251547552, 0.0783321060382916, 0.08152524167561762, 0.08802605175622055, 0.10001009183570492]",0.0,0.0,False
random,r16,k16,64,16,438516,"[16.0, 16.0, 16.0, 16.0, 16.0, 16.0, 16.0]",16.0,1.0,"[0.06738131699846861, 0.08576051779935275, 0.09205020920502092, 0.09982174688057041, 0.108348134991119, 0.1264957264957265, 0.1663286004056795]",0.0,0.0,False
random,r16,k64,256,64,27261,"[16.0, 16.0, 16.0, 16.0, 16.0, 16.0, 16.0]",16.0,1.0,"[0.06436600991176115, 0.07066021245125723, 0.07286269430051813, 0.0753642304694526, 0.0779017553408627, 0.0832961250320314, 0.09250997886827894]",0.0,0.0,False
random,r16,k64,64,16,438516,"[16.0, 16.0, 16.0, 16.0, 16.0, 16.0, 16.0]",16.0,1.0,"[0.066006600660066, 0.08055555555555556, 0.08545269582909461, 0.09140369967355821, 0.09771689497716896, 0.11084905660377359, 0.14347357065803668]",0.0,0.0,False
random,r16,original,256,64,27261,"[16.0, 16.0, 16.0, 16.0, 16.0, 16.0, 16.0]",16.0,1.0,"[0.06435137895812053, 0.07064905226881103, 0.07284459819052688, 0.07533745594786888, 0.07784570596797671, 0.0832304710088832, 0.09225738642998949]",0.0,0.0,False
random,r16,original,64,16,438516,"[16.0, 16.0, 16.0, 16.0, 16.0, 16.0, 16.0]",16.0,1.0,"[0.06615532118887824, 0.0804953560371517, 0.08537886872998933, 0.0913145296520867, 0.0976116303219107, 0.11062906724511931, 0.14346895074946467]",0.0,0.0,False
random,r16,k256,256,64,27261,"[16.0, 16.0, 16.0, 16.0, 16.0, 16.0, 16.0]",16.0,1.0,"[0.06429565359744618, 0.06901615271659324, 0.07077868852459017, 0.07275817416639689, 0.07474982746721877, 0.07888635953052484, 0.08671848079941805]",0.0,0.0,False
random,r16,k256,64,16,438516,"[16.0, 16.0, 16.0, 16.0, 16.0, 16.0, 16.0]",16.0,1.0,"[0.06554524361948956, 0.07647058823529412, 0.08029197080291971, 0.08486383787207093, 0.08956949505396344, 0.0990990990990991, 0.12413314840499307]",0.0,0.0,False
random,r16,k1024,256,64,27261,"[16.0, 16.0, 16.0, 16.0, 16.0, 16.0, 16.0]",16.0,1.0,"[0.0636417556346382, 0.06747090547828555, 0.0688542372881356, 0.07041241954642137, 0.07201005455739952, 0.07507689881540021, 0.0796812749003984]",0.0,0.0,False
random,r16,k1024,64,16,438516,"[16.0, 16.0, 16.0, 16.0, 16.0, 16.0, 16.0]",16.0,1.0,"[0.06428867689755288, 0.07303921568627451, 0.07596153846153846, 0.07941579187585578, 0.08291956305858987, 0.08971553610503283, 0.10458806117414898]",0.0,0.0,False
random,r32,k4,256,64,27261,"[16.0, 16.0, 16.0, 16.0, 16.0, 16.0, 16.0]",16.0,1.0,"[0.06923076923076923, 0.08716323296354993, 0.09370199692780339, 0.10204081632653061, 0.11126961483594865, 0.13071277854974014, 0.1720647773279352]",0.0,0.0,False
random,r32,k4,64,16,438516,"[3.0, 13.0, 14.0, 15.0, 16.0, 16.0, 16.0]",13.848904030867745,0.8655565019292341,"[0.07317073170731707, 0.13559322033898305, 0.1568627450980392, 0.18421052631578946, 0.21428571428571427, 0.2857142857142857, 0.5384615384615384]",1.1402092512017805e-05,0.13445151914134768,False
random,r32,k16,256,64,27261,"[16.0, 16.0, 16.0, 16.0, 16.0, 16.0, 16.0]",16.0,1.0,"[0.06791827719491994, 0.0796812749003984, 0.08428571428571428, 0.09003831417624521, 0.09626512361914781, 0.10897249702848766, 0.1346153846153846]",0.0,0.0,False
random,r32,k16,64,16,438516,"[12.0, 16.0, 16.0, 16.0, 16.0, 16.0, 16.0]",15.935555373122074,0.9959722108201297,"[0.072, 0.10714285714285714, 0.11926605504587157, 0.1346153846153846, 0.152, 0.19101123595505617, 0.3448275862068966]",0.0,0.004027523985711379,False
random,r32,k64,256,64,27261,"[16.0, 16.0, 16.0, 16.0, 16.0, 16.0, 16.0]",16.0,1.0,"[0.06506338553318419, 0.07526107310046813, 0.0788111217641419, 0.08302183749754083, 0.08759124087591241, 0.09707526306535215, 0.11413043478260869]",0.0,0.0,False
random,r32,k64,64,16,438516,"[15.0, 16.0, 16.0, 16.0, 16.0, 16.0, 16.0]",15.999913344096909,0.9999945840060568,"[0.06914893617021277, 0.09294871794871795, 0.10130718954248366, 0.11182108626198083, 0.12345679012345678, 0.14903846153846154, 0.21241830065359477]",0.0,5.404354371907338e-06,False
random,r32,original,256,64,27261,"[16.0, 16.0, 16.0, 16.0, 16.0, 16.0, 16.0]",16.0,1.0,"[0.06517839346222842, 0.07523148148148148, 0.07877247849882721, 0.08294442087399237, 0.0875, 0.09702942587395758, 0.11307631160572337]",0.0,0.0,False
random,r32,original,64,16,438516,"[15.0, 16.0, 16.0, 16.0, 16.0, 16.0, 16.0]",15.999922465770918,0.9999951541106824,"[0.06842105263157895, 0.09285714285714286, 0.10114942528735632, 0.11159737417943107, 0.12318840579710146, 0.14871794871794872, 0.20967741935483872]",0.0,4.835474964326458e-06,False
random,r32,k256,256,64,27261,"[16.0, 16.0, 16.0, 16.0, 16.0, 16.0, 16.0]",16.0,1.0,"[0.06522693354402599, 0.07214291819813659, 0.0748444609527347, 0.0780759493670886, 0.08137530617799148, 0.08867261452809871, 0.10076743410076744]",0.0,0.0,False
random,r32,k256,64,16,438516,"[16.0, 16.0, 16.0, 16.0, 16.0, 16.0, 16.0]",16.0,1.0,"[0.06697459584295612, 0.0844062947067239, 0.09047619047619047, 0.09796437659033079, 0.10610079575596817, 0.12332112332112333, 0.17286245353159851]",0.0,0.0,False
random,r32,k1024,256,64,27261,"[16.0, 16.0, 16.0, 16.0, 16.0, 16.0, 16.0]",16.0,1.0,"[0.06441184985042941, 0.0697430229345123, 0.07180308767841538, 0.07415284961570068, 0.0765166036367404, 0.08184936737153115, 0.09150391593139685]",0.0,0.0,False
random,r32,k1024,64,16,438516,"[16.0, 16.0, 16.0, 16.0, 16.0, 16.0, 16.0]",16.0,1.0,"[0.0653930933137399, 0.07848837209302326, 0.08287724784988272, 0.08818635607321132, 0.09384858044164038, 0.10555936073059351, 0.13333333333333333]",0.0,0.0,False
random,r64,k4,256,64,27261,"[9.0, 15.0, 16.0, 16.0, 16.0, 16.0, 16.0]",15.234620886981402,0.9521638054363376,"[0.07317073170731707, 0.125, 0.1411764705882353, 0.16326530612244897, 0.18867924528301888, 0.24242424242424243, 0.3888888888888889]",0.0,0.0480384526924551,False
random,r64,k4,64,16,417479,"[1.0, 2.0, 3.0, 5.0, 6.0, 9.0, 15.0]",3.4967986413687875,0.21854991508554922,"[0.08333333333333333, 0.2857142857142857, 0.4, 0.5, 1.0, 1.0, 1.0]",0.7330452549709087,0.7811893277505305,True
random,r64,k16,256,64,27261,"[15.0, 16.0, 16.0, 16.0, 16.0, 16.0, 16.0]",15.999706540479073,0.999981658779942,"[0.07277628032345014, 0.09646302250803858, 0.10583941605839416, 0.11799410029498525, 0.13138686131386862, 0.1596401941058114, 0.2112676056338028]",0.0,2.047965867235657e-05,False
random,r64,k16,64,16,438508,"[1.0, 8.0, 10.0, 12.0, 13.0, 15.0, 16.0]",10.041392631377306,0.6275870394610816,"[0.07142857142857142, 0.16666666666666666, 0.2, 0.25, 0.3, 0.42857142857142855, 1.0]",0.01477966194459394,0.3723040686084038,True
random,r64,k64,256,64,27261,"[16.0, 16.0, 16.0, 16.0, 16.0, 16.0, 16.0]",16.0,1.0,"[0.06910167818361303, 0.08462164361269324, 0.09074243813015583, 0.0983739837398374, 0.10654827968923418, 0.12334762708741107, 0.1517113783533765]",0.0,0.0,False
random,r64,k64,64,16,438516,"[7.0, 15.0, 16.0, 16.0, 16.0, 16.0, 16.0]",15.347291774986546,0.9592057359366591,"[0.07216494845360824, 0.12121212121212122, 0.13829787234042554, 0.16, 0.18421052631578946, 0.24, 0.4]",0.0,0.04078282250851373,False
random,r64,original,256,64,27261,"[16.0, 16.0, 16.0, 16.0, 16.0, 16.0, 16.0]",16.0,1.0,"[0.06978879706152434, 0.08451957295373666, 0.09062170706006323, 0.09820732657833203, 0.10633802816901408, 0.12270066647348599, 0.14959202175883954]",0.0,0.0,False
random,r64,original,64,16,438516,"[7.0, 15.0, 16.0, 16.0, 16.0, 16.0, 16.0]",15.373258900473415,0.9608286812795884,"[0.07142857142857142, 0.12121212121212122, 0.13793103448275862, 0.1590909090909091, 0.1836734693877551, 0.23809523809523808, 0.3902439024390244]",0.0,0.03916080509769282,False
random,r64,k256,256,64,27261,"[16.0, 16.0, 16.0, 16.0, 16.0, 16.0, 16.0]",16.0,1.0,"[0.06691749529696318, 0.07798800184586986, 0.08214474379292129, 0.08722171393717597, 0.09276018099547512, 0.10343762359455347, 0.12254335260115606]",0.0,0.0,False
random,r64,k256,64,16,438516,"[14.0, 16.0, 16.0, 16.0, 16.0, 16.0, 16.0]",15.996684271497505,0.9997927669685941,"[0.07096774193548387, 0.0990990990990991, 0.109375, 0.12244897959183673, 0.136986301369863, 0.16901408450704225, 0.24870466321243523]",0.0,0.00020721432420567343,False
random,r64,k1024,256,64,27261,"[16.0, 16.0, 16.0, 16.0, 16.0, 16.0, 16.0]",16.0,1.0,"[0.06533940485015355, 0.07338172417221836, 0.0763614237906906, 0.07993771087464313, 0.08373893805309734, 0.09165507028822634, 0.10509697789806044]",0.0,0.0,False
random,r64,k1024,64,16,438516,"[16.0, 16.0, 16.0, 16.0, 16.0, 16.0, 16.0]",16.0,1.0,"[0.06743421052631579, 0.08687943262411348, 0.09375, 0.10240963855421686, 0.11174242424242424, 0.13170731707317074, 0.18160919540229886]",0.0,0.0,False
kd_variance,oracle,k4,256,64,5362,"[1.0, 1.0, 2.0, 4.0, 7.0, 15.0, 16.0]",3.0192092502797463,0.18870057814248414,"[0.0979381443298969, 0.45454545454545453, 0.6666666666666666, 1.0, 1.0, 1.0, 1.0]",0.8024990675121223,0.8052815401121354,True
kd_variance,oracle,k4,64,16,16599,"[1.0, 1.0, 1.0, 3.0, 6.0, 13.0, 16.0]",2.489125850954877,0.1555703656846798,"[0.09375, 0.5, 1.0, 1.0, 1.0, 1.0, 1.0]",0.8587866738960178,0.8390581322647601,True
kd_variance,oracle,k16,256,64,11306,"[1.0, 1.0, 3.0, 6.0, 11.0, 16.0, 16.0]",4.418715726163099,0.2761697328851937,"[0.09615384615384616, 0.3333333333333333, 0.5, 1.0, 1.0, 1.0, 1.0]",0.6515124712542013,0.7205333671942267,True
kd_variance,oracle,k16,64,16,50609,"[1.0, 1.0, 2.0, 4.0, 7.0, 15.0, 16.0]",2.9502262443438916,0.18438914027149322,"[0.08061749571183534, 0.4, 0.6666666666666666, 1.0, 1.0, 1.0, 1.0]",0.8114367009820388,0.8134575473894701,True
kd_variance,oracle,k64,256,64,20423,"[1.0, 2.0, 5.0, 11.0, 15.0, 16.0, 16.0]",6.666552416393282,0.4166595260245801,"[0.08997469955724226, 0.25, 0.34615384615384615, 0.5172413793103449, 1.0, 1.0, 1.0]",0.44601674582578466,0.5812552898796095,True
kd_variance,oracle,k64,64,16,137173,"[1.0, 1.0, 2.0, 5.0, 9.0, 16.0, 16.0]",3.7194345826073643,0.23246466141296027,"[0.08497536945812807, 0.3333333333333333, 0.5, 1.0, 1.0, 1.0, 1.0]",0.7201344287870062,0.7664909293379405,True
kd_variance,oracle,original,256,64,20515,"[1.0, 2.0, 5.0, 11.0, 15.0, 16.0, 16.0]",6.70806726785279,0.4192542042407994,"[0.09072391099968662, 0.2461829836829837, 0.34210526315789475, 0.5, 1.0, 1.0, 1.0]",0.44318791128442603,0.5786731357791142,True
kd_variance,oracle,original,64,16,138642,"[1.0, 1.0, 2.0, 5.0, 9.0, 16.0, 16.0]",3.7325125142453226,0.23328203214033266,"[0.08485639686684072, 0.3333333333333333, 0.5, 1.0, 1.0, 1.0, 1.0]",0.7186855354077408,0.7656784039714666,True
kd_variance,oracle,k256,256,64,26108,"[1.0, 7.0, 12.0, 16.0, 16.0, 16.0, 16.0]",10.958441856902098,0.6849026160563811,"[0.0794460641399417, 0.17349352990407518, 0.23076923076923078, 0.3333333333333333, 0.5, 1.0, 1.0]",0.14091466217251417,0.314083385914501,True
kd_variance,oracle,k256,64,16,287482,"[1.0, 2.0, 4.0, 8.0, 13.0, 16.0, 16.0]",5.496552827655297,0.34353455172845604,"[0.07620164126611957, 0.25, 0.375, 0.625, 1.0, 1.0, 1.0]",0.5317585100980236,0.6558009980618676,True
kd_variance,oracle,k1024,256,64,27210,"[1.0, 15.0, 16.0, 16.0, 16.0, 16.0, 16.0]",14.765417126056597,0.9228385703785373,"[0.07518022657054584, 0.12974683544303797, 0.1602241336012054, 0.2065430985380672, 0.2777777777777778, 0.5, 1.0]",0.01492098493201029,0.07758715120555526,False
kd_variance,oracle,k1024,64,16,403353,"[1.0, 5.0, 9.0, 14.0, 16.0, 16.0, 16.0]",9.308367608521568,0.581772975532598,"[0.07236842105263158, 0.17647058823529413, 0.24528301886792453, 0.35294117647058826, 0.5, 1.0, 1.0]",0.21693157110521058,0.4178065162924529,True
kd_variance,r16,k4,256,64,27261,"[4.0, 16.0, 16.0, 16.0, 16.0, 16.0, 16.0]",15.893694288544074,0.9933558930340046,"[0.06812709226522581, 0.10116148370176097, 0.11921536123774001, 0.14705097411262344, 0.1835883171070932, 0.2885974025974027, 0.7139705882352941]",0.00011004732034774953,0.007687345050506611,False
kd_variance,r16,k4,64,16,435417,"[1.0, 13.0, 16.0, 16.0, 16.0, 16.0, 16.0]",13.981530349067675,0.8738456468167297,"[0.0703971119133574, 0.11827956989247312, 0.14739884393063585, 0.19718309859154928, 0.27450980392156865, 0.6666666666666666, 1.0]",0.03200150660171743,0.12613380836603538,False
kd_variance,r16,k16,256,64,27261,"[8.0, 16.0, 16.0, 16.0, 16.0, 16.0, 16.0]",15.976303143685119,0.9985189464803199,"[0.06774170582372206, 0.09289187643020595, 0.10751697939449753, 0.1299824517422913, 0.15919923736892277, 0.24616327058166879, 0.5951343500363108]",0.0,0.0022892645027545733,False
kd_variance,r16,k16,64,16,437795,"[1.0, 16.0, 16.0, 16.0, 16.0, 16.0, 16.0]",15.057054100663553,0.9410658812914721,"[0.06767586821015138, 0.1033434650455927, 0.12483574244415244, 0.16049382716049382, 0.21311475409836064, 0.4166666666666667, 1.0]",0.009700887401637753,0.059075693971504584,False
kd_variance,r16,k64,256,64,27261,"[12.0, 16.0, 16.0, 16.0, 16.0, 16.0, 16.0]",15.99578151938667,0.9997363449616669,"[0.06626617619816338, 0.08588329478740438, 0.09769304947704176, 0.11618257261410789, 0.13989071038251366, 0.21103252007129528, 0.5205223880597015]",0.0,0.0007918801353310467,False
kd_variance,r16,k64,64,16,438379,"[1.0, 16.0, 16.0, 16.0, 16.0, 16.0, 16.0]",15.592505571662876,0.9745315982289298,"[0.06637330399706637, 0.0921595598349381, 0.1083398285268901, 0.13527397260273974, 0.1735159817351598, 0.3053097345132743, 1.0]",0.0026552366787642658,0.02570967304635907,False
kd_variance,r16,original,256,64,27261,"[13.0, 16.0, 16.0, 16.0, 16.0, 16.0, 16.0]",15.995891566707018,0.9997432229191886,"[0.0662993620498761, 0.08580170561812382, 0.09761502128403989, 0.11596958174904944, 0.13978201634877385, 0.21050160612799612, 0.5185185185185185]",0.0,0.0007827780648100857,False
kd_variance,r16,original,64,16,438383,"[1.0, 16.0, 16.0, 16.0, 16.0, 16.0, 16.0]",15.596841118382784,0.974802569898924,"[0.06654478976234003, 0.09203980099502487, 0.10815939278937381, 0.13503649635036497, 0.17307692307692307, 0.30434782608695654, 1.0]",0.002620995795913619,0.025437870796854334,False
kd_variance,r16,k256,256,64,27261,"[13.0, 16.0, 16.0, 16.0, 16.0, 16.0, 16.0]",15.999596493158725,0.9999747808224203,"[0.06461388273098904, 0.07953545232273838, 0.08908973531310523, 0.10373785608430759, 0.12302215189873418, 0.180992343559249, 0.41551849166062366]",0.0,0.0002468936628834406,False
kd_variance,r16,k256,64,16,438502,"[1.0, 16.0, 16.0, 16.0, 16.0, 16.0, 16.0]",15.84287186831531,0.9901794917697069,"[0.06499826207855405, 0.08317214700193423, 0.09523809523809523, 0.11574074074074074, 0.14455206368195836, 0.23529411764705882, 1.0]",0.0006111716708247625,0.010128411875519938,False
kd_variance,r16,k1024,256,64,27261,"[15.0, 16.0, 16.0, 16.0, 16.0, 16.0, 16.0]",15.999963317559883,0.9999977073474927,"[0.06327560579349442, 0.07402866842700867, 0.08136745301879249, 0.09282925689879543, 0.10811995241970826, 0.15384277139642574, 0.3386292834890966]",0.0,7.850535824405203e-05,False
kd_variance,r16,k1024,64,16,438515,"[1.0, 16.0, 16.0, 16.0, 16.0, 16.0, 16.0]",15.945511556047114,0.9965944722529446,"[0.06376021798365122, 0.0758444869343531, 0.08460918614020951, 0.09983361064891846, 0.1216357386398394, 0.18763207061357018, 1.0]",6.841271108171899e-05,0.0036044184527926904,False
kd_variance,r32,k4,256,64,27218,"[1.0, 14.0, 16.0, 16.0, 16.0, 16.0, 16.0]",14.597251818649424,0.912328238665589,"[0.07175854635047736, 0.12627986348122866, 0.15625, 0.2033898305084746, 0.2727272727272727, 0.5, 1.0]",0.015651407157028438,0.08810230207824876,False
kd_variance,r32,k4,64,16,398889,"[1.0, 5.0, 9.0, 13.0, 16.0, 16.0, 16.0]",9.070420593197607,0.5669012870748504,"[0.07872340425531915, 0.1774193548387097, 0.24242424242424243, 0.35294117647058826, 0.5454545454545454, 1.0, 1.0]",0.23145286031953752,0.4326210497075137,True
kd_variance,r32,k16,256,64,27260,"[2.0, 16.0, 16.0, 16.0, 16.0, 16.0, 16.0]",15.648789435069698,0.9780493396918561,"[0.07108778625954199, 0.11028246305555943, 0.13196046294635227, 0.16538899264620055, 0.21052631578947367, 0.34007729220222793, 0.8464730290456431]",0.0011371973587674248,0.022980496912993198,False
kd_variance,r32,k16,64,16,428430,"[1.0, 10.0, 14.0, 16.0, 16.0, 16.0, 16.0]",12.277412879583595,0.7673383049739747,"[0.07197943444730077, 0.13953488372093023, 0.1794871794871795, 0.25, 0.36363636363636365, 1.0, 1.0]",0.08343253273580281,0.23244494056529397,True
kd_variance,r32,k64,256,64,27261,"[4.0, 16.0, 16.0, 16.0, 16.0, 16.0, 16.0]",15.931000330141961,0.9956875206338726,"[0.0672182006204757, 0.09894398530762168, 0.11574406901509705, 0.14136933461909354, 0.17543859649122806, 0.2755215619181807, 0.7273816656680647]",3.668244011591651e-05,0.005304687197344671,False
kd_variance,r32,k64,64,16,436440,"[1.0, 14.0, 16.0, 16.0, 16.0, 16.0, 16.0]",14.297782054807076,0.8936113784254422,"[0.07017543859649122, 0.11627906976744186, 0.14285714285714285, 0.1875, 0.2558139534883721, 0.5298440822111878, 1.0]",0.023710017413619285,0.10638994435355398,False
kd_variance,r32,original,256,64,27261,"[4.0, 16.0, 16.0, 16.0, 16.0, 16.0, 16.0]",15.932137485785555,0.9957585928615972,"[0.06741342804453247, 0.09880095923261391, 0.11556010801750628, 0.14107738199684156, 0.17498379779650033, 0.27497579481910367, 0.7257584770969661]",3.668244011591651e-05,0.005225020150828041,False
kd_variance,r32,original,64,16,436474,"[1.0, 14.0, 16.0, 16.0, 16.0, 16.0, 16.0]",14.315968419653862,0.8947480262283664,"[0.06997742663656885, 0.1160844959352422, 0.14285714285714285, 0.1875, 0.2545454545454545, 0.5185185185185185, 1.0]",0.023261408468774773,0.10525622285969838,False
kd_variance,r32,k256,256,64,27261,"[11.0, 16.0, 16.0, 16.0, 16.0, 16.0, 16.0]",15.989362092366385,0.999335130772899,"[0.06697614962828405, 0.08972033257747543, 0.10265769362381659, 0.12250884306789751, 0.14852912901365123, 0.2311696821319939, 0.5632248939179633]",0.0,0.0014472489722897608,False
kd_variance,r32,k256,64,16,438164,"[1.0, 16.0, 16.0, 16.0, 16.0, 16.0, 16.0]",15.350836673026539,0.9594272920641587,"[0.06710853355426678, 0.09987966305655836, 0.11857707509881422, 0.14930555555555555, 0.19337016574585636, 0.35365853658536583, 1.0]",0.005299385618170366,0.0407724140401422,False
kd_variance,r32,k1024,256,64,27261,"[13.0, 16.0, 16.0, 16.0, 16.0, 16.0, 16.0]",15.99900957411687,0.9999380983823044,"[0.06554393401833848, 0.0817490494296578, 0.09166945466711275, 0.10682247403210576, 0.127072667532666, 0.18987168239706154, 0.42091152815013405]",0.0,0.00043121059093464975,False
kd_variance,r32,k1024,64,16,438479,"[1.0, 16.0, 16.0, 16.0, 16.0, 16.0, 16.0]",15.794414327710108,0.9871508954818817,"[0.06591530054644809, 0.08736306595120948, 0.10046189376443418, 0.12220309810671257, 0.15267175572519084, 0.25, 1.0]",0.0008962800955119857,0.013190463676928887,False
kd_variance,r64,k4,256,64,24625,"[1.0, 4.0, 9.0, 13.0, 16.0, 16.0, 16.0]",8.801664974619289,0.5501040609137056,"[0.08641975308641975, 0.19469026548672566, 0.26666666666666666, 0.4, 0.6267441860465179, 1.0, 1.0]",0.25746192893401015,0.4480503245936329,True
kd_variance,r64,k4,64,16,218074,"[1.0, 1.0, 3.0, 5.0, 8.0, 14.0, 16.0]",3.6032997973165073,0.2252062373322817,"[0.08, 0.3333333333333333, 0.5, 1.0, 1.0, 1.0, 1.0]",0.7202050680044388,0.7738139659589365,True
kd_variance,r64,k16,256,64,26955,"[1.0, 11.0, 15.0, 16.0, 16.0, 16.0, 16.0]",13.041587831571137,0.8150992394731961,"[0.07909604519774012, 0.1456953642384106, 0.18518518518518517, 0.25, 0.35294117647058826, 1.0, 1.0]",0.061509923947319606,0.1843951145570062,False
kd_variance,r64,k16,64,16,352984,"[1.0, 3.0, 6.0, 10.0, 13.0, 16.0, 16.0]",6.615271513723002,0.4134544696076876,"[0.08040201005025126, 0.22033898305084745, 0.3181818181818182, 0.5, 1.0, 1.0, 1.0]",0.40156211046393037,0.5858901960376064,True
kd_variance,r64,k64,256,64,27248,"[1.0, 16.0, 16.0, 16.0, 16.0, 16.0, 16.0]",15.199867880211391,0.949991742513212,"[0.07052896725440806, 0.11988193168809733, 0.14614942020005312, 0.1862790910756826, 0.24281599059376832, 0.4090909090909091, 1.0]",0.005541691133294187,0.05058022426031883,False
kd_variance,r64,k64,64,16,415749,"[1.0, 7.0, 12.0, 15.0, 16.0, 16.0, 16.0]",10.505021058378974,0.6565638161486859,"[0.07425742574257425, 0.1608695652173913, 0.21311475409836064, 0.3076923076923077, 0.5, 1.0, 1.0]",0.1551513052346488,0.3430705544828412,True
kd_variance,r64,original,256,64,27248,"[1.0, 16.0, 16.0, 16.0, 16.0, 16.0, 16.0]",15.21517175572519,0.9509482347328244,"[0.07080745341614907, 0.11965811965811966, 0.14574152802852353, 0.18554955295932357, 0.24193548387096775, 0.4054566274387292, 1.0]",0.0053581914268937166,0.04962678418181543,False
kd_variance,r64,original,64,16,416167,"[1.0, 7.0, 12.0, 15.0, 16.0, 16.0, 16.0]",10.54930592766846,0.6593316204792787,"[0.07494866529774127, 0.16, 0.21212121212121213, 0.3076923076923077, 0.5, 1.0, 1.0]",0.15312362585212186,0.3403062116812926,True
kd_variance,r64,k256,256,64,27260,"[1.0, 16.0, 16.0, 16.0, 16.0, 16.0, 16.0]",15.864600146735143,0.9915375091709464,"[0.07017374517374518, 0.10374424199296595, 0.1222069192473951, 0.15009594596587472, 0.18654662467479124, 0.3004692243080849, 1.0]",0.00011005135730007337,0.009570528664335609,False
kd_variance,r64,k256,64,16,434395,"[1.0, 12.0, 16.0, 16.0, 16.0, 16.0, 16.0]",13.58387182172907,0.8489919888580669,"[0.0702576112412178, 0.12605042016806722, 0.15789473684210525, 0.21052631578947367, 0.29411764705882354, 0.6666666666666666, 1.0]",0.04055755706212088,0.15089225065300804,False
kd_variance,r64,k1024,256,64,27261,"[8.0, 16.0, 16.0, 16.0, 16.0, 16.0, 16.0]",15.98400645610946,0.9990004035068413,"[0.06765141366424593, 0.09175242788809973, 0.10516396532227666, 0.1253396739130435, 0.15240641711229946, 0.23992511753639734, 0.6510312707917498]",0.0,0.0019150834073923262,False
kd_variance,r64,k1024,64,16,437977,"[1.0, 16.0, 16.0, 16.0, 16.0, 16.0, 16.0]",15.204494756573975,0.9502809222858735,"[0.06783022610075366, 0.10398230088495575, 0.12396694214876033, 0.15658362989323843, 0.20394736842105263, 0.38461538461538464, 1.0]",0.007002650824130034,0.04982728336801101,False
pca_sort,oracle,k4,256,64,3801,"[1.0, 1.0, 1.0, 4.0, 9.0, 16.0, 16.0]",3.2878189950013152,0.2054886871875822,"[0.07490013315579228, 0.3333333333333333, 1.0, 1.0, 1.0, 1.0, 1.0]",0.7953170218363589,0.7889165513682648,True
pca_sort,oracle,k4,64,16,12759,"[1.0, 1.0, 1.0, 3.0, 7.0, 16.0, 16.0]",2.8405831177992007,0.17753644486245004,"[0.07388535031847134, 0.5, 1.0, 1.0, 1.0, 1.0, 1.0]",0.8381534603025316,0.8177990275287572,True
pca_sort,oracle,k16,256,64,6290,"[1.0, 1.0, 3.0, 9.0, 15.0, 16.0, 16.0]",5.384578696343402,0.3365361685214626,"[0.06987295825771325, 0.2222222222222222, 0.5, 1.0, 1.0, 1.0, 1.0]",0.6227344992050874,0.6605421065823407,True
pca_sort,oracle,k16,64,16,34329,"[1.0, 1.0, 2.0, 5.0, 10.0, 16.0, 16.0]",3.7821084214512513,0.2363817763407032,"[0.06756756756756757, 0.3333333333333333, 0.5, 1.0, 1.0, 1.0, 1.0]",0.7417052637711555,0.7619945466962283,True
pca_sort,oracle,k64,256,64,11176,"[1.0, 2.0, 7.0, 15.0, 16.0, 16.0, 16.0]",8.06746599856836,0.5042166249105225,"[0.06641651031894934, 0.15463917525773196, 0.25, 0.5, 1.0, 1.0, 1.0]",0.39880100214745884,0.49412761617035716,True
pca_sort,oracle,k64,64,16,90942,"[1.0, 1.0, 3.0, 7.0, 13.0, 16.0, 16.0]",5.004211475445889,0.31276321721536804,"[0.06787564766839378, 0.25, 0.42857142857142855, 1.0, 1.0, 1.0, 1.0]",0.6137098370389918,0.6864567604930334,True
pca_sort,oracle,original,256,64,11243,"[1.0, 2.0, 7.0, 15.0, 16.0, 16.0, 16.0]",8.105843636040202,0.5066152272525126,"[0.06588148693411851, 0.15384615384615385, 0.25, 0.5, 1.0, 1.0, 1.0]",0.3960686649470782,0.49172532047443807,True
pca_sort,oracle,original,64,16,91921,"[1.0, 1.0, 3.0, 8.0, 13.0, 16.0, 16.0]",5.022497579443217,0.3139060987152011,"[0.06861156131820638, 0.25, 0.42857142857142855, 1.0, 1.0, 1.0, 1.0]",0.6124171843213194,0.6853192435008288,True
pca_sort,oracle,k256,256,64,16799,"[1.0, 7.0, 15.0, 16.0, 16.0, 16.0, 16.0]",11.611524495505686,0.7257202809691053,"[0.06580954456308565, 0.11594202898550725, 0.15942028985507245, 0.25463121783876497, 0.5, 1.0, 1.0]",0.17566521816774808,0.27334243580826456,True
pca_sort,oracle,k256,64,16,196217,"[1.0, 2.0, 6.0, 12.0, 16.0, 16.0, 16.0]",7.136833199977576,0.4460520749985985,"[0.06726221755123489, 0.18181818181818182, 0.2857142857142857, 0.5, 1.0, 1.0, 1.0]",0.43102789258830787,0.5534999408085111,True
pca_sort,oracle,k1024,256,64,20783,"[1.0, 16.0, 16.0, 16.0, 16.0, 16.0, 16.0]",14.26786315738825,0.8917414473367656,"[0.06621594750447406, 0.09267854949189534, 0.1118421052631579, 0.1503079073633307, 0.25, 1.0, 1.0]",0.06601549343213203,0.10778154683699315,False
pca_sort,oracle,k1024,64,16,297905,"[1.0, 6.0, 13.0, 16.0, 16.0, 16.0, 16.0]",10.879256810056898,0.6799535506285561,"[0.06668923493568044, 0.13157894736842105, 0.18181818181818182, 0.2857142857142857, 0.5, 1.0, 1.0]",0.1870663466541347,0.3197834106303552,True
pca_sort,r16,k4,256,64,20536,"[1.0, 16.0, 16.0, 16.0, 16.0, 16.0, 16.0]",15.456661472536034,0.9660413420335021,"[0.06538249862410567, 0.07447232785629115, 0.07890222984562607, 0.08769148674164683, 0.1170691968564309, 0.6666666666666666, 1.0]",0.022497078301519282,0.033966187130889613,False
pca_sort,r16,k4,64,16,319062,"[1.0, 16.0, 16.0, 16.0, 16.0, 16.0, 16.0]",14.802198318822047,0.9251373949263779,"[0.06686046511627906, 0.09129511677282377, 0.10264643177160043, 0.125, 0.19100558974648654, 1.0, 1.0]",0.04578420495076192,0.07482253578722864,False
pca_sort,r16,k16,256,64,22030,"[1.0, 16.0, 16.0, 16.0, 16.0, 16.0, 16.0]",15.61838402178847,0.9761490013617794,"[0.06433573006250294, 0.07162891638190567, 0.0750461158732376, 0.0814329389247956, 0.10220076649968819, 0.5, 1.0]",0.016023604176123467,0.023896044369625002,False
pca_sort,r16,k16,64,16,345799,"[1.0, 16.0, 16.0, 16.0, 16.0, 16.0, 16.0]",15.20207403722972,0.9501296273268575,"[0.0662063363119415, 0.08381384148455645, 0.0919661733615222, 0.10743801652892562, 0.1518987341772152, 1.0, 1.0]",0.03060737596117976,0.04986840006403093,False
pca_sort,r16,k64,256,64,23283,"[1.0, 16.0, 16.0, 16.0, 16.0, 16.0, 16.0]",15.732852295666365,0.9833032684791478,"[0.06411404977992444, 0.06942656129222144, 0.07207840724300092, 0.07703836864869182, 0.09194503827745325, 0.3583116883116902, 1.0]",0.011081046256925653,0.016749746635647877,False
pca_sort,r16,k64,64,16,368128,"[1.0, 16.0, 16.0, 16.0, 16.0, 16.0, 16.0]",15.45468695671071,0.9659179347944193,"[0.06543385490753911, 0.07849393746011486, 0.08436404540341548, 0.09557886780610049, 0.1267605633802817, 0.5, 1.0]",0.02135126912378303,0.03411880145021984,False
pca_sort,r16,original,256,64,23296,"[1.0, 16.0, 16.0, 16.0, 16.0, 16.0, 16.0]",15.734289148351648,0.983393071771978,"[0.06409812742723113, 0.06940276567314063, 0.0720656637158121, 0.07696330271713014, 0.0917647175799254, 0.34497751124437565, 1.0]",0.011117788461538462,0.0166565203608684,False
pca_sort,r16,original,64,16,368367,"[1.0, 16.0, 16.0, 16.0, 16.0, 16.0, 16.0]",15.457068629926134,0.9660667893703834,"[0.06540084388185655, 0.0784418356456777, 0.08428093645484949, 0.0954653937947494, 0.12643678160919541, 0.5, 1.0]",0.021255975698148858,0.03396962728455788,False
pca_sort,r16,k256,256,64,24390,"[1.0, 16.0, 16.0, 16.0, 16.0, 16.0, 16.0]",15.806355063550635,0.9878971914719147,"[0.06362173234490831, 0.06762027124012863, 0.06961401510136245, 0.07341550222630207, 0.08498725212464593, 0.2857142857142857, 1.0]",0.007995079950799507,0.012183561785555796,False
pca_sort,r16,k256,64,16,387430,"[1.0, 16.0, 16.0, 16.0, 16.0, 16.0, 16.0]",15.62779857006427,0.9767374106290169,"[0.06467661691542288, 0.07420091324200913, 0.07838891294932872, 0.0865610397327739, 0.10891089108910891, 0.5, 1.0]",0.014601347340164675,0.023309512105643138,False
pca_sort,r16,k1024,256,64,25330,"[1.0, 16.0, 16.0, 16.0, 16.0, 16.0, 16.0]",15.861429135412555,0.9913393209632847,"[0.06341847642624057, 0.06608928401637387, 0.06748200295463874, 0.07027395721334237, 0.0788336683265029, 0.22770533755788394, 1.0]",0.005645479668377418,0.00872406934413672,False
pca_sort,r16,k1024,64,16,403768,"[1.0, 16.0, 16.0, 16.0, 16.0, 16.0, 16.0]",15.756830655227754,0.9848019159517346,"[0.06382325866830316, 0.07056737588652483, 0.07347810874129065, 0.07930672268907563, 0.09507042253521127, 0.3333333333333333, 1.0]",0.00960947871054665,0.015243267473012634,False
pca_sort,r32,k4,256,64,18754,"[1.0, 16.0, 16.0, 16.0, 16.0, 16.0, 16.0]",14.680921403433935,0.9175575877146209,"[0.06683722417652702, 0.08744443150272747, 0.09790887038494644, 0.12280701754385964, 0.20408163265306123, 1.0, 1.0]",0.05465500693185454,0.08211037348504024,False
pca_sort,r32,k4,64,16,276855,"[1.0, 10.0, 15.0, 16.0, 16.0, 16.0, 16.0]",12.282689494500731,0.7676680934062957,"[0.06976744186046512, 0.12903225806451613, 0.1590909090909091, 0.2222222222222222, 0.4, 1.0, 1.0]",0.12559281934586697,0.23198210160008037,True
pca_sort,r32,k16,256,64,20695,"[1.0, 16.0, 16.0, 16.0, 16.0, 16.0, 16.0]",15.168059917854555,0.9480037448659097,"[0.06444646510570584, 0.07976160740906524, 0.08661145617667357, 0.10202612571577303, 0.15384615384615385, 1.0, 1.0]",0.03382459531287751,0.05192634123970019,False
pca_sort,r32,k16,64,16,315519,"[1.0, 15.0, 16.0, 16.0, 16.0, 16.0, 16.0]",14.013602984289378,0.8758501865180861,"[0.06789815277084374, 0.10542168674698796, 0.12376237623762376, 0.16071428571428573, 0.26666666666666666, 1.0, 1.0]",0.0729750030901467,0.12402649783019648,False
pca_sort,r32,k64,256,64,22287,"[1.0, 16.0, 16.0, 16.0, 16.0, 16.0, 16.0]",15.455422443576973,0.9659639027235608,"[0.06458809446076831, 0.07495731948126139, 0.07985436893203883, 0.08986490270105799, 0.125, 0.5, 1.0]",0.022389733925606857,0.03407662114422616,False
pca_sort,r32,k64,64,16,346162,"[1.0, 16.0, 16.0, 16.0, 16.0, 16.0, 16.0]",14.790465157931836,0.9244040723707397,"[0.06696935300794551, 0.09215017064846416, 0.10416666666666667, 0.1276595744680851, 0.2, 1.0, 1.0]",0.0458022544357844,0.07555994392604326,False
pca_sort,r32,original,256,64,22313,"[1.0, 16.0, 16.0, 16.0, 16.0, 16.0, 16.0]",15.451664948684623,0.965729059292789,"[0.06481431428725877, 0.07492975335622853, 0.07977839335180055, 0.08974358974358974, 0.125, 0.5, 1.0]",0.02281181374086855,0.03431346436689864,False
pca_sort,r32,original,64,16,346484,"[1.0, 16.0, 16.0, 16.0, 16.0, 16.0, 16.0]",14.797687627711525,0.9248554767319703,"[0.06753812636165578, 0.09202453987730061, 0.10398230088495575, 0.12734082397003746, 0.2, 1.0, 1.0]",0.045473961279597325,0.075109754103873,False
pca_sort,r32,k256,256,64,23670,"[1.0, 16.0, 16.0, 16.0, 16.0, 16.0, 16.0]",15.628728348119983,0.976795521757499,"[0.0644577690478652, 0.07155501165116175, 0.0751411806443563, 0.08200583034568436, 0.10493919706813261, 0.5, 1.0]",0.015800591465990707,0.023282351243872235,False
pca_sort,r32,k256,64,16,371746,"[1.0, 16.0, 16.0, 16.0, 16.0, 16.0, 16.0]",15.236995152604198,0.9523121970377624,"[0.06559199555308505, 0.08333333333333333, 0.09136212624584718, 0.10674157303370786, 0.15172413793103448, 1.0, 1.0]",0.029627756586486472,0.047707745684919534,False
pca_sort,r32,k1024,256,64,24823,"[1.0, 16.0, 16.0, 16.0, 16.0, 16.0, 16.0]",15.755549288965879,0.9847218305603674,"[0.06419979540724541, 0.06892760842178604, 0.07143776547818252, 0.07615486260636388, 0.0916030534351145, 0.3333333333333333, 1.0]",0.009910163960842766,0.015384194111738525,False
pca_sort,r32,k1024,64,16,393018,"[1.0, 16.0, 16.0, 16.0, 16.0, 16.0, 16.0]",15.523627416555986,0.9702267135347491,"[0.06478537360890302, 0.07688701359587435, 0.0821566110397946, 0.09230769230769231, 0.12121212121212122, 0.5, 1.0]",0.018569124060475603,0.02980722723662077,False
pca_sort,r64,k4,256,64,15516,"[1.0, 8.0, 14.0, 16.0, 16.0, 16.0, 16.0]",11.759022944057747,0.7349389340036092,"[0.07087227414330217, 0.13008130081300814, 0.16666666666666666, 0.25, 0.5, 1.0, 1.0]",0.1522944057746842,0.26337600303208575,True
pca_sort,r64,k4,64,16,183811,"[1.0, 2.0, 3.0, 6.0, 10.0, 16.0, 16.0]",4.582603870279798,0.2864127418924874,"[0.06924795234549516, 0.25, 0.375, 0.6, 1.0, 1.0, 1.0]",0.606949529679943,0.7128259442349182,True
pca_sort,r64,k16,256,64,18465,"[1.0, 15.0, 16.0, 16.0, 16.0, 16.0, 16.0]",14.025399404278364,0.8765874627673977,"[0.06704737732656514, 0.10062893081761007, 0.11842105263157894, 0.15859030837004406, 0.2857142857142857, 1.0, 1.0]",0.07825616030327646,0.12284917744258605,False
pca_sort,r64,k16,64,16,260447,"[1.0, 5.0, 10.0, 14.0, 16.0, 16.0, 16.0]",9.29824110087657,0.5811400688047856,"[0.06886574074074074, 0.16216216216216217, 0.21428571428571427, 0.3333333333333333, 0.5, 1.0, 1.0]",0.21953794821979136,0.41834586078503233,True
pca_sort,r64,k64,256,64,20718,"[1.0, 16.0, 16.0, 16.0, 16.0, 16.0, 16.0]",14.872622840042474,0.9295389275026547,"[0.06625125996517914, 0.08644694444251125, 0.09675961917069674, 0.11962984035886273, 0.19402985074626866, 1.0, 1.0]",0.04527464040930592,0.07036625744799563,False
pca_sort,r64,k64,64,16,309691,"[1.0, 11.0, 15.0, 16.0, 16.0, 16.0, 16.0]",12.9175113258054,0.8073444578628375,"[0.06736458807464725, 0.12087912087912088, 0.14893617021276595, 0.20175438596491227, 0.3333333333333333, 1.0, 1.0]",0.10496268861542635,0.19241325793099295,False
pca_sort,r64,original,256,64,20740,"[1.0, 16.0, 16.0, 16.0, 16.0, 16.0, 16.0]",14.881485053037608,0.9300928158148505,"[0.06599400054540497, 0.08635919456450768, 0.09656476753088934, 0.1192457091237579, 0.19230769230769232, 1.0, 1.0]",0.04537126325940212,0.06980560637690192,False
pca_sort,r64,original,64,16,310204,"[1.0, 11.0, 16.0, 16.0, 16.0, 16.0, 16.0]",12.944310840608116,0.8090194275380073,"[0.06715063520871144, 0.12048192771084337, 0.14814814814814814, 0.2, 0.3333333333333333, 1.0, 1.0]",0.10412825108638186,0.19074367303350503,False
pca_sort,r64,k256,256,64,22562,"[1.0, 16.0, 16.0, 16.0, 16.0, 16.0, 16.0]",15.299973406612889,0.9562483379133055,"[0.06568364611260054, 0.0783429674488351, 0.0848094036680667, 0.09851929512965328, 0.14503286157204917, 1.0, 1.0]",0.029119758886623527,0.04383760184979657,False
pca_sort,r64,k256,64,16,346881,"[1.0, 16.0, 16.0, 16.0, 16.0, 16.0, 16.0]",14.42204675378588,0.9013779221116175,"[0.06680805938494168, 0.09917355371900827, 0.11560693641618497, 0.14705882352941177, 0.23728813559322035, 1.0, 1.0]",0.057930529489940354,0.09855520201470347,False
pca_sort,r64,k1024,256,64,24070,"[1.0, 16.0, 16.0, 16.0, 16.0, 16.0, 16.0]",15.565475695886997,0.9728422309929373,"[0.06443040217327113, 0.07310623652655944, 0.07739657057489208, 0.08615969506245441, 0.11430448308135367, 0.5, 1.0]",0.018030743664312423,0.02723385950449042,False
pca_sort,r64,k1024,64,16,376474,"[1.0, 16.0, 16.0, 16.0, 16.0, 16.0, 16.0]",15.113888342886893,0.9446180214304308,"[0.065814696485623, 0.08630282584572603, 0.09618573797678276, 0.11484593837535013, 0.16666666666666666, 1.0, 1.0]",0.03367563231458215,0.05539974439024642,False
