layout,kind,cell,full_offdiag_occupied_tiles,candidate_count_quantiles,candidate_density_median,few6_fraction,few16_fraction,few64_fraction,oracle_empty_survivor_tiles,oracle_empty_candidate_count_quantiles,oracle_empty_few64_fraction,active_rows_quantiles,active_cols_quantiles,cover8_fraction,cover16_fraction,both_full64_fraction,oracle_empty_cover8_fraction,sparse_exception_gate
original,oracle,k4,91109,"[1.0, 1.0, 1.0, 1.0, 2.0, 4.0, 10.0]",0.000244140625,0.9996487723496033,1.0,1.0,0,,,,,,,,,
original,oracle,k16,246761,"[1.0, 1.0, 2.0, 2.0, 4.0, 7.0, 16.0]",0.00048828125,0.9896053266115796,1.0,1.0,0,,,,,,,,,
original,oracle,k64,408476,"[1.0, 2.0, 4.0, 6.0, 9.0, 15.0, 34.0]",0.0009765625,0.7729756460599888,0.9941489830491878,1.0,0,,,,,,,,,
original,oracle,original,409541,"[1.0, 2.0, 4.0, 6.0, 9.0, 15.0, 34.0]",0.0009765625,0.7662700437807204,0.9937124732322282,1.0,0,,,,,,,,,
original,oracle,k256,438386,"[1.0, 11.0, 16.0, 22.0, 29.0, 43.0, 88.0]",0.00390625,0.06116755553325152,0.5109538169558334,0.9997422362940422,0,,,,,,,,,
original,oracle,k1024,438516,"[9.0, 54.0, 68.0, 83.0, 99.0, 131.0, 236.0]",0.0166015625,0.0,0.00021207892072353117,0.4388004086509956,0,,,,,,,,,
original,r16,k4,438516,"[128.0, 249.0, 277.0, 309.0, 340.0, 402.0, 570.0]",0.067626953125,0.0,0.0,0.0,347407,"[128.0, 249.0, 278.0, 309.0, 340.0, 403.0, 570.0]",0.0,"[36.0, 52.0, 54.0, 56.0, 57.0, 60.0, 64.0]","[38.0, 52.0, 54.0, 56.0, 57.0, 60.0, 64.0]",0.0,0.0,0.0,0.0,False
original,r16,k16,438516,"[307.0, 516.0, 564.0, 616.0, 667.0, 765.0, 1002.0]",0.1376953125,0.0,0.0,0.0,191755,"[307.0, 520.0, 567.0, 619.0, 672.0, 774.0, 997.0]",0.0,"[49.0, 59.0, 60.0, 62.0, 63.0, 64.0, 64.0]","[50.0, 59.0, 60.0, 62.0, 63.0, 64.0, 64.0]",0.0,0.0,0.0007502576872907717,0.0,False
original,r16,k64,438516,"[587.0, 911.0, 980.0, 1054.0, 1124.0, 1257.0, 1539.0]",0.2392578125,0.0,0.0,0.0,30040,"[660.0, 917.0, 985.0, 1061.0, 1134.0, 1273.0, 1467.0]",0.0,"[56.0, 62.0, 63.0, 64.0, 64.0, 64.0, 64.0]","[55.0, 62.0, 63.0, 64.0, 64.0, 64.0, 64.0]",0.0,0.0,0.0886945972324841,0.0,False
original,r16,original,438516,"[589.0, 917.0, 986.0, 1060.0, 1131.0, 1264.0, 1549.0]",0.24072265625,0.0,0.0,0.0,28975,"[662.0, 923.0, 991.0, 1066.0, 1141.0, 1279.0, 1469.0]",0.0,"[56.0, 62.0, 63.0, 64.0, 64.0, 64.0, 64.0]","[55.0, 62.0, 63.0, 64.0, 64.0, 64.0, 64.0]",0.0,0.0,0.09169334756314479,0.0,False
original,r16,k256,438516,"[1003.0, 1433.0, 1521.0, 1612.0, 1699.0, 1858.0, 2178.0]",0.371337890625,0.0,0.0,0.0,130,"[1283.0, 1424.75, 1528.0, 1613.5, 1677.2, 1829.0099999999998, 1879.0]",0.0,"[59.0, 63.0, 64.0, 64.0, 64.0, 64.0, 64.0]","[59.0, 63.0, 64.0, 64.0, 64.0, 64.0, 64.0]",0.0,0.0,0.4701630043145518,0.0,False
original,r16,k1024,438516,"[1526.0, 2044.0, 2142.0, 2241.0, 2334.0, 2500.0, 2820.0]",0.52294921875,0.0,0.0,0.0,0,,,"[60.0, 64.0, 64.0, 64.0, 64.0, 64.0, 64.0]","[60.0, 64.0, 64.0, 64.0, 64.0, 64.0, 64.0]",0.0,0.0,0.7915127384177544,,False
original,r32,k4,438516,"[5.0, 32.0, 39.0, 47.0, 55.0, 73.0, 119.0]",0.009521484375,1.5962929516824927e-05,0.006528838172381395,0.9694994025303524,347407,"[5.0, 31.0, 38.0, 46.0, 55.0, 72.0, 119.0]",0.9720817369828472,"[5.0, 18.0, 21.0, 24.0, 26.0, 31.0, 41.0]","[4.0, 18.0, 21.0, 24.0, 26.0, 31.0, 42.0]",0.0009760191190287241,0.19745687728611955,0.0,0.0011312380003857148,True
original,r32,k16,438516,"[38.0, 108.0, 125.0, 144.0, 163.0, 202.0, 298.0]",0.030517578125,0.0,0.0,0.0029280573570861727,191755,"[42.0, 106.0, 123.0, 142.0, 161.0, 200.0, 295.0]",0.00389038095486428,"[20.0, 36.0, 39.0, 42.0, 45.0, 49.0, 56.0]","[17.0, 37.0, 39.0, 42.0, 45.0, 49.0, 57.0]",0.0,0.0,0.0,0.0,False
original,r32,k64,438516,"[139.0, 285.0, 320.0, 357.0, 394.0, 467.0, 652.0]",0.078125,0.0,0.0,0.0,30040,"[152.0, 274.0, 307.0, 342.25, 379.0, 452.0, 600.0]",0.0,"[38.0, 51.0, 53.0, 55.0, 57.0, 60.0, 64.0]","[38.0, 51.0, 53.0, 55.0, 57.0, 60.0, 64.0]",0.0,0.0,0.0,0.0,False
original,r32,original,438516,"[140.0, 288.0, 323.0, 361.0, 398.0, 471.0, 656.0]",0.078857421875,0.0,0.0,0.0,28975,"[153.0, 277.0, 310.0, 346.0, 383.0, 457.0, 609.0]",0.0,"[38.0, 51.0, 54.0, 56.0, 57.0, 60.0, 64.0]","[38.0, 51.0, 54.0, 56.0, 57.0, 60.0, 64.0]",0.0,0.0,0.0,0.0,False
original,r32,k256,438516,"[361.0, 629.0, 689.0, 751.0, 812.0, 929.0, 1173.0]",0.168212890625,0.0,0.0,0.0,130,"[485.0, 570.0, 622.0, 691.5, 735.2, 889.9599999999996, 933.0]",0.0,"[50.0, 59.0, 61.0, 62.0, 63.0, 64.0, 64.0]","[50.0, 59.0, 61.0, 62.0, 63.0, 64.0, 64.0]",0.0,0.0,0.0010330295815888131,0.0,False
original,r32,k1024,438516,"[779.0, 1180.0, 1266.0, 1354.0, 1437.0, 1592.0, 1914.0]",0.30908203125,0.0,0.0,0.0,0,,,"[56.0, 63.0, 63.0, 64.0, 64.0, 64.0, 64.0]","[57.0, 63.0, 63.0, 64.0, 64.0, 64.0, 64.0]",0.0,0.0,0.1613692544855832,,False
original,r64,k4,417442,"[1.0, 2.0, 4.0, 6.0, 8.0, 12.0, 26.0]",0.0009765625,0.8246175516598713,0.9989723123212326,1.0,326333,"[1.0, 2.0, 3.0, 5.0, 7.0, 11.0, 25.0]",1.0,"[1.0, 2.0, 3.0, 5.0, 6.0, 9.0, 15.0]","[1.0, 2.0, 3.0, 5.0, 6.0, 9.0, 16.0]",0.9962270207597702,1.0,0.0,0.9979622042514854,True
original,r64,k16,438505,"[1.0, 14.0, 18.0, 23.0, 29.0, 40.0, 80.0]",0.00439453125,0.018747790789158617,0.40324283645568465,0.9999635123886843,191744,"[1.0, 12.0, 16.0, 21.0, 26.0, 36.0, 70.0]",0.9999843541388518,"[1.0, 9.0, 12.0, 14.0, 16.0, 20.0, 30.0]","[1.0, 9.0, 12.0, 14.0, 16.0, 20.0, 31.0]",0.23905086601064982,0.966155460028962,0.0,0.32843791722296395,True
original,r64,k64,438516,"[13.0, 58.0, 70.0, 83.0, 97.0, 124.0, 211.0]",0.01708984375,0.0,9.121674009614244e-06,0.38111266179569275,30040,"[13.0, 48.0, 58.0, 71.0, 82.0, 106.0, 172.0]",0.6369840213049268,"[9.0, 25.0, 28.0, 31.0, 33.0, 38.0, 47.0]","[9.0, 25.0, 28.0, 31.0, 33.0, 38.0, 48.0]",0.0,0.00815249614609273,0.0,0.0,True
original,r64,original,438516,"[13.0, 59.0, 71.0, 84.0, 98.0, 126.0, 211.0]",0.017333984375,0.0,4.560837004807122e-06,0.3599709018599093,28975,"[13.0, 49.0, 59.0, 71.0, 83.0, 108.0, 175.0]",0.6194995685936152,"[9.0, 25.0, 28.0, 31.0, 33.0, 38.0, 48.0]","[9.0, 25.0, 28.0, 31.0, 33.0, 38.0, 48.0]",0.0,0.007082979868465461,0.0,0.0,True
original,r64,k256,438516,"[73.0, 194.0, 222.0, 251.0, 281.0, 340.0, 467.0]",0.05419921875,0.0,0.0,0.0,130,"[99.0, 145.25, 169.0, 191.0, 217.40000000000003, 291.3099999999996, 310.0]",0.0,"[26.0, 43.0, 46.0, 48.0, 51.0, 54.0, 60.0]","[27.0, 43.0, 46.0, 48.0, 51.0, 54.0, 61.0]",0.0,0.0,0.0,0.0,False
original,r64,k1024,438516,"[288.0, 523.0, 577.0, 634.0, 690.0, 799.0, 1021.0]",0.140869140625,0.0,0.0,0.0,0,,,"[45.0, 56.0, 58.0, 60.0, 61.0, 63.0, 64.0]","[47.0, 56.0, 58.0, 60.0, 61.0, 63.0, 64.0]",0.0,0.0,0.0,,False
random,oracle,k4,90528,"[1.0, 1.0, 1.0, 1.0, 2.0, 4.0, 12.0]",0.000244140625,0.9991825733474726,1.0,1.0,0,,,,,,,,,
random,oracle,k16,244318,"[1.0, 1.0, 1.0, 2.0, 4.0, 7.0, 25.0]",0.000244140625,0.986894129781678,0.9999754418421892,1.0,0,,,,,,,,,
random,oracle,k64,407044,"[1.0, 2.0, 4.0, 6.0, 9.0, 15.0, 43.0]",0.0009765625,0.7683026896355185,0.9932980218354772,1.0,0,,,,,,,,,
random,oracle,original,408194,"[1.0, 2.0, 4.0, 6.0, 9.0, 16.0, 43.0]",0.0009765625,0.7618901796694709,0.9928171408692925,1.0,0,,,,,,,,,
random,oracle,k256,438396,"[1.0, 11.0, 16.0, 22.0, 29.0, 44.0, 88.0]",0.00390625,0.06573052673838264,0.5177830089690599,0.9998083924123395,0,,,,,,,,,
random,oracle,k1024,438516,"[8.0, 53.0, 67.0, 83.0, 101.0, 135.0, 209.0]",0.016357421875,0.0,0.00024172436125477747,0.4507954099736384,0,,,,,,,,,
random,r16,k4,438516,"[135.0, 248.0, 277.0, 310.0, 341.0, 400.0, 576.0]",0.067626953125,0.0,0.0,0.0,347988,"[135.0, 248.0, 278.0, 310.0, 342.0, 401.0, 576.0]",0.0,"[37.0, 52.0, 54.0, 56.0, 57.0, 60.0, 64.0]","[36.0, 51.0, 54.0, 56.0, 57.0, 60.0, 64.0]",0.0,0.0,0.0,0.0,False
random,r16,k16,438516,"[307.0, 515.0, 565.0, 617.0, 668.0, 762.0, 1072.0]",0.137939453125,0.0,0.0,0.0,194198,"[310.0, 519.0, 568.0, 622.0, 674.0, 771.0, 1072.0]",0.0,"[49.0, 59.0, 60.0, 62.0, 63.0, 64.0, 64.0]","[49.0, 59.0, 60.0, 62.0, 63.0, 64.0, 64.0]",0.0,0.0,0.0006111521586441544,0.0,False
random,r16,k64,438516,"[599.0, 910.0, 980.0, 1054.0, 1124.0, 1253.0, 1694.0]",0.2392578125,0.0,0.0,0.0,31472,"[619.0, 921.0, 992.0, 1069.0, 1144.0, 1287.0, 1576.0]",0.0,"[55.0, 62.0, 63.0, 64.0, 64.0, 64.0, 64.0]","[56.0, 62.0, 63.0, 64.0, 64.0, 64.0, 64.0]",0.0,0.0,0.0876661284879001,0.0,False
random,r16,original,438516,"[603.0, 915.0, 986.0, 1060.0, 1130.0, 1260.0, 1703.0]",0.24072265625,0.0,0.0,0.0,30322,"[624.0, 927.0, 998.0, 1075.0, 1151.0, 1295.0, 1583.0]",0.0,"[55.0, 62.0, 63.0, 64.0, 64.0, 64.0, 64.0]","[56.0, 62.0, 63.0, 64.0, 64.0, 64.0, 64.0]",0.0,0.0,0.09070136551459924,0.0,False
random,r16,k256,438516,"[1010.0, 1433.0, 1521.0, 1612.0, 1697.0, 1854.0, 2335.0]",0.371337890625,0.0,0.0,0.0,120,"[1267.0, 1444.5, 1531.5, 1640.0, 1712.2, 1897.2400000000002, 1994.0]",0.0,"[58.0, 63.0, 64.0, 64.0, 64.0, 64.0, 64.0]","[59.0, 63.0, 64.0, 64.0, 64.0, 64.0, 64.0]",0.0,0.0,0.47385956270694796,0.0,False
random,r16,k1024,438516,"[1577.0, 2045.0, 2141.0, 2240.0, 2331.0, 2497.0, 2899.0]",0.522705078125,0.0,0.0,0.0,0,,,"[61.0, 64.0, 64.0, 64.0, 64.0, 64.0, 64.0]","[60.0, 64.0, 64.0, 64.0, 64.0, 64.0, 64.0]",0.0,0.0,0.7940668071404464,,False
random,r32,k4,438516,"[3.0, 31.0, 39.0, 47.0, 56.0, 74.0, 119.0]",0.009521484375,1.5962929516824927e-05,0.007525381057931752,0.9646808782347737,347988,"[3.0, 31.0, 38.0, 47.0, 55.0, 73.0, 119.0]",0.9672258813522305,"[3.0, 18.0, 21.0, 24.0, 26.0, 31.0, 40.0]","[3.0, 18.0, 21.0, 24.0, 26.0, 31.0, 43.0]",0.000982860374535935,0.20038721506170812,0.0,0.0011753278848695933,True
random,r32,k16,438516,"[41.0, 107.0, 125.0, 145.0, 165.0, 204.0, 290.0]",0.030517578125,0.0,0.0,0.0027045763438506235,194198,"[43.0, 105.0, 123.0, 143.0, 163.0, 201.0, 290.0]",0.0034500870245831572,"[17.0, 37.0, 39.0, 42.0, 45.0, 49.0, 57.0]","[20.0, 37.0, 39.0, 42.0, 45.0, 49.0, 57.0]",0.0,0.0,0.0,0.0,False
random,r32,k64,438516,"[147.0, 284.0, 320.0, 358.0, 396.0, 466.0, 668.0]",0.078125,0.0,0.0,0.0,31472,"[149.0, 276.0, 311.0, 349.0, 386.0, 457.0, 634.0]",0.0,"[37.0, 51.0, 53.0, 55.0, 57.0, 60.0, 64.0]","[37.0, 51.0, 53.0, 55.0, 57.0, 60.0, 64.0]",0.0,0.0,0.0,0.0,False
random,r32,original,438516,"[148.0, 287.0, 323.0, 362.0, 400.0, 470.0, 677.0]",0.078857421875,0.0,0.0,0.0,30322,"[151.0, 278.0, 314.0, 352.0, 389.0, 462.0, 635.0]",0.0,"[37.0, 52.0, 54.0, 56.0, 57.0, 60.0, 64.0]","[37.0, 51.0, 54.0, 56.0, 57.0, 60.0, 64.0]",0.0,0.0,0.0,0.0,False
random,r32,k256,438516,"[362.0, 628.0, 688.0, 752.0, 812.0, 922.0, 1261.0]",0.16796875,0.0,0.0,0.0,120,"[466.0, 579.5, 640.0, 700.5, 761.4000000000001, 832.0, 870.0]",0.0,"[50.0, 59.0, 61.0, 62.0, 63.0, 64.0, 64.0]","[49.0, 59.0, 61.0, 62.0, 63.0, 64.0, 64.0]",0.0,0.0,0.0011675742732306232,0.0,False
random,r32,k1024,438516,"[774.0, 1181.0, 1266.0, 1353.0, 1434.0, 1582.0, 2057.0]",0.30908203125,0.0,0.0,0.0,0,,,"[55.0, 63.0, 63.0, 64.0, 64.0, 64.0, 64.0]","[56.0, 63.0, 63.0, 64.0, 64.0, 64.0, 64.0]",0.0,0.0,0.16154712712877067,,False
random,r64,k4,417479,"[1.0, 2.0, 4.0, 6.0, 8.0, 13.0, 30.0]",0.0009765625,0.8231408046871819,0.9985388486606512,1.0,326951,"[1.0, 2.0, 3.0, 5.0, 7.0, 11.0, 27.0]",1.0,"[1.0, 2.0, 3.0, 5.0, 6.0, 9.0, 16.0]","[1.0, 2.0, 3.0, 5.0, 6.0, 9.0, 16.0]",0.9954273149068575,1.0,0.0,0.9975929114760316,True
random,r64,k16,438508,"[1.0, 14.0, 18.0, 23.0, 29.0, 42.0, 74.0]",0.00439453125,0.020567469692685195,0.41207229970718895,0.999956671257993,194190,"[1.0, 12.0, 16.0, 21.0, 26.0, 37.0, 63.0]",1.0,"[1.0, 9.0, 12.0, 14.0, 16.0, 20.0, 33.0]","[1.0, 9.0, 12.0, 14.0, 16.0, 20.0, 29.0]",0.24880959982486067,0.9605457597124796,0.0,0.3415572377568361,True
random,r64,k64,438516,"[13.0, 57.0, 70.0, 84.0, 98.0, 127.0, 187.0]",0.01708984375,0.0,1.3682511014421366e-05,0.39411560809639784,31472,"[13.0, 48.0, 59.0, 71.0, 83.0, 109.0, 150.0]",0.6284951703101169,"[9.0, 25.0, 28.0, 31.0, 33.0, 38.0, 46.0]","[9.0, 25.0, 28.0, 31.0, 33.0, 38.0, 48.0]",0.0,0.0076553649125687545,0.0,0.0,True
random,r64,original,438516,"[14.0, 58.0, 71.0, 85.0, 99.0, 129.0, 189.0]",0.017333984375,0.0,1.1402092512017805e-05,0.37382444426201095,30322,"[14.0, 49.0, 60.0, 72.0, 84.0, 110.0, 151.0]",0.6102829628652463,"[9.0, 25.0, 28.0, 31.0, 34.0, 38.0, 46.0]","[10.0, 25.0, 28.0, 31.0, 33.0, 38.0, 48.0]",0.0,0.006656541608515995,0.0,0.0,True
random,r64,k256,438516,"[79.0, 192.0, 221.0, 253.0, 285.0, 343.0, 447.0]",0.053955078125,0.0,0.0,0.0,120,"[86.0, 147.0, 168.0, 189.25, 218.10000000000002, 244.72000000000003, 250.0]",0.0,"[24.0, 43.0, 46.0, 49.0, 51.0, 54.0, 61.0]","[26.0, 43.0, 46.0, 48.0, 51.0, 54.0, 61.0]",0.0,0.0,0.0,0.0,False
random,r64,k1024,438516,"[297.0, 520.0, 576.0, 636.0, 693.0, 796.0, 1065.0]",0.140625,0.0,0.0,0.0,0,,,"[45.0, 56.0, 58.0, 60.0, 61.0, 63.0, 64.0]","[44.0, 56.0, 58.0, 60.0, 61.0, 63.0, 64.0]",0.0,0.0,4.560837004807122e-06,,False
kd_variance,oracle,k4,16599,"[1.0, 1.0, 2.0, 4.0, 13.0, 90.0, 757.0]",0.00048828125,0.8178203506235315,0.9206578709560816,0.9838544490631965,0,,,,,,,,,
kd_variance,oracle,k16,50609,"[1.0, 1.0, 2.0, 6.0, 18.0, 130.0, 1237.0]",0.00048828125,0.7693295658874904,0.8927463494635342,0.9737793673062104,0,,,,,,,,,
kd_variance,oracle,k64,137173,"[1.0, 1.0, 3.0, 9.0, 28.0, 186.0, 1808.0]",0.000732421875,0.6791205266342502,0.8371618321389778,0.9582352212170033,0,,,,,,,,,
kd_variance,oracle,original,138642,"[1.0, 1.0, 3.0, 9.0, 28.0, 187.0, 1815.0]",0.000732421875,0.678055711833355,0.8360165029356184,0.9579420377663335,0,,,,,,,,,
kd_variance,oracle,k256,287482,"[1.0, 2.0, 7.0, 22.0, 61.0, 320.0, 2409.0]",0.001708984375,0.4949214211672383,0.6980332681698332,0.9049679632116098,0,,,,,,,,,
kd_variance,oracle,k1024,403353,"[1.0, 9.0, 29.0, 83.0, 192.0, 659.0, 3027.0]",0.007080078125,0.19264515201324894,0.36528797356161974,0.6938810421640598,0,,,,,,,,,
kd_variance,r16,k4,435417,"[1.0, 83.0, 216.0, 421.0, 637.0, 1025.0, 2629.0]",0.052734375,0.026289740639433002,0.06311421005610714,0.204169795850874,418818,"[1.0, 79.0, 206.0, 403.0, 613.0, 990.0, 2004.0]",0.21197990535268302,"[1.0, 25.0, 41.0, 53.0, 58.0, 63.0, 64.0]","[1.0, 25.0, 41.0, 52.0, 58.0, 63.0, 64.0]",0.08792261211666058,0.18707124434737274,0.00019751181051727424,0.09134277896365486,True
kd_variance,r16,k16,437795,"[1.0, 218.0, 488.0, 846.0, 1179.0, 1697.0, 3145.0]",0.119140625,0.007263673637204628,0.019125389737205768,0.0769469728982743,387186,"[1.0, 193.0, 439.0, 783.0, 1117.0, 1645.1500000000233, 2771.0]",0.08669476685623964,"[1.0, 39.0, 53.0, 60.0, 63.0, 64.0, 64.0]","[1.0, 39.0, 53.0, 60.0, 62.0, 64.0, 64.0]",0.03189392295480761,0.08025217282061238,0.009616372959947007,0.035964626820184614,False
kd_variance,r16,k64,438379,"[1.0, 473.0, 922.0, 1430.0, 1852.0, 2425.0, 3524.0]",0.22509765625,0.0018226238026912785,0.005125701732975348,0.024417228015028093,301206,"[1.0, 359.0, 734.0, 1225.0, 1674.0, 2310.0, 3105.0]",0.03521510195680033,"[1.0, 51.0, 60.0, 63.0, 64.0, 64.0, 64.0]","[1.0, 51.0, 60.0, 63.0, 64.0, 64.0, 64.0]",0.0105068901566909,0.030106369146332284,0.07311253504387756,0.015175660511410794,False
kd_variance,r16,original,438383,"[1.0, 477.0, 928.0, 1438.0, 1860.0, 2434.0, 3529.0]",0.2265625,0.0017975149583811416,0.005059502763565193,0.024063433116703888,299741,"[1.0, 361.0, 737.0, 1231.0, 1680.0, 2317.0, 3110.0]",0.034866768309974275,"[1.0, 51.0, 60.0, 63.0, 64.0, 64.0, 64.0]","[1.0, 51.0, 60.0, 63.0, 64.0, 64.0, 64.0]",0.010385895438463627,0.029745679006713308,0.07459002744175755,0.015076349248184266,False
kd_variance,r16,k256,438502,"[1.0, 897.0, 1524.0, 2133.0, 2576.0, 3101.0, 3764.0]",0.3720703125,0.0003762810659928575,0.0011721725328504773,0.006649912657182864,151020,"[1.0, 486.0, 917.0, 1480.0, 2029.0, 2769.0, 3506.0]",0.0188518077075884,"[1.0, 59.0, 63.0, 64.0, 64.0, 64.0, 64.0]","[1.0, 59.0, 63.0, 64.0, 64.0, 64.0, 64.0]",0.0030125290192519077,0.009454916967311438,0.23877200103990404,0.00861475301284598,False
kd_variance,r16,k1024,438515,"[1.0, 1504.0, 2239.0, 2845.0, 3225.0, 3615.0, 3973.0]",0.546630859375,4.560847405447932e-05,0.00017787304881246936,0.001418423543094307,35162,"[1.0, 458.25, 824.0, 1287.0, 1766.0, 2582.1699999999983, 3451.0]",0.016466640122859904,"[1.0, 63.0, 64.0, 64.0, 64.0, 64.0, 64.0]","[1.0, 62.0, 64.0, 64.0, 64.0, 64.0, 64.0]",0.0005792276204918873,0.002487942259671847,0.47524029964767456,0.006882429895910358,False
kd_variance,r32,k4,398889,"[1.0, 8.0, 24.0, 58.0, 109.0, 255.0, 1731.0]",0.005859375,0.21793782230144226,0.40404724121246766,0.7795050753467757,382290,"[1.0, 7.0, 22.0, 53.0, 97.0, 208.0, 644.0]",0.8041460671218185,"[1.0, 5.0, 13.0, 23.0, 32.0, 45.0, 62.0]","[1.0, 5.0, 12.0, 22.0, 31.0, 44.0, 63.0]",0.4295179862066891,0.6795248803551865,0.0,0.44641502524261684,True
kd_variance,r32,k16,428430,"[1.0, 30.0, 86.0, 185.0, 312.0, 599.0, 2483.0]",0.02099609375,0.0735452699390799,0.15920453749737412,0.41904628527414045,377821,"[1.0, 25.0, 72.0, 156.0, 262.0, 493.0, 1333.0]",0.46751504019098994,"[1.0, 14.0, 27.0, 40.0, 48.0, 57.0, 64.0]","[1.0, 13.0, 26.0, 38.0, 47.0, 57.0, 64.0]",0.19190766286207783,0.3607847256261233,0.0,0.21608380688209497,True
kd_variance,r32,k64,436440,"[1.0, 104.0, 254.0, 476.0, 716.0, 1163.0, 3079.0]",0.06201171875,0.01931078727889286,0.047502520392264685,0.16718449271377508,299267,"[1.0, 69.0, 173.0, 345.0, 542.0, 930.0, 1729.0]",0.2360400578747406,"[1.0, 28.0, 44.0, 53.0, 58.0, 63.0, 64.0]","[1.0, 27.0, 42.0, 52.0, 58.0, 62.0, 64.0]",0.06871734946384382,0.15532719274127027,0.00010768948767299056,0.09836366856352355,False
kd_variance,r32,original,436474,"[1.0, 105.0, 257.0, 481.0, 722.0, 1171.0, 3092.0]",0.062744140625,0.01891063385218822,0.046616751513263104,0.16509574453461145,297832,"[1.0, 70.0, 175.0, 348.0, 546.0, 935.0, 1742.0]",0.23417900024174704,"[1.0, 29.0, 44.0, 54.0, 58.0, 63.0, 64.0]","[1.0, 27.0, 42.0, 52.0, 58.0, 62.0, 64.0]",0.06770850039177591,0.15356241150675642,0.00011913653505134327,0.09737032958177765,False
kd_variance,r32,k256,438164,"[1.0, 299.0, 617.0, 1010.0, 1372.0, 1931.0, 3505.0]",0.150634765625,0.003902648323458796,0.010587359983932957,0.04729279447877963,150682,"[1.0, 124.0, 278.0, 526.0, 819.0, 1362.0, 2440.0]",0.12858204695982267,"[1.0, 45.0, 56.0, 61.0, 63.0, 64.0, 64.0]","[1.0, 43.0, 55.0, 60.0, 63.0, 64.0, 64.0]",0.01868022019152646,0.05119544280223843,0.01024958691266284,0.051817735363215246,False
kd_variance,r32,k1024,438479,"[1.0, 711.0, 1242.0, 1787.0, 2215.0, 2772.0, 3775.0]",0.30322265625,0.0005929588418145452,0.0017925601910239715,0.00973136683854871,35126,"[1.0, 139.0, 283.0, 500.0, 760.0, 1322.75, 2479.0]",0.10442407333599044,"[1.0, 57.0, 62.0, 63.0, 64.0, 64.0, 64.0]","[1.0, 55.0, 61.0, 63.0, 64.0, 64.0, 64.0]",0.003918089577836111,0.012675635549250934,0.11008508959380038,0.04469623640608097,False
kd_variance,r64,k4,218074,"[1.0, 1.0, 3.0, 8.0, 17.0, 77.0, 1092.0]",0.000732421875,0.7096352614250209,0.8937929326742299,0.9866329777965278,201475,"[1.0, 1.0, 3.0, 6.0, 13.0, 34.0, 143.0]",0.9992753443355255,"[1.0, 1.0, 3.0, 5.0, 10.0, 25.0, 60.0]","[1.0, 1.0, 2.0, 5.0, 9.0, 22.0, 56.0]",0.914253877124279,0.982790245512991,0.0,0.951562228564338,True
kd_variance,r64,k16,352984,"[1.0, 4.0, 10.0, 27.0, 57.0, 186.0, 1674.0]",0.00244140625,0.3857256986152347,0.6281247875257802,0.9168290914035764,302375,"[1.0, 3.0, 8.0, 19.0, 37.0, 88.0, 346.0]",0.9717172385283175,"[1.0, 3.0, 7.0, 13.0, 21.0, 39.0, 63.0]","[1.0, 3.0, 6.0, 12.0, 20.0, 36.0, 61.0]",0.663086712145593,0.8798982390136664,0.0,0.7425547747002894,True
kd_variance,r64,k64,415749,"[1.0, 14.0, 42.0, 99.0, 186.0, 450.0, 2436.0]",0.01025390625,0.14028175654060504,0.28102773548463134,0.6251632595628612,278576,"[1.0, 8.0, 23.0, 53.0, 95.0, 205.0, 554.0]",0.8048360232037218,"[1.0, 8.0, 18.0, 29.0, 38.0, 52.0, 64.0]","[1.0, 7.0, 16.0, 27.0, 36.0, 50.0, 64.0]",0.32306271331981556,0.554673613165636,0.0,0.4518730974671185,True
kd_variance,r64,original,416167,"[1.0, 14.0, 43.0, 101.0, 189.0, 455.0, 2442.0]",0.010498046875,0.13838915627620643,0.2775400259991782,0.6202702280574866,277525,"[1.0, 8.0, 24.0, 54.0, 96.0, 207.0, 558.0]",0.8017800198180344,"[1.0, 8.0, 18.0, 29.0, 39.0, 52.0, 64.0]","[1.0, 7.0, 16.0, 27.0, 37.0, 50.0, 64.0]",0.31956161829265656,0.5500652382336898,0.0,0.4489361318800108,True
kd_variance,r64,k256,434395,"[1.0, 63.0, 162.0, 323.0, 519.0, 962.0, 3113.0]",0.03955078125,0.0336306817527826,0.08043831075403722,0.2552515567628541,146913,"[1.0, 19.0, 49.0, 106.0, 185.0, 366.0, 850.0]",0.5887634178050956,"[1.0, 22.0, 36.0, 47.0, 54.0, 60.0, 64.0]","[1.0, 20.0, 33.0, 45.0, 52.0, 60.0, 64.0]",0.10931295249715121,0.2329884091667722,2.30205227960727e-06,0.2858086078155099,True
kd_variance,r64,k1024,437977,"[1.0, 239.0, 502.0, 841.0, 1177.0, 1757.2399999999907, 3543.0]",0.12255859375,0.005301648260068451,0.014521310479774053,0.06271790527813105,34624,"[1.0, 26.0, 60.0, 119.0, 200.0, 412.0, 1092.0]",0.5252137245841035,"[1.0, 41.0, 53.0, 59.0, 62.0, 64.0, 64.0]","[1.0, 38.0, 51.0, 58.0, 61.0, 64.0, 64.0]",0.024284380230012077,0.06550115645342107,0.001573141968642189,0.24589879852125693,False
pca_sort,oracle,k4,12759,"[1.0, 1.0, 1.0, 3.0, 11.0, 177.42000000000007, 1290.0]",0.000244140625,0.8554745669723333,0.9249157457480994,0.9756250489850302,0,,,,,,,,,
pca_sort,oracle,k16,34329,"[1.0, 1.0, 2.0, 6.0, 19.0, 246.72000000000116, 1803.0]",0.00048828125,0.7598823152436716,0.8866555973083982,0.9617233243030674,0,,,,,,,,,
pca_sort,oracle,k64,90942,"[1.0, 1.0, 4.0, 12.0, 36.0, 342.0, 2300.0]",0.0009765625,0.6348002023267577,0.8037540410371445,0.9419959974489235,0,,,,,,,,,
pca_sort,oracle,original,91921,"[1.0, 1.0, 4.0, 12.0, 36.0, 341.0, 2309.0]",0.0009765625,0.633446111334733,0.8021126837175401,0.9415911489213564,0,,,,,,,,,
pca_sort,oracle,k256,196217,"[1.0, 2.0, 8.0, 29.0, 85.0, 550.0, 2765.0]",0.001953125,0.4519129331301569,0.6467788214069118,0.8686454282758375,0,,,,,,,,,
pca_sort,oracle,k1024,297905,"[1.0, 9.0, 35.0, 109.0, 259.0, 1018.960000000021, 3202.0]",0.008544921875,0.19800943253721823,0.3455061177220926,0.6380758966784713,0,,,,,,,,,
pca_sort,r16,k4,319062,"[1.0, 144.0, 413.0, 594.0, 694.0, 888.0, 2318.0]",0.100830078125,0.05041653346371552,0.0840212873986874,0.1648174962859883,306303,"[1.0, 134.0, 395.0, 582.0, 681.0, 824.0, 1176.0]",0.17168294140116158,"[1.0, 41.0, 55.0, 59.0, 61.0, 64.0, 64.0]","[1.0, 41.0, 56.0, 59.0, 61.0, 63.0, 64.0]",0.07305476678513893,0.11441036538353047,0.0027988290677047095,0.07609785082091916,False
pca_sort,r16,k16,345799,"[1.0, 327.0, 810.0, 1083.0, 1225.0, 1464.0, 2696.0]",0.19775390625,0.033901196938105664,0.05601519958125963,0.10763767390883143,311470,"[1.0, 274.0, 740.0, 1054.0, 1203.0, 1406.0, 1844.0]",0.11949786496291778,"[1.0, 52.0, 61.0, 63.0, 64.0, 64.0, 64.0]","[1.0, 53.0, 61.0, 63.0, 64.0, 64.0, 64.0]",0.04921934418549504,0.07642590059543261,0.03188846699961538,0.05464410697659486,False
pca_sort,r16,k64,368128,"[1.0, 654.0, 1359.0, 1694.0, 1863.0, 2119.0, 3104.0]",0.331787109375,0.02339675330319889,0.038160639777468704,0.07256171766342141,277186,"[1.0, 426.0, 1116.0, 1622.0, 1836.0, 2084.0, 2535.0]",0.0963685034597707,"[1.0, 59.0, 63.0, 64.0, 64.0, 64.0, 64.0]","[1.0, 59.0, 63.0, 64.0, 64.0, 64.0, 64.0]",0.0337464142906815,0.05247087969401947,0.19189521036161336,0.04481828086555598,False
pca_sort,r16,original,368367,"[1.0, 659.0, 1367.0, 1702.0, 1872.0, 2126.3400000000256, 3111.0]",0.333740234375,0.02335171174399444,0.03800829064492748,0.07219159153778705,276446,"[1.0, 428.0, 1120.0, 1628.0, 1844.0, 2093.0, 2542.0]",0.09619600211252831,"[1.0, 59.0, 63.0, 64.0, 64.0, 64.0, 64.0]","[1.0, 59.0, 63.0, 64.0, 64.0, 64.0, 64.0]",0.03359692914946236,0.05230381657423168,0.19480843832373693,0.04476823683468019,False
pca_sort,r16,k256,387430,"[1.0, 1178.0, 2027.0, 2369.0, 2543.0, 2783.0, 3440.0]",0.494873046875,0.01593836305913326,0.026156983196964613,0.04874170817954211,191213,"[1.0, 434.0, 1227.0, 2028.0, 2444.0, 2756.0, 3138.0]",0.09875897559266368,"[1.0, 62.0, 64.0, 64.0, 64.0, 64.0, 64.0]","[1.0, 62.0, 64.0, 64.0, 64.0, 64.0, 64.0]",0.0233435717419921,0.03568128436104587,0.4345404331104974,0.04729803935924859,False
pca_sort,r16,k1024,403768,"[1.0, 1895.0, 2720.0, 3009.0, 3162.0, 3357.0, 3714.0]",0.6640625,0.010476313130312456,0.01694537457153613,0.0314759961165818,105863,"[1.0, 310.0, 998.0, 1800.0, 2451.0, 3146.0, 3589.0]",0.12005138717021055,"[1.0, 63.0, 64.0, 64.0, 64.0, 64.0, 64.0]","[1.0, 63.0, 64.0, 64.0, 64.0, 64.0, 64.0]",0.015261239127419706,0.023627429613045117,0.6360013671217135,0.058207305668647215,False
pca_sort,r32,k4,276855,"[1.0, 18.0, 54.0, 90.0, 123.0, 280.0, 1925.0]",0.01318359375,0.13656607249282116,0.23840999801340051,0.5761319102057033,264096,"[1.0, 17.0, 51.0, 85.0, 114.0, 171.0, 416.0]",0.6005770628862231,"[1.0, 11.0, 23.0, 31.0, 37.0, 56.0, 64.0]","[1.0, 11.0, 23.0, 31.0, 37.0, 52.0, 64.0]",0.21944339094471835,0.374965234509039,0.00010835997182640732,0.22990882103477522,True
pca_sort,r32,k16,315519,"[1.0, 55.0, 170.0, 264.0, 336.0, 610.0, 2359.0]",0.04150390625,0.07913944960525357,0.13303160823912347,0.2725192460675902,281190,"[1.0, 44.0, 147.0, 241.0, 302.0, 395.0, 583.0]",0.30532024609694514,"[1.0, 23.0, 40.0, 48.0, 52.0, 62.0, 64.0]","[1.0, 23.0, 41.0, 48.0, 52.0, 60.0, 64.0]",0.12434750363686498,0.20052358178112886,0.0008969348914011517,0.13948931327572103,True
pca_sort,r32,k64,346162,"[1.0, 153.0, 430.0, 618.0, 739.0, 1102.0, 2740.0]",0.10498046875,0.049560610350067306,0.08204251188749775,0.16024866969800267,255220,"[1.0, 86.0, 304.0, 527.0, 644.0, 799.0, 1082.0]",0.21719692814042788,"[1.0, 38.0, 54.0, 58.0, 61.0, 64.0, 64.0]","[1.0, 39.0, 54.0, 58.0, 60.0, 63.0, 64.0]",0.07744639792929323,0.12236467318769824,0.004694333866802249,0.10501919912232584,False
pca_sort,r32,original,346484,"[1.0, 154.0, 435.0, 623.0, 745.0, 1110.0, 2744.0]",0.106201171875,0.04924036896364623,0.08157952459565232,0.15923390401865598,254563,"[1.0, 86.0, 306.0, 531.0, 649.0, 805.0, 1087.0]",0.21658292839100735,"[1.0, 38.0, 54.0, 58.0, 61.0, 64.0, 64.0]","[1.0, 39.0, 54.0, 58.0, 60.0, 63.0, 64.0]",0.07700499878782281,0.12177185670911211,0.004765010794149225,0.10478742000997789,False
pca_sort,r32,k256,371746,"[1.0, 389.0, 918.0, 1206.0, 1368.0, 1745.0, 3194.0]",0.22412109375,0.03188467394403706,0.05171810860103404,0.09856999133817176,175529,"[1.0, 95.0, 380.0, 823.0, 1119.0, 1389.0, 1801.0]",0.20867776834597132,"[1.0, 52.0, 60.0, 62.0, 64.0, 64.0, 64.0]","[1.0, 52.0, 60.0, 62.0, 63.0, 64.0, 64.0]",0.049240610524390306,0.07703916114766535,0.03208911461051363,0.10427336793350386,False
pca_sort,r32,k1024,393018,"[1.0, 878.0, 1653.0, 1991.0, 2165.0, 2479.0, 3536.0]",0.403564453125,0.02001435048776392,0.032359841025093,0.06056465607173209,95113,"[1.0, 64.0, 286.0, 699.0, 1181.0, 1912.8800000000047, 2434.0]",0.2501761063156456,"[1.0, 60.0, 63.0, 64.0, 64.0, 64.0, 64.0]","[1.0, 60.0, 63.0, 64.0, 64.0, 64.0, 64.0]",0.03124538825193757,0.048104666961818546,0.22655959777923657,0.12910958544047607,False
pca_sort,r64,k4,183811,"[1.0, 2.0, 4.0, 9.0, 18.0, 98.0, 1585.0]",0.0009765625,0.6495693946499393,0.8898868946907421,0.984358933904935,171052,"[1.0, 2.0, 4.0, 8.0, 14.0, 31.0, 109.0]",0.9996843065266703,"[1.0, 2.0, 3.0, 6.0, 10.0, 39.0, 64.0]","[1.0, 2.0, 3.0, 6.0, 10.0, 34.0, 64.0]",0.8821615681324839,0.9653829204998613,2.1761483262699186e-05,0.9261978813460234,True
pca_sort,r64,k16,260447,"[1.0, 7.0, 19.0, 38.0, 66.0, 244.0, 2083.0]",0.004638671875,0.23739954770068383,0.4574788728608892,0.8966545976724631,226118,"[1.0, 6.0, 15.0, 30.0, 45.0, 78.0, 159.0]",0.9718686703402648,"[1.0, 5.0, 11.0, 17.0, 25.0, 53.0, 64.0]","[1.0, 5.0, 11.0, 17.0, 25.0, 49.0, 64.0]",0.4425199752732802,0.7736046105349649,8.447016091565654e-05,0.5047541549102681,True
pca_sort,r64,k64,309691,"[1.0, 26.0, 76.0, 137.0, 211.0, 560.0, 2533.0]",0.0185546875,0.11210206302411113,0.1942775217878466,0.4434839888792377,218749,"[1.0, 14.0, 48.0, 91.0, 127.0, 187.0, 310.0]",0.6026998980566768,"[1.0, 13.0, 26.0, 35.0, 43.0, 61.0, 64.0]","[1.0, 13.0, 26.0, 35.0, 43.0, 58.0, 64.0]",0.19205918157130816,0.3287179801802442,0.0007329886887252132,0.2703143785800164,True
pca_sort,r64,original,310204,"[1.0, 26.0, 77.0, 139.0, 214.0, 566.0, 2541.0]",0.018798828125,0.11131384508259082,0.19240241905326816,0.438862812858635,218283,"[1.0, 14.0, 48.0, 92.0, 128.0, 189.0, 315.0]",0.5986952717343998,"[1.0, 13.0, 26.0, 36.0, 43.0, 61.0, 64.0]","[1.0, 14.0, 26.0, 36.0, 43.0, 58.0, 64.0]",0.19061649753065724,0.32582429626955167,0.000757565988833155,0.26932926521992095,True
pca_sort,r64,k256,346881,"[1.0, 91.0, 258.0, 410.0, 561.0, 1097.0, 2967.0]",0.06298828125,0.06150812526486028,0.10329478985588718,0.20862774265526218,150664,"[1.0, 18.0, 76.0, 188.0, 283.0, 405.0, 632.0]",0.4642250305315138,"[1.0, 28.0, 45.0, 52.0, 57.0, 64.0, 64.0]","[1.0, 28.0, 45.0, 52.0, 57.0, 63.0, 64.0]",0.10318524220121598,0.16734269100930868,0.003981192397392766,0.23648648648648649,True
pca_sort,r64,k1024,376474,"[1.0, 293.0, 708.0, 989.0, 1209.0, 1827.2700000000186, 3399.0]",0.1728515625,0.0356757704383304,0.058784936011517394,0.11287366458241473,78569,"[1.0, 13.0, 57.0, 166.0, 332.0, 667.0, 1069.0]",0.5261108070613092,"[1.0, 46.0, 58.0, 61.0, 63.0, 64.0, 64.0]","[1.0, 46.0, 57.0, 61.0, 62.0, 64.0, 64.0]",0.05901602766724927,0.09317243687479082,0.016880315772138315,0.2815232470821825,False
