layout,kind,cell,size,total_pairs,candidate_pairs,true_pairs,false_candidates,candidate_pair_fraction,false_candidate_share,total_tiles,occupied_tiles,rejected_tile_fraction,oracle_empty_tiles,empty_tile_recall,occupied_pair_capacity,occupied_capacity_fraction,work_amplification,information_limited
original,oracle,k4,16,1800030000,178659,178659,0,9.925334577757037e-05,0.0,7033125,116597,0.983421736425842,6916528,1.0,29398832,0.01633241223757382,164.5527625252576,False
original,oracle,k4,32,1800030000,178659,178659,0,9.925334577757037e-05,0.0,1758750,108597,0.9382533049040511,1650153,1.0,110273328,0.06126193896768387,617.2279482141957,False
original,oracle,k4,64,1800030000,178659,178659,0,9.925334577757037e-05,0.0,440391,92093,0.7908835557493228,348298,1.0,375226160,0.2084555035193858,2100.2365400007834,False
original,oracle,k4,256,1800030000,178659,178659,0,9.925334577757037e-05,0.0,27730,26105,0.05860079336458709,1625,1.0,1695786800,0.9420880763098393,9491.751325150146,False
original,oracle,k16,16,1800030000,538429,538429,0,0.000299122236851608,0.0,7033125,432155,0.938554341064605,6600970,1.0,110181680,0.061211024260706764,204.6354858300723,False
original,oracle,k16,32,1800030000,538429,538429,0,0.000299122236851608,0.0,1758750,370365,0.7894157782515991,1388385,1.0,378323760,0.21017636372727122,702.6437283281547,False
original,oracle,k16,64,1800030000,538429,538429,0,0.000299122236851608,0.0,440391,247984,0.43690039078909426,192407,1.0,1013266224,0.562916298061699,1881.8938504426767,False
original,oracle,k16,256,1800030000,538429,538429,0,0.000299122236851608,0.0,27730,27728,7.21240533717995e-05,2,1.0,1799898928,0.9999271834358316,3342.871442660035,False
original,oracle,k64,16,1800030000,1961499,1961499,0,0.0010897035049415842,0.0,7033125,1459101,0.7925387363369768,5574024,1.0,373079856,0.20726313228112864,190.20140005169515,False
original,oracle,k64,32,1800030000,1961499,1961499,0,0.0010897035049415842,0.0,1758750,989696,0.4372730632551528,769054,1.0,1012518704,0.5625010160941762,516.1963906175838,False
original,oracle,k64,64,1800030000,1961499,1961499,0,0.0010897035049415842,0.0,440391,410145,0.06867987765417549,30246,1.0,1676564272,0.9314090720710211,854.7362359093734,False
original,oracle,k64,256,1800030000,1961499,1961499,0,0.0010897035049415842,0.0,27730,27730,0.0,0,,1800030000,1.0,917.6808145199157,False
original,oracle,original,16,1800030000,1993039,1993039,0,0.0011072254351316368,0.0,7033125,1478943,0.7897175153292455,5554182,1.0,378159408,0.21008505858235696,189.74009439855416,False
original,oracle,original,32,1800030000,1993039,1993039,0,0.0011072254351316368,0.0,1758750,998946,0.4320136460554371,759804,1.0,1021990704,0.5677631506141564,512.780083079157,False
original,oracle,original,64,1800030000,1993039,1993039,0,0.0011072254351316368,0.0,440391,411215,0.06625021855578338,29176,1.0,1680936752,0.9338381871413254,843.4038430758254,False
original,oracle,original,256,1800030000,1993039,1993039,0,0.0011072254351316368,0.0,27730,27730,0.0,0,,1800030000,1.0,903.1584429607248,False
original,oracle,k256,16,1800030000,7744714,7744714,0,0.004302547179769226,0.0,7033125,3948032,0.43865180840664714,3085093,1.0,1010246192,0.5612385304689367,130.44331811349005,False
original,oracle,k256,32,1800030000,7744714,7744714,0,0.004302547179769226,0.0,1758750,1646089,0.06405742714996446,112661,1.0,1684665136,0.9359094770642712,217.524512331895,False
original,oracle,k256,64,1800030000,7744714,7744714,0,0.004302547179769226,0.0,440391,440258,0.0003020043552207016,133,1.0,1799491376,0.9997007694316206,232.3509139265827,False
original,oracle,k256,256,1800030000,7744714,7744714,0,0.004302547179769226,0.0,27730,27730,0.0,0,,1800030000,1.0,232.42046123330056,False
original,oracle,k1024,16,1800030000,30759403,30759403,0,0.01708827241768193,0.0,7033125,6568121,0.06611627121656447,465004,1.0,1680988976,0.9338671999911112,54.64959693788595,False
original,oracle,k1024,32,1800030000,30759403,30759403,0,0.01708827241768193,0.0,1758750,1758393,0.00020298507462686568,357,1.0,1799664432,0.9997969100514992,58.507781571703454,False
original,oracle,k1024,64,1800030000,30759403,30759403,0,0.01708827241768193,0.0,440391,440391,0.0,0,,1800030000,1.0,58.51966632772424,False
original,oracle,k1024,256,1800030000,30759403,30759403,0,0.01708827241768193,0.0,27730,27730,0.0,0,,1800030000,1.0,58.51966632772424,False
original,r16,k4,16,1800030000,123280363,178659,123101704,0.06848794908973739,0.9985507910939555,7033125,7033041,1.1943481738203145e-05,6916528,1.2144821794981528e-05,1800008496,0.9999880535324411,14.600934424568493,False
original,r16,k4,32,1800030000,123280363,178659,123101704,0.06848794908973739,0.9985507910939555,1758750,1758750,0.0,1650153,0.0,1800030000,1.0,14.601108856241769,False
original,r16,k4,64,1800030000,123280363,178659,123101704,0.06848794908973739,0.9985507910939555,440391,440391,0.0,348298,0.0,1800030000,1.0,14.601108856241769,False
original,r16,k4,256,1800030000,123280363,178659,123101704,0.06848794908973739,0.9985507910939555,27730,27730,0.0,1625,0.0,1800030000,1.0,14.601108856241769,False
original,r16,k16,16,1800030000,249889189,538429,249350760,0.1388250134719977,0.9978453289549873,7033125,7033125,0.0,6600970,0.0,1800030000,1.0,7.203312825189888,False
original,r16,k16,32,1800030000,249889189,538429,249350760,0.1388250134719977,0.9978453289549873,1758750,1758750,0.0,1388385,0.0,1800030000,1.0,7.203312825189888,False
original,r16,k16,64,1800030000,249889189,538429,249350760,0.1388250134719977,0.9978453289549873,440391,440391,0.0,192407,0.0,1800030000,1.0,7.203312825189888,False
original,r16,k16,256,1800030000,249889189,538429,249350760,0.1388250134719977,0.9978453289549873,27730,27730,0.0,2,0.0,1800030000,1.0,7.203312825189888,False
original,r16,k64,16,1800030000,432716178,1961499,430754679,0.24039387010216495,0.9954670079379375,7033125,7033125,0.0,5574024,0.0,1800030000,1.0,4.1598398477257765,False
original,r16,k64,32,1800030000,432716178,1961499,430754679,0.24039387010216495,0.9954670079379375,1758750,1758750,0.0,769054,0.0,1800030000,1.0,4.1598398477257765,False
original,r16,k64,64,1800030000,432716178,1961499,430754679,0.24039387010216495,0.9954670079379375,440391,440391,0.0,30246,0.0,1800030000,1.0,4.1598398477257765,False
original,r16,k64,256,1800030000,432716178,1961499,430754679,0.24039387010216495,0.9954670079379375,27730,27730,0.0,0,,1800030000,1.0,4.1598398477257765,False
original,r16,original,16,1800030000,435256377,1993039,433263338,0.24180506824886253,0.9954209998857754,7033125,7033125,0.0,5554182,0.0,1800030000,1.0,4.135562613480101,False
original,r16,original,32,1800030000,435256377,1993039,433263338,0.24180506824886253,0.9954209998857754,1758750,1758750,0.0,759804,0.0,1800030000,1.0,4.135562613480101,False
original,r16,original,64,1800030000,435256377,1993039,433263338,0.24180506824886253,0.9954209998857754,440391,440391,0.0,29176,0.0,1800030000,1.0,4.135562613480101,False
original,r16,original,256,1800030000,435256377,1993039,433263338,0.24180506824886253,0.9954209998857754,27730,27730,0.0,0,,1800030000,1.0,4.135562613480101,False
original,r16,k256,16,1800030000,670115856,7744714,662371142,0.37228038199363345,0.9884427238504262,7033125,7033125,0.0,3085093,0.0,1800030000,1.0,2.6861474532845557,False
original,r16,k256,32,1800030000,670115856,7744714,662371142,0.37228038199363345,0.9884427238504262,1758750,1758750,0.0,112661,0.0,1800030000,1.0,2.6861474532845557,False
original,r16,k256,64,1800030000,670115856,7744714,662371142,0.37228038199363345,0.9884427238504262,440391,440391,0.0,133,0.0,1800030000,1.0,2.6861474532845557,False
original,r16,k256,256,1800030000,670115856,7744714,662371142,0.37228038199363345,0.9884427238504262,27730,27730,0.0,0,,1800030000,1.0,2.6861474532845557,False
original,r16,k1024,16,1800030000,942102371,30759403,911342968,0.523381483086393,0.9673502541264701,7033125,7033125,0.0,465004,0.0,1800030000,1.0,1.910652234203962,True
original,r16,k1024,32,1800030000,942102371,30759403,911342968,0.523381483086393,0.9673502541264701,1758750,1758750,0.0,357,0.0,1800030000,1.0,1.910652234203962,True
original,r16,k1024,64,1800030000,942102371,30759403,911342968,0.523381483086393,0.9673502541264701,440391,440391,0.0,0,,1800030000,1.0,1.910652234203962,True
original,r16,k1024,256,1800030000,942102371,30759403,911342968,0.523381483086393,0.9673502541264701,27730,27730,0.0,0,,1800030000,1.0,1.910652234203962,True
original,r32,k4,16,1800030000,17563025,178659,17384366,0.009757073493219557,0.9898275496390855,7033125,6071409,0.1367409224206878,6916528,0.13904606473074352,1553830704,0.8632248929184514,88.47170142956581,False
original,r32,k4,32,1800030000,17563025,178659,17384366,0.009757073493219557,0.9898275496390855,1758750,1757047,0.0009683013503909027,1650153,0.0010320255152098017,1798286128,0.9990311983689161,102.39045540275664,False
original,r32,k4,64,1800030000,17563025,178659,17384366,0.009757073493219557,0.9898275496390855,440391,440391,0.0,348298,0.0,1800030000,1.0,102.48974763743718,False
original,r32,k4,256,1800030000,17563025,178659,17384366,0.009757073493219557,0.9898275496390855,27730,27730,0.0,1625,0.0,1800030000,1.0,102.48974763743718,False
original,r32,k16,16,1800030000,55967448,538429,55429019,0.031092508458192364,0.9903796042299445,7033125,7002833,0.004307047009686306,6600970,0.0045890225224474585,1792275248,0.995691876246507,32.02352996334584,False
original,r32,k16,32,1800030000,55967448,538429,55429019,0.031092508458192364,0.9903796042299445,1758750,1758750,0.0,1388385,0.0,1800030000,1.0,32.162088219566485,False
original,r32,k16,64,1800030000,55967448,538429,55429019,0.031092508458192364,0.9903796042299445,440391,440391,0.0,192407,0.0,1800030000,1.0,32.162088219566485,False
original,r32,k16,256,1800030000,55967448,538429,55429019,0.031092508458192364,0.9903796042299445,27730,27730,0.0,2,0.0,1800030000,1.0,32.162088219566485,False
original,r32,k64,16,1800030000,141982026,1961499,140020527,0.07887758870685489,0.9861848780774547,7033125,7033085,5.687372256287212e-06,5574024,7.176144200312019e-06,1800019760,0.9999943112059243,12.677800216768283,False
original,r32,k64,32,1800030000,141982026,1961499,140020527,0.07887758870685489,0.9861848780774547,1758750,1758750,0.0,769054,0.0,1800030000,1.0,12.677872338573335,False
original,r32,k64,64,1800030000,141982026,1961499,140020527,0.07887758870685489,0.9861848780774547,440391,440391,0.0,30246,0.0,1800030000,1.0,12.677872338573335,False
original,r32,k64,256,1800030000,141982026,1961499,140020527,0.07887758870685489,0.9861848780774547,27730,27730,0.0,0,,1800030000,1.0,12.677872338573335,False
original,r32,original,16,1800030000,143420637,1993039,141427598,0.079676803719938,0.9861035410127205,7033125,7033088,5.260819337065671e-06,5554182,6.661647025610612e-06,1800020528,0.99999473786548,12.550638218124774,False
original,r32,original,32,1800030000,143420637,1993039,141427598,0.079676803719938,0.9861035410127205,1758750,1758750,0.0,759804,0.0,1800030000,1.0,12.550704261618918,False
original,r32,original,64,1800030000,143420637,1993039,141427598,0.079676803719938,0.9861035410127205,440391,440391,0.0,29176,0.0,1800030000,1.0,12.550704261618918,False
original,r32,original,256,1800030000,143420637,1993039,141427598,0.079676803719938,0.9861035410127205,27730,27730,0.0,0,,1800030000,1.0,12.550704261618918,False
original,r32,k256,16,1800030000,304229836,7744714,296485122,0.1690137586595779,0.9745432134407751,7033125,7033125,0.0,3085093,0.0,1800030000,1.0,5.916678073612741,False
original,r32,k256,32,1800030000,304229836,7744714,296485122,0.1690137586595779,0.9745432134407751,1758750,1758750,0.0,112661,0.0,1800030000,1.0,5.916678073612741,False
original,r32,k256,64,1800030000,304229836,7744714,296485122,0.1690137586595779,0.9745432134407751,440391,440391,0.0,133,0.0,1800030000,1.0,5.916678073612741,False
original,r32,k256,256,1800030000,304229836,7744714,296485122,0.1690137586595779,0.9745432134407751,27730,27730,0.0,0,,1800030000,1.0,5.916678073612741,False
original,r32,k1024,16,1800030000,557789774,30759403,527030371,0.30987804314372536,0.9448548459764341,7033125,7033125,0.0,465004,0.0,1800030000,1.0,3.2270760130500347,False
original,r32,k1024,32,1800030000,557789774,30759403,527030371,0.30987804314372536,0.9448548459764341,1758750,1758750,0.0,357,0.0,1800030000,1.0,3.2270760130500347,False
original,r32,k1024,64,1800030000,557789774,30759403,527030371,0.30987804314372536,0.9448548459764341,440391,440391,0.0,0,,1800030000,1.0,3.2270760130500347,False
original,r32,k1024,256,1800030000,557789774,30759403,527030371,0.30987804314372536,0.9448548459764341,27730,27730,0.0,0,,1800030000,1.0,3.2270760130500347,False
original,r64,k4,16,1800030000,1848123,178659,1669464,0.0010267178880351993,0.903329486186796,7033125,1465466,0.7916337332266951,6916528,0.8049788853598222,374709296,0.20816836163841715,202.7512757538324,False
original,r64,k4,32,1800030000,1848123,178659,1669464,0.0010267178880351993,0.903329486186796,1758750,1025000,0.4171997157071784,1650153,0.444655737983084,1048670000,0.5825847346988662,567.4243543313946,False
original,r64,k4,64,1800030000,1848123,178659,1669464,0.0010267178880351993,0.903329486186796,440391,418932,0.04872715382466944,348298,0.061611034229309386,1712922416,0.9516077043160391,926.8443799465729,False
original,r64,k4,256,1800030000,1848123,178659,1669464,0.0010267178880351993,0.903329486186796,27730,27730,0.0,1625,0.0,1800030000,1.0,973.9773813755903,False
original,r64,k16,16,1800030000,8433420,538429,7894991,0.0046851552474125435,0.9361553201429551,7033125,4402752,0.3739977605971741,6600970,0.39848279874018516,1126654512,0.6259087415209746,133.59402377683074,False
original,r64,k16,32,1800030000,8433420,538429,7894991,0.0046851552474125435,0.9361553201429551,1758750,1703864,0.03120739161336176,1388385,0.03953226230476417,1743826736,0.9687764848363638,206.77574886582192,False
original,r64,k16,64,1800030000,8433420,538429,7894991,0.0046851552474125435,0.9361553201429551,440391,440371,4.5414188754992724e-05,192407,0.00010394632211925762,1799966512,0.999964729476731,213.43257089057582,False
original,r64,k16,256,1800030000,8433420,538429,7894991,0.0046851552474125435,0.9361553201429551,27730,27730,0.0,2,0.0,1800030000,1.0,213.44009903455537,False
original,r64,k64,16,1800030000,31507776,1961499,29546277,0.017504028266195563,0.9377455584297667,7033125,6732654,0.042722260730471875,5574024,0.05390558060029881,1723109424,0.957267058882352,54.6883862574115,False
original,r64,k64,32,1800030000,31507776,1961499,29546277,0.017504028266195563,0.9377455584297667,1758750,1758692,3.297796730632551e-05,769054,7.541733090264143e-05,1799970608,0.9999670049943612,57.12782165266123,False
original,r64,k64,64,1800030000,31507776,1961499,29546277,0.017504028266195563,0.9377455584297667,440391,440391,0.0,30246,0.0,1800030000,1.0,57.12970664765422,False
original,r64,k64,256,1800030000,31507776,1961499,29546277,0.017504028266195563,0.9377455584297667,27730,27730,0.0,0,,1800030000,1.0,57.12970664765422,False
original,r64,original,16,1800030000,31973073,1993039,29980034,0.017762522291295144,0.9376650783614074,7033125,6744204,0.041080031991468945,5554182,0.0520186410888228,1726066224,0.9589096981716971,53.98499618726045,False
original,r64,original,32,1800030000,31973073,1993039,29980034,0.017762522291295144,0.9376650783614074,1758750,1758700,2.8429282160625443e-05,759804,6.58064448199799e-05,1799978800,0.9999715560296217,56.2967094217062,False
original,r64,original,64,1800030000,31973073,1993039,29980034,0.017762522291295144,0.9376650783614074,440391,440391,0.0,29176,0.0,1800030000,1.0,56.29831076919006,False
original,r64,original,256,1800030000,31973073,1993039,29980034,0.017762522291295144,0.9376650783614074,27730,27730,0.0,0,,1800030000,1.0,56.29831076919006,False
original,r64,k256,16,1800030000,98589072,7744714,90844358,0.054770793820103,0.9214444984328486,7033125,7031244,0.00026744868035190615,3085093,0.0006097060931388454,1799548464,0.9997324844585923,18.253021633067,False
original,r64,k256,32,1800030000,98589072,7744714,90844358,0.054770793820103,0.9214444984328486,1758750,1758750,0.0,112661,0.0,1800030000,1.0,18.25790590665059,False
original,r64,k256,64,1800030000,98589072,7744714,90844358,0.054770793820103,0.9214444984328486,440391,440391,0.0,133,0.0,1800030000,1.0,18.25790590665059,False
original,r64,k256,256,1800030000,98589072,7744714,90844358,0.054770793820103,0.9214444984328486,27730,27730,0.0,0,,1800030000,1.0,18.25790590665059,False
original,r64,k1024,16,1800030000,255024243,30759403,224264840,0.1416777737037716,0.879386357006067,7033125,7033125,0.0,465004,0.0,1800030000,1.0,7.05827014257621,False
original,r64,k1024,32,1800030000,255024243,30759403,224264840,0.1416777737037716,0.879386357006067,1758750,1758750,0.0,357,0.0,1800030000,1.0,7.05827014257621,False
original,r64,k1024,64,1800030000,255024243,30759403,224264840,0.1416777737037716,0.879386357006067,440391,440391,0.0,0,,1800030000,1.0,7.05827014257621,False
original,r64,k1024,256,1800030000,255024243,30759403,224264840,0.1416777737037716,0.879386357006067,27730,27730,0.0,0,,1800030000,1.0,7.05827014257621,False
random,oracle,k4,16,1800030000,178659,178659,0,9.925334577757037e-05,0.0,7033125,115956,0.983512876566249,6917169,1.0,29234736,0.016241249312511457,163.63427535136768,False
random,oracle,k4,32,1800030000,178659,178659,0,9.925334577757037e-05,0.0,1758750,107642,0.9387963041933192,1651108,1.0,109295408,0.060718659133458884,611.7542805008424,False
random,oracle,k4,64,1800030000,178659,178659,0,9.925334577757037e-05,0.0,440391,91577,0.7920552418192016,348814,1.0,372979504,0.20720738209918724,2087.6614332331424,False
random,oracle,k4,256,1800030000,178659,178659,0,9.925334577757037e-05,0.0,27730,25953,0.06408222142084385,1777,1.0,1687136048,0.9372821830747265,9443.330859346577,False
random,oracle,k16,16,1800030000,538429,538429,0,0.000299122236851608,0.0,7033125,428687,0.939047436239225,6604438,1.0,109293872,0.06071780581434754,202.9865999045371,False
random,oracle,k16,32,1800030000,538429,538429,0,0.000299122236851608,0.0,1758750,364938,0.7925014925373134,1393812,1.0,372766512,0.20708905518241363,692.3225012025727,False
random,oracle,k16,64,1800030000,538429,538429,0,0.000299122236851608,0.0,440391,245699,0.44208896185435215,194692,1.0,1003583280,0.5575369743837603,1863.910153427843,False
random,oracle,k16,256,1800030000,538429,538429,0,0.000299122236851608,0.0,27730,27712,0.0006491164803461955,18,1.0,1798891312,0.9993674060987873,3341.000042716867,False
random,oracle,k64,16,1800030000,1961499,1961499,0,0.0010897035049415842,0.0,7033125,1445752,0.7944367546432063,5587373,1.0,369662512,0.20536463947823091,188.45918962997177,False
random,oracle,k64,32,1800030000,1961499,1961499,0,0.0010897035049415842,0.0,1758750,971236,0.4477691542288557,787514,1.0,993615664,0.5519995022305184,506.5593528214901,False
random,oracle,k64,64,1800030000,1961499,1961499,0,0.0010897035049415842,0.0,440391,408821,0.071686296949756,31570,1.0,1670919984,0.9282734087765204,851.8586978632159,False
random,oracle,k64,256,1800030000,1961499,1961499,0,0.0010897035049415842,0.0,27730,27730,0.0,0,,1800030000,1.0,917.6808145199157,False
random,oracle,original,16,1800030000,1993039,1993039,0,0.0011072254351316368,0.0,7033125,1465494,0.7916297520661157,5567631,1.0,374716464,0.2081723437942701,188.0126098887177,False
random,oracle,original,32,1800030000,1993039,1993039,0,0.0011072254351316368,0.0,1758750,980403,0.44255692963752663,778347,1.0,1003002672,0.5572144197596707,503.25290774540787,False
random,oracle,original,64,1800030000,1993039,1993039,0,0.0011072254351316368,0.0,440391,409975,0.06906589825859293,30416,1.0,1675638576,0.9308948050865818,840.7455027222247,False
random,oracle,original,256,1800030000,1993039,1993039,0,0.0011072254351316368,0.0,27730,27730,0.0,0,,1800030000,1.0,903.1584429607248,False
random,oracle,k256,16,1800030000,7744714,7744714,0,0.004302547179769226,0.0,7033125,3933323,0.44074319736959033,3099802,1.0,1006480688,0.5591466186674666,129.95711500773302,False
random,oracle,k256,32,1800030000,7744714,7744714,0,0.004302547179769226,0.0,1758750,1634451,0.07067462686567164,124299,1.0,1672747824,0.9292888585190247,215.9857451159591,False
random,oracle,k256,64,1800030000,7744714,7744714,0,0.004302547179769226,0.0,440391,440270,0.00027475584196770596,121,1.0,1799536432,0.9997258001255535,232.35673157201157,False
random,oracle,k256,256,1800030000,7744714,7744714,0,0.004302547179769226,0.0,27730,27730,0.0,0,,1800030000,1.0,232.42046123330056,False
random,oracle,k1024,16,1800030000,30759403,30759403,0,0.01708827241768193,0.0,7033125,6576674,0.06490016884386386,456451,1.0,1683178544,0.9350836063843381,54.720780634136496,False
random,oracle,k1024,32,1800030000,30759403,30759403,0,0.01708827241768193,0.0,1758750,1758268,0.0002740582800284293,482,1.0,1799536432,0.9997258001255535,58.50362024256452,False
random,oracle,k1024,64,1800030000,30759403,30759403,0,0.01708827241768193,0.0,440391,440391,0.0,0,,1800030000,1.0,58.51966632772424,False
random,oracle,k1024,256,1800030000,30759403,30759403,0,0.01708827241768193,0.0,27730,27730,0.0,0,,1800030000,1.0,58.51966632772424,False
random,r16,k4,16,1800030000,123280363,178659,123101704,0.06848794908973739,0.9985507910939555,7033125,7033027,1.393406202790367e-05,6917169,1.4167645752185612e-05,1800004912,0.9999860624545146,14.600905352622947,False
random,r16,k4,32,1800030000,123280363,178659,123101704,0.06848794908973739,0.9985507910939555,1758750,1758750,0.0,1651108,0.0,1800030000,1.0,14.601108856241769,False
random,r16,k4,64,1800030000,123280363,178659,123101704,0.06848794908973739,0.9985507910939555,440391,440391,0.0,348814,0.0,1800030000,1.0,14.601108856241769,False
random,r16,k4,256,1800030000,123280363,178659,123101704,0.06848794908973739,0.9985507910939555,27730,27730,0.0,1777,0.0,1800030000,1.0,14.601108856241769,False
random,r16,k16,16,1800030000,249889189,538429,249350760,0.1388250134719977,0.9978453289549873,7033125,7033125,0.0,6604438,0.0,1800030000,1.0,7.203312825189888,False
random,r16,k16,32,1800030000,249889189,538429,249350760,0.1388250134719977,0.9978453289549873,1758750,1758750,0.0,1393812,0.0,1800030000,1.0,7.203312825189888,False
random,r16,k16,64,1800030000,249889189,538429,249350760,0.1388250134719977,0.9978453289549873,440391,440391,0.0,194692,0.0,1800030000,1.0,7.203312825189888,False
random,r16,k16,256,1800030000,249889189,538429,249350760,0.1388250134719977,0.9978453289549873,27730,27730,0.0,18,0.0,1800030000,1.0,7.203312825189888,False
random,r16,k64,16,1800030000,432716178,1961499,430754679,0.24039387010216495,0.9954670079379375,7033125,7033125,0.0,5587373,0.0,1800030000,1.0,4.1598398477257765,False
random,r16,k64,32,1800030000,432716178,1961499,430754679,0.24039387010216495,0.9954670079379375,1758750,1758750,0.0,787514,0.0,1800030000,1.0,4.1598398477257765,False
random,r16,k64,64,1800030000,432716178,1961499,430754679,0.24039387010216495,0.9954670079379375,440391,440391,0.0,31570,0.0,1800030000,1.0,4.1598398477257765,False
random,r16,k64,256,1800030000,432716178,1961499,430754679,0.24039387010216495,0.9954670079379375,27730,27730,0.0,0,,1800030000,1.0,4.1598398477257765,False
random,r16,original,16,1800030000,435256377,1993039,433263338,0.24180506824886253,0.9954209998857754,7033125,7033125,0.0,5567631,0.0,1800030000,1.0,4.135562613480101,False
random,r16,original,32,1800030000,435256377,1993039,433263338,0.24180506824886253,0.9954209998857754,1758750,1758750,0.0,778347,0.0,1800030000,1.0,4.135562613480101,False
random,r16,original,64,1800030000,435256377,1993039,433263338,0.24180506824886253,0.9954209998857754,440391,440391,0.0,30416,0.0,1800030000,1.0,4.135562613480101,False
random,r16,original,256,1800030000,435256377,1993039,433263338,0.24180506824886253,0.9954209998857754,27730,27730,0.0,0,,1800030000,1.0,4.135562613480101,False
random,r16,k256,16,1800030000,670115856,7744714,662371142,0.37228038199363345,0.9884427238504262,7033125,7033125,0.0,3099802,0.0,1800030000,1.0,2.6861474532845557,False
random,r16,k256,32,1800030000,670115856,7744714,662371142,0.37228038199363345,0.9884427238504262,1758750,1758750,0.0,124299,0.0,1800030000,1.0,2.6861474532845557,False
random,r16,k256,64,1800030000,670115856,7744714,662371142,0.37228038199363345,0.9884427238504262,440391,440391,0.0,121,0.0,1800030000,1.0,2.6861474532845557,False
random,r16,k256,256,1800030000,670115856,7744714,662371142,0.37228038199363345,0.9884427238504262,27730,27730,0.0,0,,1800030000,1.0,2.6861474532845557,False
random,r16,k1024,16,1800030000,942102371,30759403,911342968,0.523381483086393,0.9673502541264701,7033125,7033125,0.0,456451,0.0,1800030000,1.0,1.910652234203962,True
random,r16,k1024,32,1800030000,942102371,30759403,911342968,0.523381483086393,0.9673502541264701,1758750,1758750,0.0,482,0.0,1800030000,1.0,1.910652234203962,True
random,r16,k1024,64,1800030000,942102371,30759403,911342968,0.523381483086393,0.9673502541264701,440391,440391,0.0,0,,1800030000,1.0,1.910652234203962,True
random,r16,k1024,256,1800030000,942102371,30759403,911342968,0.523381483086393,0.9673502541264701,27730,27730,0.0,0,,1800030000,1.0,1.910652234203962,True
random,r32,k4,16,1800030000,17563025,178659,17384366,0.009757073493219557,0.9898275496390855,7033125,6087747,0.1344179152226073,6917169,0.13667123067254827,1558013232,0.8655484808586523,88.7098453711704,False
random,r32,k4,32,1800030000,17563025,178659,17384366,0.009757073493219557,0.9898275496390855,1758750,1757021,0.0009830845771144278,1651108,0.0010471755936013877,1798259504,0.9990164075043194,102.38893949077679,False
random,r32,k4,64,1800030000,17563025,178659,17384366,0.009757073493219557,0.9898275496390855,440391,440391,0.0,348814,0.0,1800030000,1.0,102.48974763743718,False
random,r32,k4,256,1800030000,17563025,178659,17384366,0.009757073493219557,0.9898275496390855,27730,27730,0.0,1777,0.0,1800030000,1.0,102.48974763743718,False
random,r32,k16,16,1800030000,55967448,538429,55429019,0.031092508458192364,0.9903796042299445,7033125,7004806,0.004026517373144939,6604438,0.0042878743051263405,1792780336,0.9959724760142886,32.032554637831616,False
random,r32,k16,32,1800030000,55967448,538429,55429019,0.031092508458192364,0.9903796042299445,1758750,1758750,0.0,1393812,0.0,1800030000,1.0,32.162088219566485,False
random,r32,k16,64,1800030000,55967448,538429,55429019,0.031092508458192364,0.9903796042299445,440391,440391,0.0,194692,0.0,1800030000,1.0,32.162088219566485,False
random,r32,k16,256,1800030000,55967448,538429,55429019,0.031092508458192364,0.9903796042299445,27730,27730,0.0,18,0.0,1800030000,1.0,32.162088219566485,False
random,r32,k64,16,1800030000,141982026,1961499,140020527,0.07887758870685489,0.9861848780774547,7033125,7033087,5.4030036434728514e-06,5587373,6.801049437723238e-06,1800020272,0.9999945956456281,12.677803822858536,False
random,r32,k64,32,1800030000,141982026,1961499,140020527,0.07887758870685489,0.9861848780774547,1758750,1758750,0.0,787514,0.0,1800030000,1.0,12.677872338573335,False
random,r32,k64,64,1800030000,141982026,1961499,140020527,0.07887758870685489,0.9861848780774547,440391,440391,0.0,31570,0.0,1800030000,1.0,12.677872338573335,False
random,r32,k64,256,1800030000,141982026,1961499,140020527,0.07887758870685489,0.9861848780774547,27730,27730,0.0,0,,1800030000,1.0,12.677872338573335,False
random,r32,original,16,1800030000,143420637,1993039,141427598,0.079676803719938,0.9861035410127205,7033125,7033091,4.83426641784413e-06,5567631,6.1067265413243085e-06,1800021296,0.9999951645250357,12.550643573002677,False
random,r32,original,32,1800030000,143420637,1993039,141427598,0.079676803719938,0.9861035410127205,1758750,1758750,0.0,778347,0.0,1800030000,1.0,12.550704261618918,False
random,r32,original,64,1800030000,143420637,1993039,141427598,0.079676803719938,0.9861035410127205,440391,440391,0.0,30416,0.0,1800030000,1.0,12.550704261618918,False
random,r32,original,256,1800030000,143420637,1993039,141427598,0.079676803719938,0.9861035410127205,27730,27730,0.0,0,,1800030000,1.0,12.550704261618918,False
random,r32,k256,16,1800030000,304229836,7744714,296485122,0.1690137586595779,0.9745432134407751,7033125,7033125,0.0,3099802,0.0,1800030000,1.0,5.916678073612741,False
random,r32,k256,32,1800030000,304229836,7744714,296485122,0.1690137586595779,0.9745432134407751,1758750,1758750,0.0,124299,0.0,1800030000,1.0,5.916678073612741,False
random,r32,k256,64,1800030000,304229836,7744714,296485122,0.1690137586595779,0.9745432134407751,440391,440391,0.0,121,0.0,1800030000,1.0,5.916678073612741,False
random,r32,k256,256,1800030000,304229836,7744714,296485122,0.1690137586595779,0.9745432134407751,27730,27730,0.0,0,,1800030000,1.0,5.916678073612741,False
random,r32,k1024,16,1800030000,557789774,30759403,527030371,0.30987804314372536,0.9448548459764341,7033125,7033125,0.0,456451,0.0,1800030000,1.0,3.2270760130500347,False
random,r32,k1024,32,1800030000,557789774,30759403,527030371,0.30987804314372536,0.9448548459764341,1758750,1758750,0.0,482,0.0,1800030000,1.0,3.2270760130500347,False
random,r32,k1024,64,1800030000,557789774,30759403,527030371,0.30987804314372536,0.9448548459764341,440391,440391,0.0,0,,1800030000,1.0,3.2270760130500347,False
random,r32,k1024,256,1800030000,557789774,30759403,527030371,0.30987804314372536,0.9448548459764341,27730,27730,0.0,0,,1800030000,1.0,3.2270760130500347,False
random,r64,k4,16,1800030000,1848123,178659,1669464,0.0010267178880351993,0.903329486186796,7033125,1466387,0.7915027814804941,6917169,0.8047711426452064,374945072,0.20829934612200907,202.8788516781621,False
random,r64,k4,32,1800030000,1848123,178659,1669464,0.0010267178880351993,0.903329486186796,1758750,1016638,0.42195422885572137,1651108,0.4494630272520029,1040107312,0.577827765092804,562.791173531199,False
random,r64,k4,64,1800030000,1848123,178659,1669464,0.0010267178880351993,0.903329486186796,440391,419206,0.04810497943872604,348814,0.06073437419369635,1713559344,0.9519615473075449,927.1890150168576,False
random,r64,k4,256,1800030000,1848123,178659,1669464,0.0010267178880351993,0.903329486186796,27730,27730,0.0,1777,0.0,1800030000,1.0,973.9773813755903,False
random,r64,k16,16,1800030000,8433420,538429,7894991,0.0046851552474125435,0.9361553201429551,7033125,4415228,0.3722238691904381,6604438,0.3963845220441164,1129848368,0.6276830763931712,133.97273798767284,False
random,r64,k16,32,1800030000,8433420,538429,7894991,0.0046851552474125435,0.9361553201429551,1758750,1700619,0.033052452025586355,1393812,0.0417064855231552,1740503856,0.966930471158814,206.38173552366655,False
random,r64,k16,64,1800030000,8433420,538429,7894991,0.0046851552474125435,0.9361553201429551,440391,440381,2.2707094377496362e-05,194692,5.136317876440737e-05,1799993136,0.9999795203413276,213.43572785418016,False
random,r64,k16,256,1800030000,8433420,538429,7894991,0.0046851552474125435,0.9361553201429551,27730,27730,0.0,18,0.0,1800030000,1.0,213.44009903455537,False
random,r64,k64,16,1800030000,31507776,1961499,29546277,0.017504028266195563,0.9377455584297667,7033125,6746366,0.040772629521016616,5587373,0.05132268778189679,1726619696,0.9592171774914863,54.799795961479475,False
random,r64,k64,32,1800030000,31507776,1961499,29546277,0.017504028266195563,0.9377455584297667,1758750,1758698,2.956645344705046e-05,787514,6.603057215490772e-05,1799976752,0.9999704182708066,57.128016652143266,False
random,r64,k64,64,1800030000,31507776,1961499,29546277,0.017504028266195563,0.9377455584297667,440391,440391,0.0,31570,0.0,1800030000,1.0,57.12970664765422,False
random,r64,k64,256,1800030000,31507776,1961499,29546277,0.017504028266195563,0.9377455584297667,27730,27730,0.0,0,,1800030000,1.0,57.12970664765422,False
random,r64,original,16,1800030000,31973073,1993039,29980034,0.017762522291295144,0.9376650783614074,7033125,6757771,0.039151017506442724,5567631,0.049456222942935696,1729539376,0.9608391949023072,54.09362359382847,False
random,r64,original,32,1800030000,31973073,1993039,29980034,0.017762522291295144,0.9376650783614074,1758750,1758705,2.55863539445629e-05,778347,5.7814830660361e-05,1799983920,0.9999744004266595,56.29686955645458,False
random,r64,original,64,1800030000,31973073,1993039,29980034,0.017762522291295144,0.9376650783614074,440391,440391,0.0,30416,0.0,1800030000,1.0,56.29831076919006,False
random,r64,original,256,1800030000,31973073,1993039,29980034,0.017762522291295144,0.9376650783614074,27730,27730,0.0,0,,1800030000,1.0,56.29831076919006,False
random,r64,k256,16,1800030000,98589072,7744714,90844358,0.054770793820103,0.9214444984328486,7033125,7031668,0.00020716253443526172,3099802,0.00047003002127232643,1799657008,0.9997927856757943,18.25412260701673,False
random,r64,k256,32,1800030000,98589072,7744714,90844358,0.054770793820103,0.9214444984328486,1758750,1758750,0.0,124299,0.0,1800030000,1.0,18.25790590665059,False
random,r64,k256,64,1800030000,98589072,7744714,90844358,0.054770793820103,0.9214444984328486,440391,440391,0.0,121,0.0,1800030000,1.0,18.25790590665059,False
random,r64,k256,256,1800030000,98589072,7744714,90844358,0.054770793820103,0.9214444984328486,27730,27730,0.0,0,,1800030000,1.0,18.25790590665059,False
random,r64,k1024,16,1800030000,255024243,30759403,224264840,0.1416777737037716,0.879386357006067,7033125,7033125,0.0,456451,0.0,1800030000,1.0,7.05827014257621,False
random,r64,k1024,32,1800030000,255024243,30759403,224264840,0.1416777737037716,0.879386357006067,1758750,1758750,0.0,482,0.0,1800030000,1.0,7.05827014257621,False
random,r64,k1024,64,1800030000,255024243,30759403,224264840,0.1416777737037716,0.879386357006067,440391,440391,0.0,0,,1800030000,1.0,7.05827014257621,False
random,r64,k1024,256,1800030000,255024243,30759403,224264840,0.1416777737037716,0.879386357006067,27730,27730,0.0,0,,1800030000,1.0,7.05827014257621,False
kd_variance,oracle,k4,16,1800030000,178659,178659,0,9.925334577757037e-05,0.0,7033125,45727,0.9934983382209188,6987398,1.0,11256112,0.006253291334033322,63.00333036678813,False
kd_variance,oracle,k4,32,1800030000,178659,178659,0,9.925334577757037e-05,0.0,1758750,27725,0.9842359630419332,1731025,1.0,27460400,0.01525552351905246,153.7028641154378,False
kd_variance,oracle,k4,64,1800030000,178659,178659,0,9.925334577757037e-05,0.0,440391,17537,0.9601785685901846,422854,1.0,69938992,0.03885434798308917,391.4663800872052,False
kd_variance,oracle,k4,256,1800030000,178659,178659,0,9.925334577757037e-05,0.0,27730,5600,0.7980526505589615,22130,1.0,359180080,0.19954116320283552,2010.4225367879592,False
kd_variance,oracle,k16,16,1800030000,538429,538429,0,0.000299122236851608,0.0,7033125,154230,0.9780709144228206,6878895,1.0,39032880,0.02168457192380127,72.49401499547758,False
kd_variance,oracle,k16,32,1800030000,538429,538429,0,0.000299122236851608,0.0,1758750,88853,0.9494794598436389,1669897,1.0,90055472,0.05002998394471203,167.2559836115811,False
kd_variance,oracle,k16,64,1800030000,538429,538429,0,0.000299122236851608,0.0,440391,51547,0.8829517406123195,388844,1.0,209243952,0.1162447025882902,388.6193945719863,False
kd_variance,oracle,k16,256,1800030000,538429,538429,0,0.000299122236851608,0.0,27730,11544,0.5836999639379733,16186,1.0,748726064,0.41595199191124593,1390.575292192657,False
kd_variance,oracle,k64,16,1800030000,1961499,1961499,0,0.0010897035049415842,0.0,7033125,516038,0.9266274948902515,6517087,1.0,131655728,0.0731408520969095,67.11995672697259,False
kd_variance,oracle,k64,32,1800030000,1961499,1961499,0,0.0010897035049415842,0.0,1758750,273938,0.8442427860696518,1484812,1.0,279582512,0.15532102909395953,142.5351284910163,False
kd_variance,oracle,k64,64,1800030000,1961499,1961499,0,0.0010897035049415842,0.0,440391,138113,0.6863855074240846,302278,1.0,563814192,0.3132248862518958,287.4404687435477,False
kd_variance,oracle,k64,256,1800030000,1961499,1961499,0,0.0010897035049415842,0.0,27730,20670,0.2545979084024522,7060,1.0,1346438960,0.7480091776248173,686.4336713911147,False
kd_variance,oracle,original,16,1800030000,1993039,1993039,0,0.0011072254351316368,0.0,7033125,523335,0.9255899760063983,6509790,1.0,133523760,0.07417863035616074,66.99505629342929,False
kd_variance,oracle,original,32,1800030000,1993039,1993039,0,0.0011072254351316368,0.0,1758750,277495,0.8422203269367449,1481255,1.0,283224880,0.15734453314666977,142.10704356512844,False
kd_variance,oracle,original,64,1800030000,1993039,1993039,0,0.0011072254351316368,0.0,440391,139582,0.6830498352600303,300809,1.0,569831216,0.31656762165075025,285.91072026187146,False
kd_variance,oracle,original,256,1800030000,1993039,1993039,0,0.0011072254351316368,0.0,27730,20762,0.25128020194734946,6968,1.0,1352468272,0.7513587395765626,678.595989340901,False
kd_variance,oracle,k256,16,1800030000,7744714,7744714,0,0.004302547179769226,0.0,7033125,1587609,0.7742669154892029,5445516,1.0,405977904,0.2255395210079832,52.41999949901313,False
kd_variance,oracle,k256,32,1800030000,7744714,7744714,0,0.004302547179769226,0.0,1758750,720778,0.5901759772565742,1037972,1.0,737146672,0.40951910357049603,95.18061893570247,False
kd_variance,oracle,k256,64,1800030000,7744714,7744714,0,0.004302547179769226,0.0,440391,288425,0.3450706304170612,151966,1.0,1179486000,0.6552590790153497,152.29561737205532,False
kd_variance,oracle,k256,256,1800030000,7744714,7744714,0,0.004302547179769226,0.0,27730,26378,0.04875586007933646,1352,1.0,1719576368,0.9553042827063993,222.03226200476868,False
kd_variance,oracle,k1024,16,1800030000,30759403,30759403,0,0.01708827241768193,0.0,7033125,3763533,0.4648846707544655,3269592,1.0,963014448,0.5349991100148331,31.307969403697463,False
kd_variance,oracle,k1024,32,1800030000,30759403,30759403,0,0.01708827241768193,0.0,1758750,1329540,0.24404264392324093,429210,1.0,1360518960,0.755831269478842,44.230993689962055,False
kd_variance,oracle,k1024,64,1800030000,30759403,30759403,0,0.01708827241768193,0.0,440391,404306,0.08193855006119562,36085,1.0,1654114096,0.9189369599395566,53.77588427187615,False
kd_variance,oracle,k1024,256,1800030000,30759403,30759403,0,0.01708827241768193,0.0,27730,27539,0.006887847097006852,191,1.0,1793247024,0.9962317428042866,58.299149173994046,False
kd_variance,r16,k4,16,1800030000,123280363,178659,123101704,0.06848794908973739,0.9985507910939555,7033125,6097582,0.13301953256909269,6987398,0.13389004032688562,1560530992,0.8669472131020038,12.658390631117788,False
kd_variance,r16,k4,32,1800030000,123280363,178659,123101704,0.06848794908973739,0.9985507910939555,1758750,1680244,0.044637384506041225,1731025,0.045352320157132336,1719639856,0.9553395532296683,13.949016811379765,False
kd_variance,r16,k4,64,1800030000,123280363,178659,123101704,0.06848794908973739,0.9985507910939555,440391,436531,0.008764938429713596,422854,0.009128446224938159,1785777968,0.9920823364055044,14.485502188211434,False
kd_variance,r16,k4,256,1800030000,123280363,178659,123101704,0.06848794908973739,0.9985507910939555,27730,27713,0.0006130544536602957,22130,0.0007681879801174875,1799612208,0.9997678972017133,14.597719898018147,False
kd_variance,r16,k16,16,1800030000,249889189,538429,249350760,0.1388250134719977,0.9978453289549873,7033125,6602326,0.06125285701590687,6878895,0.06262619214277874,1689745456,0.9387318300250551,6.761979030633454,False
kd_variance,r16,k16,32,1800030000,249889189,538429,249350760,0.1388250134719977,0.9978453289549873,1758750,1730148,0.01626268656716418,1669897,0.017128002505543756,1770741552,0.9837289111848135,7.086107082447652,False
kd_variance,r16,k16,64,1800030000,249889189,538429,249350760,0.1388250134719977,0.9978453289549873,440391,439064,0.003013231423893767,388844,0.003412679635020728,1795835696,0.997669869946612,7.186528169491958,False
kd_variance,r16,k16,256,1800030000,249889189,538429,249350760,0.1388250134719977,0.9978453289549873,27730,27727,0.00010818608005769924,16186,0.00018534536018781662,1799956272,0.9999590406826553,7.203017782413948,False
kd_variance,r16,k64,16,1800030000,432716178,1961499,430754679,0.24039387010216495,0.9954670079379375,7033125,6846926,0.026474575668710566,6517087,0.02857089371370982,1752363056,0.9735188057976811,4.049682320867606,False
kd_variance,r16,k64,32,1800030000,432716178,1961499,430754679,0.24039387010216495,0.9954670079379375,1758750,1748939,0.0055783937455579245,1484812,0.0066075705207123865,1789983536,0.9944187241323755,4.136622633970482,False
kd_variance,r16,k64,64,1800030000,432716178,1961499,430754679,0.24039387010216495,0.9954670079379375,440391,439832,0.0012693265757020467,302278,0.0018492910499606323,1798604592,0.999208119864669,4.156545753184203,False
kd_variance,r16,k64,256,1800030000,432716178,1961499,430754679,0.24039387010216495,0.9954670079379375,27730,27730,0.0,7060,0.0,1800030000,1.0,4.1598398477257765,False
kd_variance,r16,original,16,1800030000,435256377,1993039,433263338,0.24180506824886253,0.9954209998857754,7033125,6848898,0.026194188216475605,6509790,0.028299991243957177,1752867888,0.973799263345611,4.027207826526571,False
kd_variance,r16,original,32,1800030000,435256377,1993039,433263338,0.24180506824886253,0.9954209998857754,1758750,1749077,0.005499928926794599,1481255,0.006530273315533112,1790124848,0.9944972294906196,4.112805561490946,False
kd_variance,r16,original,64,1800030000,435256377,1993039,433263338,0.24180506824886253,0.9954209998857754,440391,439836,0.001260243737951048,300809,0.0018450245837059397,1798620976,0.9992172219351899,4.13232538578062,False
kd_variance,r16,original,256,1800030000,435256377,1993039,433263338,0.24180506824886253,0.9954209998857754,27730,27730,0.0,6968,0.0,1800030000,1.0,4.135562613480101,False
kd_variance,r16,k256,16,1800030000,670115856,7744714,662371142,0.37228038199363345,0.9884427238504262,7033125,6960190,0.010370212387807696,5445516,0.013393588412925423,1781358640,0.9896271951023039,2.6582845698251916,False
kd_variance,r16,k256,32,1800030000,670115856,7744714,662371142,0.37228038199363345,0.9884427238504262,1758750,1755654,0.0017603411513859276,1037972,0.0029827394187897168,1796859696,0.9982387493541774,2.6814164743476834,False
kd_variance,r16,k256,64,1800030000,670115856,7744714,662371142,0.37228038199363345,0.9884427238504262,440391,440188,0.00046095401586317613,151966,0.0013358251187765683,1799585584,0.9997531063371166,2.685484260500769,False
kd_variance,r16,k256,256,1800030000,670115856,7744714,662371142,0.37228038199363345,0.9884427238504262,27730,27730,0.0,1352,0.0,1800030000,1.0,2.6861474532845557,False
kd_variance,r16,k1024,16,1800030000,942102371,30759403,911342968,0.523381483086393,0.9673502541264701,7033125,7007231,0.0036817204301075267,3269592,0.007919642573140625,1793401136,0.9963173591551252,1.9036159882459314,True
kd_variance,r16,k1024,32,1800030000,942102371,30759403,911342968,0.523381483086393,0.9673502541264701,1758750,1757939,0.0004611229566453447,429210,0.001889517951585471,1799199536,0.9995386388004645,1.9097707333972944,True
kd_variance,r16,k1024,64,1800030000,942102371,30759403,911342968,0.523381483086393,0.9673502541264701,440391,440323,0.00015440824176697526,36085,0.001884439517805182,1799888688,0.999921494641756,1.9105022377658363,True
kd_variance,r16,k1024,256,1800030000,942102371,30759403,911342968,0.523381483086393,0.9673502541264701,27730,27730,0.0,191,0.0,1800030000,1.0,1.910652234203962,True
kd_variance,r32,k4,16,1800030000,17563025,178659,17384366,0.009757073493219557,0.9898275496390855,7033125,3627327,0.48425102639296186,6987398,0.48742006681170874,928145712,0.5156279128681188,52.84657466467195,False
kd_variance,r32,k4,32,1800030000,17563025,178659,17384366,0.009757073493219557,0.9898275496390855,1758750,1307742,0.2564366737739872,1731025,0.2605438974018284,1338197808,0.7434308361527308,76.19403878318228,False
kd_variance,r32,k4,64,1800030000,17563025,178659,17384366,0.009757073493219557,0.9898275496390855,440391,399851,0.09205456060637025,422854,0.0958723341862676,1635847984,0.9087892890674044,93.14158489212421,False
kd_variance,r32,k4,256,1800030000,17563025,178659,17384366,0.009757073493219557,0.9898275496390855,27730,27552,0.006419040750090155,22130,0.008043380027112516,1793894192,0.996591274589868,102.14038823038742,False
kd_variance,r32,k16,16,1800030000,55967448,538429,55429019,0.031092508458192364,0.9903796042299445,7033125,5269463,0.2507650582067004,6878895,0.2563873994297049,1348532528,0.7491722515735849,24.094944046760897,False
kd_variance,r32,k16,32,1800030000,55967448,538429,55429019,0.031092508458192364,0.9903796042299445,1758750,1580289,0.10147036247334755,1669897,0.10686946560177064,1617285936,0.8984772120464659,28.89690335710858,False
kd_variance,r32,k16,64,1800030000,55967448,538429,55429019,0.031092508458192364,0.9903796042299445,440391,429427,0.02489605827548701,388844,0.028196397527028835,1756919600,0.9760501769414954,31.391811897515858,False
kd_variance,r32,k16,256,1800030000,55967448,538429,55429019,0.031092508458192364,0.9903796042299445,27730,27659,0.002560403894698882,16186,0.004386506857778327,1798244144,0.9990078743132059,32.13017938570292,False
kd_variance,r32,k64,16,1800030000,141982026,1961499,140020527,0.07887758870685489,0.9861848780774547,7033125,6249850,0.11136941260108416,6517087,0.12018789990067648,1599511600,0.888602745509797,11.265592167278976,False
kd_variance,r32,k64,32,1800030000,141982026,1961499,140020527,0.07887758870685489,0.9861848780774547,1758750,1698707,0.034139587775408674,1484812,0.0404381160712602,1738545968,0.9658427737315489,12.244831384502149,False
kd_variance,r32,k64,64,1800030000,141982026,1961499,140020527,0.07887758870685489,0.9861848780774547,440391,437542,0.006469251188148713,302278,0.00942509875015714,1789943600,0.9943965378354805,12.606832360597531,False
kd_variance,r32,k64,256,1800030000,141982026,1961499,140020527,0.07887758870685489,0.9861848780774547,27730,27708,0.0007933645870897945,7060,0.0031161473087818695,1799489328,0.9996996316728054,12.674064307266612,False
kd_variance,r32,original,16,1800030000,143420637,1993039,141427598,0.079676803719938,0.9861035410127205,7033125,6258278,0.11017108326668444,6509790,0.11902795635496691,1601669168,0.8898013744215374,11.167633901946761,False
kd_variance,r32,original,32,1800030000,143420637,1993039,141427598,0.079676803719938,0.9861035410127205,1758750,1699598,0.03363297796730633,1481255,0.03993370486513126,1739458352,0.9663496452836897,12.128368611275935,False
kd_variance,r32,original,64,1800030000,143420637,1993039,141427598,0.079676803719938,0.9861035410127205,440391,437578,0.006387505648389726,300809,0.009351448926062718,1790086960,0.9944761809525396,12.481376442359547,False
kd_variance,r32,original,256,1800030000,143420637,1993039,141427598,0.079676803719938,0.9861035410127205,27730,27708,0.0007933645870897945,6968,0.0031572904707233064,1799489328,0.9996996316728054,12.546934427574742,False
kd_variance,r32,k256,16,1800030000,304229836,7744714,296485122,0.1690137586595779,0.9745432134407751,7033125,6736586,0.04216319203767884,5445516,0.05445562918188102,1724116016,0.9578262673399888,5.6671496743008465,False
kd_variance,r32,k256,32,1800030000,304229836,7744714,296485122,0.1690137586595779,0.9745432134407751,1758750,1741753,0.009664250177683013,1037972,0.016375200872470547,1782625072,0.9903307567096103,5.859468273848066,False
kd_variance,r32,k256,64,1800030000,304229836,7744714,296485122,0.1690137586595779,0.9745432134407751,440391,439459,0.0021163011959826608,151966,0.006132950791624442,1797400368,0.9985391176813719,5.9080345032299855,False
kd_variance,r32,k256,256,1800030000,304229836,7744714,296485122,0.1690137586595779,0.9745432134407751,27730,27729,3.606202668589975e-05,1352,0.0007396449704142012,1800005424,0.9999863468942184,5.916597292581126,False
kd_variance,r32,k1024,16,1800030000,557789774,30759403,527030371,0.30987804314372536,0.9448548459764341,7033125,6937386,0.013612583311117036,3269592,0.029281635139797257,1775520816,0.9863840135997733,3.183136189943848,False
kd_variance,r32,k1024,32,1800030000,557789774,30759403,527030371,0.30987804314372536,0.9448548459764341,1758750,1754518,0.0024062544420753377,429210,0.009859975303464505,1795696432,0.9975925023471831,3.219306835123155,False
kd_variance,r32,k1024,64,1800030000,557789774,30759403,527030371,0.30987804314372536,0.9448548459764341,440391,440049,0.0007765826277103756,36085,0.009477622280726064,1799253808,0.9995687894090654,3.225684463695457,False
kd_variance,r32,k1024,256,1800030000,557789774,30759403,527030371,0.30987804314372536,0.9448548459764341,27730,27730,0.0,191,0.0,1800030000,1.0,3.2270760130500347,False
kd_variance,r64,k4,16,1800030000,1848123,178659,1669464,0.0010267178880351993,0.903329486186796,7033125,792694,0.8872913534168666,6987398,0.8930979743818801,202479664,0.11248682744176486,109.55962563097802,False
kd_variance,r64,k4,32,1800030000,1848123,178659,1669464,0.0010267178880351993,0.903329486186796,1758750,455917,0.7407721393034826,1731025,0.7526367325717421,465929008,0.25884513480330884,252.1093065775384,False
kd_variance,r64,k4,64,1800030000,1848123,178659,1669464,0.0010267178880351993,0.903329486186796,440391,219017,0.5026760310723879,422854,0.5235234856475285,895190832,0.4973199513341444,484.378383906266,False
kd_variance,r64,k4,256,1800030000,1848123,178659,1669464,0.0010267178880351993,0.903329486186796,27730,24874,0.10299314821492968,22130,0.1290555806597379,1621870384,0.9010240851541363,877.5770790147625,False
kd_variance,r64,k16,16,1800030000,8433420,538429,7894991,0.0046851552474125435,0.9361553201429551,7033125,2343724,0.6667592286501377,6878895,0.6817084720729129,599543344,0.33307408432081687,71.091365543279,False
kd_variance,r64,k16,32,1800030000,8433420,538429,7894991,0.0046851552474125435,0.9361553201429551,1758750,1007074,0.4273921819474058,1669897,0.4501331519249391,1030313776,0.5723870024388482,122.17033848664006,False
kd_variance,r64,k16,64,1800030000,8433420,538429,7894991,0.0046851552474125435,0.9361553201429551,440391,353930,0.1963278086972713,388844,0.22235395171328348,1447788336,0.8043134481091981,171.67274201925198,False
kd_variance,r64,k16,256,1800030000,8433420,538429,7894991,0.0046851552474125435,0.9361553201429551,27730,27226,0.01817526144969347,16186,0.031138020511553195,1775109936,0.9861557507374877,210.4851811009057,False
kd_variance,r64,k64,16,1800030000,31507776,1961499,29546277,0.017504028266195563,0.9377455584297667,7033125,4376776,0.377691140140407,6517087,0.40759759690180597,1120004656,0.6222144386482448,35.54692835190907,False
kd_variance,r64,k64,32,1800030000,31507776,1961499,29546277,0.017504028266195563,0.9377455584297667,1758750,1445652,0.1780230277185501,1484812,0.21086709967322462,1479417648,0.8218849952500792,46.9540486767457,False
kd_variance,r64,k64,64,1800030000,31507776,1961499,29546277,0.017504028266195563,0.9377455584297667,440391,416712,0.053768128776473634,302278,0.0783351749052197,1704908592,0.9471556540724321,54.11072466682511,False
kd_variance,r64,k64,256,1800030000,31507776,1961499,29546277,0.017504028266195563,0.9377455584297667,27730,27577,0.005517490082942661,7060,0.021671388101983,1795737392,0.9976152575234857,56.99346700954076,False
kd_variance,r64,original,16,1800030000,31973073,1993039,29980034,0.017762522291295144,0.9376650783614074,7033125,4399598,0.3744462098995823,6509790,0.40454868743845807,1125847088,0.6254601801081093,35.21235159347992,False
kd_variance,r64,original,32,1800030000,31973073,1993039,29980034,0.017762522291295144,0.9376650783614074,1758750,1449489,0.1758413646055437,1481255,0.20878309271529885,1483346736,0.8240677855369077,46.393624285035095,False
kd_variance,r64,original,64,1800030000,31973073,1993039,29980034,0.017762522291295144,0.9376650783614074,440391,417130,0.05281897223149429,300809,0.07732813845330426,1706620720,0.9481068204418815,53.37681241962573,False
kd_variance,r64,original,256,1800030000,31973073,1993039,29980034,0.017762522291295144,0.9376650783614074,27730,27577,0.005517490082942661,6968,0.02195752009184845,1795737392,0.9976152575234857,56.164053796142774,False
kd_variance,r64,k256,16,1800030000,98589072,7744714,90844358,0.054770793820103,0.9214444984328486,7033125,5910270,0.15965235937083444,5445516,0.2061980903187136,1512579120,0.8403077282045299,15.342259434189623,False
kd_variance,r64,k256,32,1800030000,98589072,7744714,90844358,0.054770793820103,0.9214444984328486,1758750,1663000,0.05444207533759773,1037972,0.09224718971224657,1701982000,0.9455297967256101,17.263394060550645,False
kd_variance,r64,k256,64,1800030000,98589072,7744714,90844358,0.054770793820103,0.9214444984328486,440391,435403,0.011326298675495184,151966,0.03282313148993854,1781374768,0.989636154952973,18.06868379895086,False
kd_variance,r64,k256,256,1800030000,98589072,7744714,90844358,0.054770793820103,0.9214444984328486,27730,27673,0.0020555355210962857,1352,0.04215976331360947,1798588208,0.9991990177941479,18.24328164890324,False
kd_variance,r64,k1024,16,1800030000,255024243,30759403,224264840,0.1416777737037716,0.879386357006067,7033125,6669157,0.0517505376344086,3269592,0.11131908813087382,1706854192,0.9482365249468064,6.6929095521322655,False
kd_variance,r64,k1024,32,1800030000,255024243,30759403,224264840,0.1416777737037716,0.879386357006067,1758750,1736703,0.012535607675906184,429210,0.05136646396868666,1777453872,0.987457915701405,6.969744723445762,False
kd_variance,r64,k1024,64,1800030000,255024243,30759403,224264840,0.1416777737037716,0.879386357006067,440391,439139,0.0028429282160625444,36085,0.034695857004295415,1796362032,0.9979622739621006,7.043887321724155,False
kd_variance,r64,k1024,256,1800030000,255024243,30759403,224264840,0.1416777737037716,0.879386357006067,27730,27721,0.00032455824017309774,191,0.04712041884816754,1799808816,0.9998771220479659,7.057402836796187,False
pca_sort,oracle,k4,16,1800030000,178659,178659,0,9.925334577757037e-05,0.0,7033125,40342,0.9942640007109216,6992783,1.0,9877552,0.0054874374315983625,55.287178367728465,False
pca_sort,oracle,k4,32,1800030000,178659,178659,0,9.925334577757037e-05,0.0,1758750,23816,0.9864585643212509,1734934,1.0,23457584,0.013031773914879197,131.29808182067515,False
pca_sort,oracle,k4,64,1800030000,178659,178659,0,9.925334577757037e-05,0.0,440391,13698,0.9688958221217054,426693,1.0,54212400,0.030117498041699307,303.4406327137172,False
pca_sort,oracle,k4,256,1800030000,178659,178659,0,9.925334577757037e-05,0.0,27730,4037,0.8544175982690227,23693,1.0,256829232,0.14268052865785572,1437.5387302067065,False
pca_sort,oracle,k16,16,1800030000,538429,538429,0,0.000299122236851608,0.0,7033125,134300,0.9809046476495157,6898825,1.0,33930800,0.018850130275606516,63.018150953979074,False
pca_sort,oracle,k16,32,1800030000,538429,538429,0,0.000299122236851608,0.0,1758750,72830,0.958589907604833,1685920,1.0,73647920,0.040914829197291155,136.78297417115348,False
pca_sort,oracle,k16,64,1800030000,538429,538429,0,0.000299122236851608,0.0,440391,35268,0.9199166195494458,405123,1.0,142563120,0.07920041332644456,264.7760800402653,False
pca_sort,oracle,k16,256,1800030000,538429,538429,0,0.000299122236851608,0.0,27730,6527,0.7646231518211324,21203,1.0,419972912,0.2333143958711799,779.996827808309,False
pca_sort,oracle,k64,16,1800030000,1961499,1961499,0,0.0010897035049415842,0.0,7033125,460376,0.9345417577534879,6572749,1.0,117406256,0.06522461070093276,59.85537387477638,False
pca_sort,oracle,k64,32,1800030000,1961499,1961499,0,0.0010897035049415842,0.0,1758750,221815,0.8738791755508173,1536935,1.0,226208560,0.12566932773342668,115.3243310345812,False
pca_sort,oracle,k64,64,1800030000,1961499,1961499,0,0.0010897035049415842,0.0,440391,91881,0.7913649461501256,348510,1.0,374449968,0.2080242929284512,190.8999025745106,False
pca_sort,oracle,k64,256,1800030000,1961499,1961499,0,0.0010897035049415842,0.0,27730,11414,0.5883880274071402,16316,1.0,740206384,0.4112189152403016,377.3677090837161,False
pca_sort,oracle,original,16,1800030000,1993039,1993039,0,0.0011072254351316368,0.0,7033125,466969,0.9336043366213455,6566156,1.0,119094064,0.06616226618445248,59.755009309903116,False
pca_sort,oracle,original,32,1800030000,1993039,1993039,0,0.0011072254351316368,0.0,1758750,224568,0.8723138592750533,1534182,1.0,229027632,0.1272354527424543,114.9137733882779,False
pca_sort,oracle,original,64,1800030000,1993039,1993039,0,0.0011072254351316368,0.0,440391,92860,0.7891419216105688,347531,1.0,378459952,0.21025202468847742,189.89089124698512,False
pca_sort,oracle,original,256,1800030000,1993039,1993039,0,0.0011072254351316368,0.0,27730,11481,0.585971871619185,16249,1.0,744597296,0.4136582701399421,373.598959177417,False
pca_sort,oracle,k256,16,1800030000,7744714,7744714,0,0.004302547179769226,0.0,7033125,1406936,0.7999557806807074,5626189,1.0,359725616,0.199844233707216,46.447888973046645,False
pca_sort,oracle,k256,32,1800030000,7744714,7744714,0,0.004302547179769226,0.0,1758750,572283,0.6746081023454158,1186467,1.0,585087792,0.3250433559440676,75.54672670934008,False
pca_sort,oracle,k256,64,1800030000,7744714,7744714,0,0.004302547179769226,0.0,440391,197156,0.5523160100910327,243235,1.0,805656368,0.44757941145425356,104.0266132487268,False
pca_sort,oracle,k256,256,1800030000,7744714,7744714,0,0.004302547179769226,0.0,27730,17037,0.385611251352326,10693,1.0,1108715312,0.6159426853996878,143.15768303387316,False
pca_sort,oracle,k1024,16,1800030000,30759403,30759403,0,0.01708827241768193,0.0,7033125,3249182,0.538017310939305,3783943,1.0,831340592,0.4618481869746615,27.02720179582159,False
pca_sort,oracle,k1024,32,1800030000,30759403,30759403,0,0.01708827241768193,0.0,1758750,1049019,0.40354285714285715,709731,1.0,1073265456,0.5962486491891802,34.892271998907134,False
pca_sort,oracle,k1024,64,1800030000,30759403,30759403,0,0.01708827241768193,0.0,440391,298844,0.32141210878514775,141547,1.0,1222170416,0.6789722482403071,39.733229412807525,False
pca_sort,oracle,k1024,256,1800030000,30759403,30759403,0,0.01708827241768193,0.0,27730,21021,0.2419401370357014,6709,1.0,1369810736,0.7609932812230907,44.533072894815284,False
pca_sort,r16,k4,16,1800030000,123280363,178659,123101704,0.06848794908973739,0.9985507910939555,7033125,4733048,0.3270348529281081,6992783,0.3289215466860619,1211210288,0.6728833897212825,9.824843620877399,False
pca_sort,r16,k4,32,1800030000,123280363,178659,123101704,0.06848794908973739,0.9985507910939555,1758750,1242613,0.2934680881307747,1734934,0.2974966194679452,1271505712,0.7063802892174019,10.31393549676683,False
pca_sort,r16,k4,64,1800030000,123280363,178659,123101704,0.06848794908973739,0.9985507910939555,440391,320165,0.2729983128628877,426693,0.2817622974832022,1309165360,0.7273019671894357,10.61941519429173,False
pca_sort,r16,k4,256,1800030000,123280363,178659,123101704,0.06848794908973739,0.9985507910939555,27730,20838,0.24853948791922106,23693,0.29088760393365126,1355196208,0.7528742343183169,10.992798650341417,False
pca_sort,r16,k16,16,1800030000,249889189,538429,249350760,0.1388250134719977,0.9978453289549873,7033125,5267622,0.25102681951479605,6898825,0.2559135794863618,1348061232,0.7489104248262529,5.394636068069356,False
pca_sort,r16,k16,32,1800030000,249889189,538429,249350760,0.1388250134719977,0.9978453289549873,1758750,1359575,0.22696517412935324,1685920,0.23676983486760939,1391274800,0.7729175624850697,5.5675669906632095,False
pca_sort,r16,k16,64,1800030000,249889189,538429,249350760,0.1388250134719977,0.9978453289549873,440391,346968,0.21213648780288424,405123,0.23060403877340957,1418815280,0.7882175741515419,5.6777777609258635,False
pca_sort,r16,k16,256,1800030000,249889189,538429,249350760,0.1388250134719977,0.9978453289549873,27730,22350,0.19401370357014064,21203,0.2537376786303825,1453549360,0.8075139636561612,5.816775690924348,False
pca_sort,r16,k64,16,1800030000,432716178,1961499,430754679,0.24039387010216495,0.9954670079379375,7033125,5700742,0.1894439527237181,6572749,0.20271320264930245,1458939952,0.8105086870774376,3.371586333432627,False
pca_sort,r16,k64,32,1800030000,432716178,1961499,430754679,0.24039387010216495,0.9954670079379375,1758750,1456060,0.17210518834399433,1536935,0.19694391760224084,1490075440,0.8278058921240201,3.4435399362396844,False
pca_sort,r16,k64,64,1800030000,432716178,1961499,430754679,0.24039387010216495,0.9954670079379375,440391,369395,0.16121128724247316,348510,0.20371294941321627,1510475568,0.8391391076815387,3.490684297918716,False
pca_sort,r16,k64,256,1800030000,432716178,1961499,430754679,0.24039387010216495,0.9954670079379375,27730,23625,0.14803461954561847,16316,0.2515935278254474,1536206640,0.8534339094348428,3.5501483838674504,False
pca_sort,r16,original,16,1800030000,435256377,1993039,433263338,0.24180506824886253,0.9954209998857754,7033125,5705324,0.1887924642317604,6566156,0.20221892382696968,1460112944,0.8111603384388038,3.3546043691853824,False
pca_sort,r16,original,32,1800030000,435256377,1993039,433263338,0.24180506824886253,0.9954209998857754,1758750,1457085,0.1715223880597015,1534182,0.19662921348314608,1491125040,0.8283889935167748,3.425854551006383,False
pca_sort,r16,original,64,1800030000,435256377,1993039,433263338,0.24180506824886253,0.9954209998857754,440391,369635,0.16066631697741326,347531,0.2035962259481888,1511456560,0.8396840941539864,3.4725661469171305,False
pca_sort,r16,original,256,1800030000,435256377,1993039,433263338,0.24180506824886253,0.9954209998857754,27730,23638,0.14756581319870177,16249,0.25183088190042463,1537058608,0.8539072171019372,3.531386762427607,False
pca_sort,r16,k256,16,1800030000,670115856,7744714,662371142,0.37228038199363345,0.9884427238504262,7033125,6066919,0.13737932995645605,5626189,0.17173365487721795,1552681264,0.8625863257834592,2.317034062241321,False
pca_sort,r16,k256,32,1800030000,670115856,7744714,662371142,0.37228038199363345,0.9884427238504262,1758750,1539049,0.12491883439943141,1186467,0.18517244895981094,1575056176,0.8750166252784676,2.350423679573402,False
pca_sort,r16,k256,64,1800030000,670115856,7744714,662371142,0.37228038199363345,0.9884427238504262,440391,388795,0.11715952415013023,243235,0.21212407753818324,1589737264,0.8831726493447332,2.372331962847929,False
pca_sort,r16,k256,256,1800030000,670115856,7744714,662371142,0.37228038199363345,0.9884427238504262,27730,24756,0.10724846736386585,10693,0.2781258767417937,1609344816,0.894065552240796,2.4015919062210638,False
pca_sort,r16,k1024,16,1800030000,942102371,30759403,911342968,0.523381483086393,0.9673502541264701,7033125,6375205,0.09354589887141207,3783943,0.17387154087680495,1631602480,0.9064307150436381,1.7318738708492223,True
pca_sort,r16,k1024,32,1800030000,942102371,30759403,911342968,0.523381483086393,0.9673502541264701,1758750,1609016,0.0851366027007818,709731,0.21097288972864367,1646702384,0.914819410787598,1.7479017511144763,True
pca_sort,r16,k1024,64,1800030000,942102371,30759403,911342968,0.523381483086393,0.9673502541264701,440391,405231,0.0798381438312772,141547,0.24839805859537822,1656858416,0.9204615567518319,1.7586819299067447,True
pca_sort,r16,k1024,256,1800030000,942102371,30759403,911342968,0.523381483086393,0.9673502541264701,27730,25716,0.07262892174540209,6709,0.3001937695632732,1671440176,0.9285623995155636,1.7741598232322038,True
pca_sort,r32,k4,16,1800030000,17563025,178659,17384366,0.009757073493219557,0.9898275496390855,7033125,3409981,0.5151542166533369,6992783,0.518126188099931,872505136,0.4847169969389399,49.67852269184836,False
pca_sort,r32,k4,32,1800030000,17563025,178659,17384366,0.009757073493219557,0.9898275496390855,1758750,1021716,0.41906695095948826,1734934,0.42481961849845584,1045307184,0.5807165347244213,59.51749109279296,False
pca_sort,r32,k4,64,1800030000,17563025,178659,17384366,0.009757073493219557,0.9898275496390855,440391,277842,0.3691015483967656,426693,0.38095070694855554,1136047920,0.6311272145464242,64.68406894598169,False
pca_sort,r32,k4,256,1800030000,17563025,178659,17384366,0.009757073493219557,0.9898275496390855,27730,19026,0.3138838802740714,23693,0.36736588865909764,1237673776,0.6875850824708477,70.4704215817036,False
pca_sort,r32,k16,16,1800030000,55967448,538429,55429019,0.031092508458192364,0.9903796042299445,7033125,4431464,0.36991536479161113,6898825,0.37711653796117456,1134004784,0.6299921579084793,20.261863360287574,False
pca_sort,r32,k16,32,1800030000,55967448,538429,55429019,0.031092508458192364,0.9903796042299445,1758750,1206319,0.3141043354655295,1685920,0.3276733178324001,1234340656,0.6857333799992222,22.054617462636497,False
pca_sort,r32,k16,64,1800030000,55967448,538429,55429019,0.031092508458192364,0.9903796042299445,440391,316579,0.28114107690665796,405123,0.30561582531724935,1294565168,0.7191908845963678,23.130680677096443,False
pca_sort,r32,k16,256,1800030000,55967448,538429,55429019,0.031092508458192364,0.9903796042299445,27730,20991,0.2430219978362784,21203,0.3178323822100646,1365468976,0.7585812325350133,24.39755652249858,False
pca_sort,r32,k64,16,1800030000,141982026,1961499,140020527,0.07887758870685489,0.9861848780774547,7033125,5130373,0.27054147338487516,6572749,0.2894910485703927,1312925488,0.729390892374016,9.247124618435857,False
pca_sort,r32,k64,32,1800030000,141982026,1961499,140020527,0.07887758870685489,0.9861848780774547,1758750,1347199,0.23400199004975125,1536935,0.2677738486012746,1378601776,0.7658771109370399,9.70969223949516,False
pca_sort,r32,k64,64,1800030000,141982026,1961499,140020527,0.07887758870685489,0.9861848780774547,440391,347300,0.21138261226955138,348510,0.26711141717597775,1420238640,0.7890083165280579,10.00294671101538,False
pca_sort,r32,k64,256,1800030000,141982026,1961499,140020527,0.07887758870685489,0.9861848780774547,27730,22605,0.1848178867652362,16316,0.3141088502083844,1470342960,0.8168435859402343,10.355838703132747,False
pca_sort,r32,original,16,1800030000,143420637,1993039,141427598,0.079676803719938,0.9861035410127205,7033125,5137643,0.2695077934772949,6566156,0.28867453042541175,1314786608,0.7304248306972662,9.167346035424456,False
pca_sort,r32,original,32,1800030000,143420637,1993039,141427598,0.079676803719938,0.9861035410127205,1758750,1348699,0.23314911158493248,1534182,0.2672766334111598,1380137776,0.766730430048388,9.623006875921211,False
pca_sort,r32,original,64,1800030000,143420637,1993039,141427598,0.079676803719938,0.9861035410127205,440391,347623,0.21064917312115825,347531,0.26693446052294617,1421559600,0.7897421709638173,9.911820430695759,False
pca_sort,r32,original,256,1800030000,143420637,1993039,141427598,0.079676803719938,0.9861035410127205,27730,22632,0.1838442120447169,16249,0.31374238414671674,1472071472,0.8178038543802048,10.264014320338013,False
pca_sort,r32,k256,16,1800030000,304229836,7744714,296485122,0.1690137586595779,0.9745432134407751,7033125,5675560,0.19302443792766374,5626189,0.2412938847237446,1452493360,0.8069273067671094,4.774329102948338,False
pca_sort,r32,k256,32,1800030000,304229836,7744714,296485122,0.1690137586595779,0.9745432134407751,1758750,1462193,0.168618052594172,1186467,0.24994964040297793,1496355632,0.831294829530619,4.918503890591454,False
pca_sort,r32,k256,64,1800030000,304229836,7744714,296485122,0.1690137586595779,0.9745432134407751,440391,372996,0.15303446255713674,243235,0.2770777231895081,1525260080,0.8473525885679684,5.013512481399096,False
pca_sort,r32,k256,256,1800030000,304229836,7744714,296485122,0.1690137586595779,0.9745432134407751,27730,24014,0.13400649116480345,10693,0.3475170672402506,1561618224,0.8675512208129864,5.133021285920162,False
pca_sort,r32,k1024,16,1800030000,557789774,30759403,527030371,0.30987804314372536,0.9448548459764341,7033125,6113304,0.130784110903759,3783943,0.24308532131694371,1564555824,0.8691831936134398,2.804920235056156,False
pca_sort,r32,k1024,32,1800030000,557789774,30759403,527030371,0.30987804314372536,0.9448548459764341,1758750,1556822,0.11481336176261549,709731,0.2845134283270704,1593255728,0.885127318989128,2.8563731396051013,False
pca_sort,r32,k1024,64,1800030000,557789774,30759403,527030371,0.30987804314372536,0.9448548459764341,440391,394382,0.104473070521423,141547,0.3250439783252206,1612623664,0.8958871041038204,2.8910957840542983,False
pca_sort,r32,k1024,256,1800030000,557789774,30759403,527030371,0.30987804314372536,0.9448548459764341,27730,25193,0.09148936170212765,6709,0.37814875540318976,1637820208,0.9098849508063754,2.9362678993824654,False
pca_sort,r64,k4,16,1800030000,1848123,178659,1669464,0.0010267178880351993,0.903329486186796,7033125,848519,0.8793539145116858,6992783,0.8844269870808232,216770864,0.12042625067359988,117.29244427995323,False
pca_sort,r64,k4,32,1800030000,1848123,178659,1669464,0.0010267178880351993,0.903329486186796,1758750,467289,0.73430618336887,1734934,0.7443862417821081,477573936,0.2653144314261429,258.4102551615883,False
pca_sort,r64,k4,64,1800030000,1848123,178659,1669464,0.0010267178880351993,0.903329486186796,440391,184750,0.5804864313757547,426693,0.5991216167127185,754841392,0.4193493397332267,408.43677179495086,False
pca_sort,r64,k4,256,1800030000,1848123,178659,1669464,0.0010267178880351993,0.903329486186796,27730,15758,0.4317345834835918,23693,0.5052969231418563,1024730928,0.5692854719088015,554.4711731849017,False
pca_sort,r64,k16,16,1800030000,8433420,538429,7894991,0.0046851552474125435,0.9361553201429551,7033125,2430061,0.654483462187861,6898825,0.6672243461748921,621645616,0.345352919673561,73.71216137699771,False
pca_sort,r64,k16,32,1800030000,8433420,538429,7894991,0.0046851552474125435,0.9361553201429551,1758750,894815,0.4912210376687989,1685920,0.5124412783524722,915360560,0.5085251690249607,108.53966243825163,False
pca_sort,r64,k16,64,1800030000,8433420,538429,7894991,0.0046851552474125435,0.9361553201429551,440391,261392,0.4064547186477471,405123,0.44183865147128154,1068754736,0.5937427353988545,126.7285082445793,False
pca_sort,r64,k16,256,1800030000,8433420,538429,7894991,0.0046851552474125435,0.9361553201429551,27730,18725,0.3247385503065272,21203,0.42470405131349337,1218438960,0.6768992516791387,144.47744331481178,False
pca_sort,r64,k64,16,1800030000,31507776,1961499,29546277,0.017504028266195563,0.9377455584297667,7033125,4009836,0.42986424953345775,6572749,0.45997329275771826,1026068016,0.57002828619523,32.56554877119858,False
pca_sort,r64,k64,32,1800030000,31507776,1961499,29546277,0.017504028266195563,0.9377455584297667,1758750,1157559,0.3418285714285714,1536935,0.3911622807730971,1184410416,0.6579948200863319,37.591051047208154,False
pca_sort,r64,k64,64,1800030000,31507776,1961499,29546277,0.017504028266195563,0.9377455584297667,440391,310674,0.29454961613656955,348510,0.3722045278471206,1270535984,0.7058415604184375,40.32452128642783,False
pca_sort,r64,k64,256,1800030000,31507776,1961499,29546277,0.017504028266195563,0.9377455584297667,27730,21003,0.2425892535160476,16316,0.4122946800686443,1366705968,0.7592684388593524,43.37678317885718,False
pca_sort,r64,original,16,1800030000,31973073,1993039,29980034,0.017762522291295144,0.9376650783614074,7033125,4024784,0.42773887852128323,6566156,0.45815862431535287,1029894704,0.5721541885413021,32.21131431439199,False
pca_sort,r64,original,32,1800030000,31973073,1993039,29980034,0.017762522291295144,0.9376650783614074,1758750,1160147,0.3403570717839375,1534182,0.39017730621269187,1187060528,0.6594670799931113,37.126882611502495,False
pca_sort,r64,original,64,1800030000,31973073,1993039,29980034,0.017762522291295144,0.9376650783614074,440391,311190,0.2933779300666907,347531,0.3717682739093779,1272643376,0.7070123142392071,39.80359898468314,False
pca_sort,r64,original,256,1800030000,31973073,1993039,29980034,0.017762522291295144,0.9376650783614074,27730,21025,0.24179588892895781,16249,0.41264077789402426,1368147760,0.7600694210652045,42.79062447328726,False
pca_sort,r64,k256,16,1800030000,98589072,7744714,90844358,0.054770793820103,0.9214444984328486,7033125,5012694,0.2872735803785657,5626189,0.35911182507377554,1282799664,0.7126546024232929,13.011580674985966,False
pca_sort,r64,k256,32,1800030000,98589072,7744714,90844358,0.054770793820103,0.9214444984328486,1758750,1338623,0.23887818052594173,1186467,0.3540991869137532,1369819952,0.7609984011377589,13.894237203084739,False
pca_sort,r64,k256,64,1800030000,98589072,7744714,90844358,0.054770793820103,0.9214444984328486,440391,347953,0.20989983900670087,243235,0.38003576787880033,1423048496,0.7905693216224174,14.434140286866683,False
pca_sort,r64,k256,256,1800030000,98589072,7744714,90844358,0.054770793820103,0.9214444984328486,27730,22877,0.17500901550667147,10693,0.45384831197979986,1488291632,0.8268149041960412,15.09590872302764,False
pca_sort,r64,k1024,16,1800030000,255024243,30759403,224264840,0.1416777737037716,0.879386357006067,7033125,5700878,0.18942461565804675,3783943,0.3520790350171765,1458974768,0.8105280289772948,5.720925786651585,False
pca_sort,r64,k1024,32,1800030000,255024243,30759403,224264840,0.1416777737037716,0.879386357006067,1758750,1476345,0.16057142857142856,709731,0.3979042764089493,1510847280,0.8393456109064849,5.924328064763631,False
pca_sort,r64,k1024,64,1800030000,255024243,30759403,224264840,0.1416777737037716,0.879386357006067,440391,377683,0.14239164742240418,141547,0.4430189265756251,1544542000,0.8580645878124253,6.0564516605584044,False
pca_sort,r64,k1024,256,1800030000,255024243,30759403,224264840,0.1416777737037716,0.879386357006067,27730,24412,0.11965380454381536,6709,0.49455954687732895,1587783472,0.8820872274350983,6.226009940552985,False
