process,repeat,cell,method,configuration,seconds,executed_tiles,output_count,output_sha256
0,0,k4,F8,original_full,0.04809927399037406,440391,297318,0b1503dbe8814b114412ba0d04f6d10d958ae15ab7817d3a8dab4413f8f7579a
0,0,k4,F8,pca_geo,0.04491554699779954,346802,297318,0b1503dbe8814b114412ba0d04f6d10d958ae15ab7817d3a8dab4413f8f7579a
0,0,k4,F8,linear_geo,0.051442164010950364,440391,297318,0b1503dbe8814b114412ba0d04f6d10d958ae15ab7817d3a8dab4413f8f7579a
0,0,k4,F8,mlp_geo,0.05067314401094336,438501,297318,0b1503dbe8814b114412ba0d04f6d10d958ae15ab7817d3a8dab4413f8f7579a
0,0,k4,F8,mlp_full,0.04978912700607907,440391,297318,0b1503dbe8814b114412ba0d04f6d10d958ae15ab7817d3a8dab4413f8f7579a
0,0,k4,F16,original_full,0.05663644499145448,440391,297318,0b1503dbe8814b114412ba0d04f6d10d958ae15ab7817d3a8dab4413f8f7579a
0,0,k4,F16,pca_geo,0.04760389200237114,346802,297318,0b1503dbe8814b114412ba0d04f6d10d958ae15ab7817d3a8dab4413f8f7579a
0,0,k4,F16,linear_geo,0.054904046992305666,440391,297318,0b1503dbe8814b114412ba0d04f6d10d958ae15ab7817d3a8dab4413f8f7579a
0,0,k4,F16,mlp_geo,0.0535226330102887,438501,297318,0b1503dbe8814b114412ba0d04f6d10d958ae15ab7817d3a8dab4413f8f7579a
0,0,k4,F16,mlp_full,0.05259158500120975,440391,297318,0b1503dbe8814b114412ba0d04f6d10d958ae15ab7817d3a8dab4413f8f7579a
0,1,k4,F16,original_full,0.05300895500113256,440391,297318,0b1503dbe8814b114412ba0d04f6d10d958ae15ab7817d3a8dab4413f8f7579a
0,1,k4,F16,mlp_full,0.052487271997961216,440391,297318,0b1503dbe8814b114412ba0d04f6d10d958ae15ab7817d3a8dab4413f8f7579a
0,1,k4,F16,mlp_geo,0.05322947699460201,438501,297318,0b1503dbe8814b114412ba0d04f6d10d958ae15ab7817d3a8dab4413f8f7579a
0,1,k4,F16,linear_geo,0.05475892098911572,440391,297318,0b1503dbe8814b114412ba0d04f6d10d958ae15ab7817d3a8dab4413f8f7579a
0,1,k4,F16,pca_geo,0.04745384299894795,346802,297318,0b1503dbe8814b114412ba0d04f6d10d958ae15ab7817d3a8dab4413f8f7579a
0,1,k4,F8,original_full,0.04828724799153861,440391,297318,0b1503dbe8814b114412ba0d04f6d10d958ae15ab7817d3a8dab4413f8f7579a
0,1,k4,F8,mlp_full,0.049723234013072215,440391,297318,0b1503dbe8814b114412ba0d04f6d10d958ae15ab7817d3a8dab4413f8f7579a
0,1,k4,F8,mlp_geo,0.05041512999741826,438501,297318,0b1503dbe8814b114412ba0d04f6d10d958ae15ab7817d3a8dab4413f8f7579a
0,1,k4,F8,linear_geo,0.05162067399942316,440391,297318,0b1503dbe8814b114412ba0d04f6d10d958ae15ab7817d3a8dab4413f8f7579a
0,1,k4,F8,pca_geo,0.0449436689959839,346802,297318,0b1503dbe8814b114412ba0d04f6d10d958ae15ab7817d3a8dab4413f8f7579a
0,2,k4,F8,linear_geo,0.051436858004308306,440391,297318,0b1503dbe8814b114412ba0d04f6d10d958ae15ab7817d3a8dab4413f8f7579a
0,2,k4,F8,mlp_geo,0.0504614980018232,438501,297318,0b1503dbe8814b114412ba0d04f6d10d958ae15ab7817d3a8dab4413f8f7579a
0,2,k4,F8,mlp_full,0.04951100199832581,440391,297318,0b1503dbe8814b114412ba0d04f6d10d958ae15ab7817d3a8dab4413f8f7579a
0,2,k4,F8,original_full,0.048198310993029736,440391,297318,0b1503dbe8814b114412ba0d04f6d10d958ae15ab7817d3a8dab4413f8f7579a
0,2,k4,F8,pca_geo,0.04491930399672128,346802,297318,0b1503dbe8814b114412ba0d04f6d10d958ae15ab7817d3a8dab4413f8f7579a
0,2,k4,F16,linear_geo,0.054628680998575874,440391,297318,0b1503dbe8814b114412ba0d04f6d10d958ae15ab7817d3a8dab4413f8f7579a
0,2,k4,F16,mlp_geo,0.05311183999583591,438501,297318,0b1503dbe8814b114412ba0d04f6d10d958ae15ab7817d3a8dab4413f8f7579a
0,2,k4,F16,mlp_full,0.05222885801049415,440391,297318,0b1503dbe8814b114412ba0d04f6d10d958ae15ab7817d3a8dab4413f8f7579a
0,2,k4,F16,original_full,0.053276149003067985,440391,297318,0b1503dbe8814b114412ba0d04f6d10d958ae15ab7817d3a8dab4413f8f7579a
0,2,k4,F16,pca_geo,0.049557645004824735,346802,297318,0b1503dbe8814b114412ba0d04f6d10d958ae15ab7817d3a8dab4413f8f7579a
0,3,k4,F16,linear_geo,0.054716748010832816,440391,297318,0b1503dbe8814b114412ba0d04f6d10d958ae15ab7817d3a8dab4413f8f7579a
0,3,k4,F16,pca_geo,0.04700992499419954,346802,297318,0b1503dbe8814b114412ba0d04f6d10d958ae15ab7817d3a8dab4413f8f7579a
0,3,k4,F16,original_full,0.05312300700461492,440391,297318,0b1503dbe8814b114412ba0d04f6d10d958ae15ab7817d3a8dab4413f8f7579a
0,3,k4,F16,mlp_full,0.05210735100263264,440391,297318,0b1503dbe8814b114412ba0d04f6d10d958ae15ab7817d3a8dab4413f8f7579a
0,3,k4,F16,mlp_geo,0.05277244999888353,438501,297318,0b1503dbe8814b114412ba0d04f6d10d958ae15ab7817d3a8dab4413f8f7579a
0,3,k4,F8,linear_geo,0.05151142299291678,440391,297318,0b1503dbe8814b114412ba0d04f6d10d958ae15ab7817d3a8dab4413f8f7579a
0,3,k4,F8,pca_geo,0.04483508100383915,346802,297318,0b1503dbe8814b114412ba0d04f6d10d958ae15ab7817d3a8dab4413f8f7579a
0,3,k4,F8,original_full,0.04819439099810552,440391,297318,0b1503dbe8814b114412ba0d04f6d10d958ae15ab7817d3a8dab4413f8f7579a
0,3,k4,F8,mlp_full,0.049035278003429994,440391,297318,0b1503dbe8814b114412ba0d04f6d10d958ae15ab7817d3a8dab4413f8f7579a
0,3,k4,F8,mlp_geo,0.05003298301016912,438501,297318,0b1503dbe8814b114412ba0d04f6d10d958ae15ab7817d3a8dab4413f8f7579a
0,0,k16,F16,pca_geo,0.05140102100267541,367280,1016858,b65ded9f0b0892bf0c056a679273dea504eaa5f2bee6f1b960c8de2d1248aa85
0,0,k16,F16,linear_geo,0.057179555005859584,440391,1016858,b65ded9f0b0892bf0c056a679273dea504eaa5f2bee6f1b960c8de2d1248aa85
0,0,k16,F16,mlp_geo,0.056865463993744925,439459,1016858,b65ded9f0b0892bf0c056a679273dea504eaa5f2bee6f1b960c8de2d1248aa85
0,0,k16,F16,mlp_full,0.05583156200009398,440391,1016858,b65ded9f0b0892bf0c056a679273dea504eaa5f2bee6f1b960c8de2d1248aa85
0,0,k16,F16,original_full,0.05558016001305077,440391,1016858,b65ded9f0b0892bf0c056a679273dea504eaa5f2bee6f1b960c8de2d1248aa85
0,0,k16,F8,pca_geo,0.05361371400067583,367280,1016858,b65ded9f0b0892bf0c056a679273dea504eaa5f2bee6f1b960c8de2d1248aa85
0,0,k16,F8,linear_geo,0.05576384700543713,440391,1016858,b65ded9f0b0892bf0c056a679273dea504eaa5f2bee6f1b960c8de2d1248aa85
0,0,k16,F8,mlp_geo,0.05467557300289627,439459,1016858,b65ded9f0b0892bf0c056a679273dea504eaa5f2bee6f1b960c8de2d1248aa85
0,0,k16,F8,mlp_full,0.05273389900685288,440391,1016858,b65ded9f0b0892bf0c056a679273dea504eaa5f2bee6f1b960c8de2d1248aa85
0,0,k16,F8,original_full,0.051305412998772226,440391,1016858,b65ded9f0b0892bf0c056a679273dea504eaa5f2bee6f1b960c8de2d1248aa85
0,1,k16,F8,pca_geo,0.04958403200726025,367280,1016858,b65ded9f0b0892bf0c056a679273dea504eaa5f2bee6f1b960c8de2d1248aa85
0,1,k16,F8,original_full,0.05107495799893513,440391,1016858,b65ded9f0b0892bf0c056a679273dea504eaa5f2bee6f1b960c8de2d1248aa85
0,1,k16,F8,mlp_full,0.05279125600645784,440391,1016858,b65ded9f0b0892bf0c056a679273dea504eaa5f2bee6f1b960c8de2d1248aa85
0,1,k16,F8,mlp_geo,0.053903117004665546,439459,1016858,b65ded9f0b0892bf0c056a679273dea504eaa5f2bee6f1b960c8de2d1248aa85
0,1,k16,F8,linear_geo,0.05395671000587754,440391,1016858,b65ded9f0b0892bf0c056a679273dea504eaa5f2bee6f1b960c8de2d1248aa85
0,1,k16,F16,pca_geo,0.05112628999631852,367280,1016858,b65ded9f0b0892bf0c056a679273dea504eaa5f2bee6f1b960c8de2d1248aa85
0,1,k16,F16,original_full,0.05606847499439027,440391,1016858,b65ded9f0b0892bf0c056a679273dea504eaa5f2bee6f1b960c8de2d1248aa85
0,1,k16,F16,mlp_full,0.05599230200459715,440391,1016858,b65ded9f0b0892bf0c056a679273dea504eaa5f2bee6f1b960c8de2d1248aa85
0,1,k16,F16,mlp_geo,0.05659624299732968,439459,1016858,b65ded9f0b0892bf0c056a679273dea504eaa5f2bee6f1b960c8de2d1248aa85
0,1,k16,F16,linear_geo,0.05708070698892698,440391,1016858,b65ded9f0b0892bf0c056a679273dea504eaa5f2bee6f1b960c8de2d1248aa85
0,2,k16,F16,mlp_geo,0.056857595991459675,439459,1016858,b65ded9f0b0892bf0c056a679273dea504eaa5f2bee6f1b960c8de2d1248aa85
0,2,k16,F16,mlp_full,0.05592459600302391,440391,1016858,b65ded9f0b0892bf0c056a679273dea504eaa5f2bee6f1b960c8de2d1248aa85
0,2,k16,F16,original_full,0.0558103880030103,440391,1016858,b65ded9f0b0892bf0c056a679273dea504eaa5f2bee6f1b960c8de2d1248aa85
0,2,k16,F16,pca_geo,0.05199032700329553,367280,1016858,b65ded9f0b0892bf0c056a679273dea504eaa5f2bee6f1b960c8de2d1248aa85
0,2,k16,F16,linear_geo,0.057164405996445566,440391,1016858,b65ded9f0b0892bf0c056a679273dea504eaa5f2bee6f1b960c8de2d1248aa85
0,2,k16,F8,mlp_geo,0.05363425999530591,439459,1016858,b65ded9f0b0892bf0c056a679273dea504eaa5f2bee6f1b960c8de2d1248aa85
0,2,k16,F8,mlp_full,0.052470436989096925,440391,1016858,b65ded9f0b0892bf0c056a679273dea504eaa5f2bee6f1b960c8de2d1248aa85
0,2,k16,F8,original_full,0.05145503098901827,440391,1016858,b65ded9f0b0892bf0c056a679273dea504eaa5f2bee6f1b960c8de2d1248aa85
0,2,k16,F8,pca_geo,0.04868165199877694,367280,1016858,b65ded9f0b0892bf0c056a679273dea504eaa5f2bee6f1b960c8de2d1248aa85
0,2,k16,F8,linear_geo,0.053863886001636274,440391,1016858,b65ded9f0b0892bf0c056a679273dea504eaa5f2bee6f1b960c8de2d1248aa85
0,3,k16,F8,mlp_geo,0.05345501800184138,439459,1016858,b65ded9f0b0892bf0c056a679273dea504eaa5f2bee6f1b960c8de2d1248aa85
0,3,k16,F8,linear_geo,0.05413921001309063,440391,1016858,b65ded9f0b0892bf0c056a679273dea504eaa5f2bee6f1b960c8de2d1248aa85
0,3,k16,F8,pca_geo,0.04864735399314668,367280,1016858,b65ded9f0b0892bf0c056a679273dea504eaa5f2bee6f1b960c8de2d1248aa85
0,3,k16,F8,original_full,0.05107363099523354,440391,1016858,b65ded9f0b0892bf0c056a679273dea504eaa5f2bee6f1b960c8de2d1248aa85
0,3,k16,F8,mlp_full,0.05282664600235876,440391,1016858,b65ded9f0b0892bf0c056a679273dea504eaa5f2bee6f1b960c8de2d1248aa85
0,3,k16,F16,mlp_geo,0.05649189400719479,439459,1016858,b65ded9f0b0892bf0c056a679273dea504eaa5f2bee6f1b960c8de2d1248aa85
0,3,k16,F16,linear_geo,0.057159079995471984,440391,1016858,b65ded9f0b0892bf0c056a679273dea504eaa5f2bee6f1b960c8de2d1248aa85
0,3,k16,F16,pca_geo,0.051432981999823824,367280,1016858,b65ded9f0b0892bf0c056a679273dea504eaa5f2bee6f1b960c8de2d1248aa85
0,3,k16,F16,original_full,0.0555593800090719,440391,1016858,b65ded9f0b0892bf0c056a679273dea504eaa5f2bee6f1b960c8de2d1248aa85
0,3,k16,F16,mlp_full,0.05596085300203413,440391,1016858,b65ded9f0b0892bf0c056a679273dea504eaa5f2bee6f1b960c8de2d1248aa85
0,0,k64,F8,linear_geo,0.06890374899376184,440391,3862998,4863a23e3edeb18d5e72d89fb0e25c0dbaea17762bbc98a7159803be72407a80
0,0,k64,F8,mlp_geo,0.0676915049989475,439984,3862998,4863a23e3edeb18d5e72d89fb0e25c0dbaea17762bbc98a7159803be72407a80
0,0,k64,F8,mlp_full,0.06685064500197768,440391,3862998,4863a23e3edeb18d5e72d89fb0e25c0dbaea17762bbc98a7159803be72407a80
0,0,k64,F8,original_full,0.06473826000001281,440391,3862998,4863a23e3edeb18d5e72d89fb0e25c0dbaea17762bbc98a7159803be72407a80
0,0,k64,F8,pca_geo,0.06396186799975112,384759,3862998,4863a23e3edeb18d5e72d89fb0e25c0dbaea17762bbc98a7159803be72407a80
0,0,k64,F16,linear_geo,0.06918148200202268,440391,3862998,4863a23e3edeb18d5e72d89fb0e25c0dbaea17762bbc98a7159803be72407a80
0,0,k64,F16,mlp_geo,0.06880615701084025,439984,3862998,4863a23e3edeb18d5e72d89fb0e25c0dbaea17762bbc98a7159803be72407a80
0,0,k64,F16,mlp_full,0.0679044279968366,440391,3862998,4863a23e3edeb18d5e72d89fb0e25c0dbaea17762bbc98a7159803be72407a80
0,0,k64,F16,original_full,0.06771791499340907,440391,3862998,4863a23e3edeb18d5e72d89fb0e25c0dbaea17762bbc98a7159803be72407a80
0,0,k64,F16,pca_geo,0.06410965899704024,384759,3862998,4863a23e3edeb18d5e72d89fb0e25c0dbaea17762bbc98a7159803be72407a80
0,1,k64,F16,linear_geo,0.06853624699579086,440391,3862998,4863a23e3edeb18d5e72d89fb0e25c0dbaea17762bbc98a7159803be72407a80
0,1,k64,F16,pca_geo,0.06417286800569855,384759,3862998,4863a23e3edeb18d5e72d89fb0e25c0dbaea17762bbc98a7159803be72407a80
0,1,k64,F16,original_full,0.06663049600319937,440391,3862998,4863a23e3edeb18d5e72d89fb0e25c0dbaea17762bbc98a7159803be72407a80
0,1,k64,F16,mlp_full,0.06813396900543012,440391,3862998,4863a23e3edeb18d5e72d89fb0e25c0dbaea17762bbc98a7159803be72407a80
0,1,k64,F16,mlp_geo,0.06837701899348758,439984,3862998,4863a23e3edeb18d5e72d89fb0e25c0dbaea17762bbc98a7159803be72407a80
0,1,k64,F8,linear_geo,0.06826112000271678,440391,3862998,4863a23e3edeb18d5e72d89fb0e25c0dbaea17762bbc98a7159803be72407a80
0,1,k64,F8,pca_geo,0.06371585899614729,384759,3862998,4863a23e3edeb18d5e72d89fb0e25c0dbaea17762bbc98a7159803be72407a80
0,1,k64,F8,original_full,0.06428716600930784,440391,3862998,4863a23e3edeb18d5e72d89fb0e25c0dbaea17762bbc98a7159803be72407a80
0,1,k64,F8,mlp_full,0.0673122139996849,440391,3862998,4863a23e3edeb18d5e72d89fb0e25c0dbaea17762bbc98a7159803be72407a80
0,1,k64,F8,mlp_geo,0.06761407099838834,439984,3862998,4863a23e3edeb18d5e72d89fb0e25c0dbaea17762bbc98a7159803be72407a80
0,2,k64,F8,mlp_full,0.06636542199703399,440391,3862998,4863a23e3edeb18d5e72d89fb0e25c0dbaea17762bbc98a7159803be72407a80
0,2,k64,F8,original_full,0.06342053698608652,440391,3862998,4863a23e3edeb18d5e72d89fb0e25c0dbaea17762bbc98a7159803be72407a80
0,2,k64,F8,pca_geo,0.06367008200322744,384759,3862998,4863a23e3edeb18d5e72d89fb0e25c0dbaea17762bbc98a7159803be72407a80
0,2,k64,F8,linear_geo,0.06720530700113159,440391,3862998,4863a23e3edeb18d5e72d89fb0e25c0dbaea17762bbc98a7159803be72407a80
0,2,k64,F8,mlp_geo,0.0673562839947408,439984,3862998,4863a23e3edeb18d5e72d89fb0e25c0dbaea17762bbc98a7159803be72407a80
0,2,k64,F16,mlp_full,0.06765772499784362,440391,3862998,4863a23e3edeb18d5e72d89fb0e25c0dbaea17762bbc98a7159803be72407a80
0,2,k64,F16,original_full,0.06693001100211404,440391,3862998,4863a23e3edeb18d5e72d89fb0e25c0dbaea17762bbc98a7159803be72407a80
0,2,k64,F16,pca_geo,0.06391481899481732,384759,3862998,4863a23e3edeb18d5e72d89fb0e25c0dbaea17762bbc98a7159803be72407a80
0,2,k64,F16,linear_geo,0.06934687899774872,440391,3862998,4863a23e3edeb18d5e72d89fb0e25c0dbaea17762bbc98a7159803be72407a80
0,2,k64,F16,mlp_geo,0.06842113599122968,439984,3862998,4863a23e3edeb18d5e72d89fb0e25c0dbaea17762bbc98a7159803be72407a80
0,3,k64,F16,mlp_full,0.06674443199881352,440391,3862998,4863a23e3edeb18d5e72d89fb0e25c0dbaea17762bbc98a7159803be72407a80
0,3,k64,F16,mlp_geo,0.06791375200555194,439984,3862998,4863a23e3edeb18d5e72d89fb0e25c0dbaea17762bbc98a7159803be72407a80
0,3,k64,F16,linear_geo,0.06895639799768105,440391,3862998,4863a23e3edeb18d5e72d89fb0e25c0dbaea17762bbc98a7159803be72407a80
0,3,k64,F16,pca_geo,0.06416676500521135,384759,3862998,4863a23e3edeb18d5e72d89fb0e25c0dbaea17762bbc98a7159803be72407a80
0,3,k64,F16,original_full,0.07333491700410377,440391,3862998,4863a23e3edeb18d5e72d89fb0e25c0dbaea17762bbc98a7159803be72407a80
0,3,k64,F8,mlp_full,0.07280947899562307,440391,3862998,4863a23e3edeb18d5e72d89fb0e25c0dbaea17762bbc98a7159803be72407a80
0,3,k64,F8,mlp_geo,0.073560440010624,439984,3862998,4863a23e3edeb18d5e72d89fb0e25c0dbaea17762bbc98a7159803be72407a80
0,3,k64,F8,linear_geo,0.06791826398693956,440391,3862998,4863a23e3edeb18d5e72d89fb0e25c0dbaea17762bbc98a7159803be72407a80
0,3,k64,F8,pca_geo,0.06333947399980389,384759,3862998,4863a23e3edeb18d5e72d89fb0e25c0dbaea17762bbc98a7159803be72407a80
0,3,k64,F8,original_full,0.06413707199681085,440391,3862998,4863a23e3edeb18d5e72d89fb0e25c0dbaea17762bbc98a7159803be72407a80
0,0,original,F16,mlp_geo,0.06828472600318491,439988,3926078,13cae87e6a0f75a13f3e9a7881b33c42ab77680f6d13e99dcc00fa2de5963495
0,0,original,F16,mlp_full,0.06751797800825443,440391,3926078,13cae87e6a0f75a13f3e9a7881b33c42ab77680f6d13e99dcc00fa2de5963495
0,0,original,F16,original_full,0.06741406199580524,440391,3926078,13cae87e6a0f75a13f3e9a7881b33c42ab77680f6d13e99dcc00fa2de5963495
0,0,original,F16,pca_geo,0.06320750000304542,384971,3926078,13cae87e6a0f75a13f3e9a7881b33c42ab77680f6d13e99dcc00fa2de5963495
0,0,original,F16,linear_geo,0.06798783600970637,440391,3926078,13cae87e6a0f75a13f3e9a7881b33c42ab77680f6d13e99dcc00fa2de5963495
0,0,original,F8,mlp_geo,0.06770444399444386,439988,3926078,13cae87e6a0f75a13f3e9a7881b33c42ab77680f6d13e99dcc00fa2de5963495
0,0,original,F8,mlp_full,0.06654053599049803,440391,3926078,13cae87e6a0f75a13f3e9a7881b33c42ab77680f6d13e99dcc00fa2de5963495
0,0,original,F8,original_full,0.06455381600244436,440391,3926078,13cae87e6a0f75a13f3e9a7881b33c42ab77680f6d13e99dcc00fa2de5963495
0,0,original,F8,pca_geo,0.06353394899633713,384971,3926078,13cae87e6a0f75a13f3e9a7881b33c42ab77680f6d13e99dcc00fa2de5963495
0,0,original,F8,linear_geo,0.06817102899367455,440391,3926078,13cae87e6a0f75a13f3e9a7881b33c42ab77680f6d13e99dcc00fa2de5963495
0,1,original,F8,mlp_geo,0.06741874098952394,439988,3926078,13cae87e6a0f75a13f3e9a7881b33c42ab77680f6d13e99dcc00fa2de5963495
0,1,original,F8,linear_geo,0.0674805419985205,440391,3926078,13cae87e6a0f75a13f3e9a7881b33c42ab77680f6d13e99dcc00fa2de5963495
0,1,original,F8,pca_geo,0.06317997199948877,384971,3926078,13cae87e6a0f75a13f3e9a7881b33c42ab77680f6d13e99dcc00fa2de5963495
0,1,original,F8,original_full,0.06406334300118033,440391,3926078,13cae87e6a0f75a13f3e9a7881b33c42ab77680f6d13e99dcc00fa2de5963495
0,1,original,F8,mlp_full,0.06682997600000817,440391,3926078,13cae87e6a0f75a13f3e9a7881b33c42ab77680f6d13e99dcc00fa2de5963495
0,1,original,F16,mlp_geo,0.06850561499595642,439988,3926078,13cae87e6a0f75a13f3e9a7881b33c42ab77680f6d13e99dcc00fa2de5963495
0,1,original,F16,linear_geo,0.06836048400145955,440391,3926078,13cae87e6a0f75a13f3e9a7881b33c42ab77680f6d13e99dcc00fa2de5963495
0,1,original,F16,pca_geo,0.06386230899079237,384971,3926078,13cae87e6a0f75a13f3e9a7881b33c42ab77680f6d13e99dcc00fa2de5963495
0,1,original,F16,original_full,0.06700578999880236,440391,3926078,13cae87e6a0f75a13f3e9a7881b33c42ab77680f6d13e99dcc00fa2de5963495
0,1,original,F16,mlp_full,0.06706692300213035,440391,3926078,13cae87e6a0f75a13f3e9a7881b33c42ab77680f6d13e99dcc00fa2de5963495
0,2,original,F16,original_full,0.06674040999496356,440391,3926078,13cae87e6a0f75a13f3e9a7881b33c42ab77680f6d13e99dcc00fa2de5963495
0,2,original,F16,pca_geo,0.0641542959929211,384971,3926078,13cae87e6a0f75a13f3e9a7881b33c42ab77680f6d13e99dcc00fa2de5963495
0,2,original,F16,linear_geo,0.06821243099693675,440391,3926078,13cae87e6a0f75a13f3e9a7881b33c42ab77680f6d13e99dcc00fa2de5963495
0,2,original,F16,mlp_geo,0.0671994020085549,439988,3926078,13cae87e6a0f75a13f3e9a7881b33c42ab77680f6d13e99dcc00fa2de5963495
0,2,original,F16,mlp_full,0.06760327800293453,440391,3926078,13cae87e6a0f75a13f3e9a7881b33c42ab77680f6d13e99dcc00fa2de5963495
0,2,original,F8,original_full,0.06448887099395506,440391,3926078,13cae87e6a0f75a13f3e9a7881b33c42ab77680f6d13e99dcc00fa2de5963495
0,2,original,F8,pca_geo,0.0633811219886411,384971,3926078,13cae87e6a0f75a13f3e9a7881b33c42ab77680f6d13e99dcc00fa2de5963495
0,2,original,F8,linear_geo,0.06762885701027699,440391,3926078,13cae87e6a0f75a13f3e9a7881b33c42ab77680f6d13e99dcc00fa2de5963495
0,2,original,F8,mlp_geo,0.06729222199646756,439988,3926078,13cae87e6a0f75a13f3e9a7881b33c42ab77680f6d13e99dcc00fa2de5963495
0,2,original,F8,mlp_full,0.06644977899850346,440391,3926078,13cae87e6a0f75a13f3e9a7881b33c42ab77680f6d13e99dcc00fa2de5963495
0,3,original,F8,original_full,0.0642295430006925,440391,3926078,13cae87e6a0f75a13f3e9a7881b33c42ab77680f6d13e99dcc00fa2de5963495
0,3,original,F8,mlp_full,0.06690353000885807,440391,3926078,13cae87e6a0f75a13f3e9a7881b33c42ab77680f6d13e99dcc00fa2de5963495
0,3,original,F8,mlp_geo,0.06740271800663322,439988,3926078,13cae87e6a0f75a13f3e9a7881b33c42ab77680f6d13e99dcc00fa2de5963495
0,3,original,F8,linear_geo,0.06842609199520666,440391,3926078,13cae87e6a0f75a13f3e9a7881b33c42ab77680f6d13e99dcc00fa2de5963495
0,3,original,F8,pca_geo,0.06315017200540751,384971,3926078,13cae87e6a0f75a13f3e9a7881b33c42ab77680f6d13e99dcc00fa2de5963495
0,3,original,F16,original_full,0.06625111598987132,440391,3926078,13cae87e6a0f75a13f3e9a7881b33c42ab77680f6d13e99dcc00fa2de5963495
0,3,original,F16,mlp_full,0.0679468390007969,440391,3926078,13cae87e6a0f75a13f3e9a7881b33c42ab77680f6d13e99dcc00fa2de5963495
0,3,original,F16,mlp_geo,0.06816432399500627,439988,3926078,13cae87e6a0f75a13f3e9a7881b33c42ab77680f6d13e99dcc00fa2de5963495
0,3,original,F16,linear_geo,0.06887273798929527,440391,3926078,13cae87e6a0f75a13f3e9a7881b33c42ab77680f6d13e99dcc00fa2de5963495
0,3,original,F16,pca_geo,0.0644610629969975,384971,3926078,13cae87e6a0f75a13f3e9a7881b33c42ab77680f6d13e99dcc00fa2de5963495
0,0,k256,F8,mlp_full,0.10188486499828286,440391,15429428,49160b0fece513842a1194c0aaca5b2d06de6de417533c401ac0c383b2e70611
0,0,k256,F8,original_full,0.09950837200449314,440391,15429428,49160b0fece513842a1194c0aaca5b2d06de6de417533c401ac0c383b2e70611
0,0,k256,F8,pca_geo,0.10088374899351038,400071,15429428,49160b0fece513842a1194c0aaca5b2d06de6de417533c401ac0c383b2e70611
0,0,k256,F8,linear_geo,0.10493322199909016,440391,15429428,49160b0fece513842a1194c0aaca5b2d06de6de417533c401ac0c383b2e70611
0,0,k256,F8,mlp_geo,0.10398058700957336,440240,15429428,49160b0fece513842a1194c0aaca5b2d06de6de417533c401ac0c383b2e70611
0,0,k256,F16,mlp_full,0.09702638600720093,440391,15429428,49160b0fece513842a1194c0aaca5b2d06de6de417533c401ac0c383b2e70611
0,0,k256,F16,original_full,0.09301207101088949,440391,15429428,49160b0fece513842a1194c0aaca5b2d06de6de417533c401ac0c383b2e70611
0,0,k256,F16,pca_geo,0.09445577600854449,400071,15429428,49160b0fece513842a1194c0aaca5b2d06de6de417533c401ac0c383b2e70611
0,0,k256,F16,linear_geo,0.09830586500174832,440391,15429428,49160b0fece513842a1194c0aaca5b2d06de6de417533c401ac0c383b2e70611
0,0,k256,F16,mlp_geo,0.09744966401194688,440240,15429428,49160b0fece513842a1194c0aaca5b2d06de6de417533c401ac0c383b2e70611
0,1,k256,F16,mlp_full,0.09584622600232251,440391,15429428,49160b0fece513842a1194c0aaca5b2d06de6de417533c401ac0c383b2e70611
0,1,k256,F16,mlp_geo,0.09764336800435558,440240,15429428,49160b0fece513842a1194c0aaca5b2d06de6de417533c401ac0c383b2e70611
0,1,k256,F16,linear_geo,0.09756427200045437,440391,15429428,49160b0fece513842a1194c0aaca5b2d06de6de417533c401ac0c383b2e70611
0,1,k256,F16,pca_geo,0.09351224100100808,400071,15429428,49160b0fece513842a1194c0aaca5b2d06de6de417533c401ac0c383b2e70611
0,1,k256,F16,original_full,0.0947500689944718,440391,15429428,49160b0fece513842a1194c0aaca5b2d06de6de417533c401ac0c383b2e70611
0,1,k256,F8,mlp_full,0.09661455400055274,440391,15429428,49160b0fece513842a1194c0aaca5b2d06de6de417533c401ac0c383b2e70611
0,1,k256,F8,mlp_geo,0.09724071399250533,440240,15429428,49160b0fece513842a1194c0aaca5b2d06de6de417533c401ac0c383b2e70611
0,1,k256,F8,linear_geo,0.09802723499888089,440391,15429428,49160b0fece513842a1194c0aaca5b2d06de6de417533c401ac0c383b2e70611
0,1,k256,F8,pca_geo,0.0944784180028364,400071,15429428,49160b0fece513842a1194c0aaca5b2d06de6de417533c401ac0c383b2e70611
0,1,k256,F8,original_full,0.09426096601237077,440391,15429428,49160b0fece513842a1194c0aaca5b2d06de6de417533c401ac0c383b2e70611
0,2,k256,F8,pca_geo,0.09501185499539133,400071,15429428,49160b0fece513842a1194c0aaca5b2d06de6de417533c401ac0c383b2e70611
0,2,k256,F8,linear_geo,0.09804380999412388,440391,15429428,49160b0fece513842a1194c0aaca5b2d06de6de417533c401ac0c383b2e70611
0,2,k256,F8,mlp_geo,0.09672355200746097,440240,15429428,49160b0fece513842a1194c0aaca5b2d06de6de417533c401ac0c383b2e70611
0,2,k256,F8,mlp_full,0.09658409799158107,440391,15429428,49160b0fece513842a1194c0aaca5b2d06de6de417533c401ac0c383b2e70611
0,2,k256,F8,original_full,0.09415532900311518,440391,15429428,49160b0fece513842a1194c0aaca5b2d06de6de417533c401ac0c383b2e70611
0,2,k256,F16,pca_geo,0.08690761700563598,400071,15429428,49160b0fece513842a1194c0aaca5b2d06de6de417533c401ac0c383b2e70611
0,2,k256,F16,linear_geo,0.09088232400245033,440391,15429428,49160b0fece513842a1194c0aaca5b2d06de6de417533c401ac0c383b2e70611
0,2,k256,F16,mlp_geo,0.09010471099463757,440240,15429428,49160b0fece513842a1194c0aaca5b2d06de6de417533c401ac0c383b2e70611
0,2,k256,F16,mlp_full,0.09014014899730682,440391,15429428,49160b0fece513842a1194c0aaca5b2d06de6de417533c401ac0c383b2e70611
0,2,k256,F16,original_full,0.08868407701083925,440391,15429428,49160b0fece513842a1194c0aaca5b2d06de6de417533c401ac0c383b2e70611
0,3,k256,F16,pca_geo,0.08679943598690443,400071,15429428,49160b0fece513842a1194c0aaca5b2d06de6de417533c401ac0c383b2e70611
0,3,k256,F16,original_full,0.08869001400307752,440391,15429428,49160b0fece513842a1194c0aaca5b2d06de6de417533c401ac0c383b2e70611
0,3,k256,F16,mlp_full,0.0895737469982123,440391,15429428,49160b0fece513842a1194c0aaca5b2d06de6de417533c401ac0c383b2e70611
0,3,k256,F16,mlp_geo,0.08969356100715231,440240,15429428,49160b0fece513842a1194c0aaca5b2d06de6de417533c401ac0c383b2e70611
0,3,k256,F16,linear_geo,0.09105295500194188,440391,15429428,49160b0fece513842a1194c0aaca5b2d06de6de417533c401ac0c383b2e70611
0,3,k256,F8,pca_geo,0.09515397399081849,400071,15429428,49160b0fece513842a1194c0aaca5b2d06de6de417533c401ac0c383b2e70611
0,3,k256,F8,original_full,0.09506084099120926,440391,15429428,49160b0fece513842a1194c0aaca5b2d06de6de417533c401ac0c383b2e70611
0,3,k256,F8,mlp_full,0.09667608300514985,440391,15429428,49160b0fece513842a1194c0aaca5b2d06de6de417533c401ac0c383b2e70611
0,3,k256,F8,mlp_geo,0.09743954800069332,440240,15429428,49160b0fece513842a1194c0aaca5b2d06de6de417533c401ac0c383b2e70611
0,3,k256,F8,linear_geo,0.09858527300821152,440391,15429428,49160b0fece513842a1194c0aaca5b2d06de6de417533c401ac0c383b2e70611
0,0,k1024,F16,original_full,0.179256539006019,440391,61458806,1aa5d88ffa1f87e75ad08af781637cb073d2c862378f6b4dcf84f2a56c3d6fe3
0,0,k1024,F16,pca_geo,0.17886677199567202,413156,61458806,1aa5d88ffa1f87e75ad08af781637cb073d2c862378f6b4dcf84f2a56c3d6fe3
0,0,k1024,F16,linear_geo,0.1810062969889259,440391,61458806,1aa5d88ffa1f87e75ad08af781637cb073d2c862378f6b4dcf84f2a56c3d6fe3
0,0,k1024,F16,mlp_geo,0.18315323199203704,440342,61458806,1aa5d88ffa1f87e75ad08af781637cb073d2c862378f6b4dcf84f2a56c3d6fe3
0,0,k1024,F16,mlp_full,0.18070932500995696,440391,61458806,1aa5d88ffa1f87e75ad08af781637cb073d2c862378f6b4dcf84f2a56c3d6fe3
0,0,k1024,F8,original_full,0.2176382250036113,440391,61458806,1aa5d88ffa1f87e75ad08af781637cb073d2c862378f6b4dcf84f2a56c3d6fe3
0,0,k1024,F8,pca_geo,0.2164740919979522,413156,61458806,1aa5d88ffa1f87e75ad08af781637cb073d2c862378f6b4dcf84f2a56c3d6fe3
0,0,k1024,F8,linear_geo,0.21715260899509303,440391,61458806,1aa5d88ffa1f87e75ad08af781637cb073d2c862378f6b4dcf84f2a56c3d6fe3
0,0,k1024,F8,mlp_geo,0.21780788300384302,440342,61458806,1aa5d88ffa1f87e75ad08af781637cb073d2c862378f6b4dcf84f2a56c3d6fe3
0,0,k1024,F8,mlp_full,0.21528544000466354,440391,61458806,1aa5d88ffa1f87e75ad08af781637cb073d2c862378f6b4dcf84f2a56c3d6fe3
0,1,k1024,F8,original_full,0.21842264600854833,440391,61458806,1aa5d88ffa1f87e75ad08af781637cb073d2c862378f6b4dcf84f2a56c3d6fe3
0,1,k1024,F8,mlp_full,0.21535780200792942,440391,61458806,1aa5d88ffa1f87e75ad08af781637cb073d2c862378f6b4dcf84f2a56c3d6fe3
0,1,k1024,F8,mlp_geo,0.2187498040002538,440342,61458806,1aa5d88ffa1f87e75ad08af781637cb073d2c862378f6b4dcf84f2a56c3d6fe3
0,1,k1024,F8,linear_geo,0.21968922798987478,440391,61458806,1aa5d88ffa1f87e75ad08af781637cb073d2c862378f6b4dcf84f2a56c3d6fe3
0,1,k1024,F8,pca_geo,0.21333910200337414,413156,61458806,1aa5d88ffa1f87e75ad08af781637cb073d2c862378f6b4dcf84f2a56c3d6fe3
0,1,k1024,F16,original_full,0.1824269450007705,440391,61458806,1aa5d88ffa1f87e75ad08af781637cb073d2c862378f6b4dcf84f2a56c3d6fe3
0,1,k1024,F16,mlp_full,0.18108695199771319,440391,61458806,1aa5d88ffa1f87e75ad08af781637cb073d2c862378f6b4dcf84f2a56c3d6fe3
0,1,k1024,F16,mlp_geo,0.182089862995781,440342,61458806,1aa5d88ffa1f87e75ad08af781637cb073d2c862378f6b4dcf84f2a56c3d6fe3
0,1,k1024,F16,linear_geo,0.18315100799372885,440391,61458806,1aa5d88ffa1f87e75ad08af781637cb073d2c862378f6b4dcf84f2a56c3d6fe3
0,1,k1024,F16,pca_geo,0.17969809898932,413156,61458806,1aa5d88ffa1f87e75ad08af781637cb073d2c862378f6b4dcf84f2a56c3d6fe3
0,2,k1024,F16,linear_geo,0.1824850470002275,440391,61458806,1aa5d88ffa1f87e75ad08af781637cb073d2c862378f6b4dcf84f2a56c3d6fe3
0,2,k1024,F16,mlp_geo,0.1822770789876813,440342,61458806,1aa5d88ffa1f87e75ad08af781637cb073d2c862378f6b4dcf84f2a56c3d6fe3
0,2,k1024,F16,mlp_full,0.18369059299584478,440391,61458806,1aa5d88ffa1f87e75ad08af781637cb073d2c862378f6b4dcf84f2a56c3d6fe3
0,2,k1024,F16,original_full,0.18037624401040375,440391,61458806,1aa5d88ffa1f87e75ad08af781637cb073d2c862378f6b4dcf84f2a56c3d6fe3
0,2,k1024,F16,pca_geo,0.17915722899488173,413156,61458806,1aa5d88ffa1f87e75ad08af781637cb073d2c862378f6b4dcf84f2a56c3d6fe3
0,2,k1024,F8,linear_geo,0.2172340919933049,440391,61458806,1aa5d88ffa1f87e75ad08af781637cb073d2c862378f6b4dcf84f2a56c3d6fe3
0,2,k1024,F8,mlp_geo,0.2170365180063527,440342,61458806,1aa5d88ffa1f87e75ad08af781637cb073d2c862378f6b4dcf84f2a56c3d6fe3
0,2,k1024,F8,mlp_full,0.2178028079943033,440391,61458806,1aa5d88ffa1f87e75ad08af781637cb073d2c862378f6b4dcf84f2a56c3d6fe3
0,2,k1024,F8,original_full,0.21662114099308383,440391,61458806,1aa5d88ffa1f87e75ad08af781637cb073d2c862378f6b4dcf84f2a56c3d6fe3
0,2,k1024,F8,pca_geo,0.21683211300114635,413156,61458806,1aa5d88ffa1f87e75ad08af781637cb073d2c862378f6b4dcf84f2a56c3d6fe3
0,3,k1024,F8,linear_geo,0.2169120660109911,440391,61458806,1aa5d88ffa1f87e75ad08af781637cb073d2c862378f6b4dcf84f2a56c3d6fe3
0,3,k1024,F8,pca_geo,0.2133562270028051,413156,61458806,1aa5d88ffa1f87e75ad08af781637cb073d2c862378f6b4dcf84f2a56c3d6fe3
0,3,k1024,F8,original_full,0.21613946399884298,440391,61458806,1aa5d88ffa1f87e75ad08af781637cb073d2c862378f6b4dcf84f2a56c3d6fe3
0,3,k1024,F8,mlp_full,0.21448652200342622,440391,61458806,1aa5d88ffa1f87e75ad08af781637cb073d2c862378f6b4dcf84f2a56c3d6fe3
0,3,k1024,F8,mlp_geo,0.21629588499490637,440342,61458806,1aa5d88ffa1f87e75ad08af781637cb073d2c862378f6b4dcf84f2a56c3d6fe3
0,3,k1024,F16,linear_geo,0.18256898901017848,440391,61458806,1aa5d88ffa1f87e75ad08af781637cb073d2c862378f6b4dcf84f2a56c3d6fe3
0,3,k1024,F16,pca_geo,0.17836673199781217,413156,61458806,1aa5d88ffa1f87e75ad08af781637cb073d2c862378f6b4dcf84f2a56c3d6fe3
0,3,k1024,F16,original_full,0.18254077900201082,440391,61458806,1aa5d88ffa1f87e75ad08af781637cb073d2c862378f6b4dcf84f2a56c3d6fe3
0,3,k1024,F16,mlp_full,0.18122855100955348,440391,61458806,1aa5d88ffa1f87e75ad08af781637cb073d2c862378f6b4dcf84f2a56c3d6fe3
0,3,k1024,F16,mlp_geo,0.18083184800343588,440342,61458806,1aa5d88ffa1f87e75ad08af781637cb073d2c862378f6b4dcf84f2a56c3d6fe3
1,0,k4,F16,pca_geo,0.04715484500047751,346802,297318,0b1503dbe8814b114412ba0d04f6d10d958ae15ab7817d3a8dab4413f8f7579a
1,0,k4,F16,linear_geo,0.0550006670091534,440391,297318,0b1503dbe8814b114412ba0d04f6d10d958ae15ab7817d3a8dab4413f8f7579a
1,0,k4,F16,mlp_geo,0.05362621801032219,438501,297318,0b1503dbe8814b114412ba0d04f6d10d958ae15ab7817d3a8dab4413f8f7579a
1,0,k4,F16,mlp_full,0.053006782007287256,440391,297318,0b1503dbe8814b114412ba0d04f6d10d958ae15ab7817d3a8dab4413f8f7579a
1,0,k4,F16,original_full,0.05331726900476497,440391,297318,0b1503dbe8814b114412ba0d04f6d10d958ae15ab7817d3a8dab4413f8f7579a
1,0,k4,F8,pca_geo,0.045225854992168024,346802,297318,0b1503dbe8814b114412ba0d04f6d10d958ae15ab7817d3a8dab4413f8f7579a
1,0,k4,F8,linear_geo,0.05169282999122515,440391,297318,0b1503dbe8814b114412ba0d04f6d10d958ae15ab7817d3a8dab4413f8f7579a
1,0,k4,F8,mlp_geo,0.054307320999214426,438501,297318,0b1503dbe8814b114412ba0d04f6d10d958ae15ab7817d3a8dab4413f8f7579a
1,0,k4,F8,mlp_full,0.04998343900660984,440391,297318,0b1503dbe8814b114412ba0d04f6d10d958ae15ab7817d3a8dab4413f8f7579a
1,0,k4,F8,original_full,0.04850688901206013,440391,297318,0b1503dbe8814b114412ba0d04f6d10d958ae15ab7817d3a8dab4413f8f7579a
1,1,k4,F8,pca_geo,0.0450069319922477,346802,297318,0b1503dbe8814b114412ba0d04f6d10d958ae15ab7817d3a8dab4413f8f7579a
1,1,k4,F8,original_full,0.04824478999944404,440391,297318,0b1503dbe8814b114412ba0d04f6d10d958ae15ab7817d3a8dab4413f8f7579a
1,1,k4,F8,mlp_full,0.04989649300114252,440391,297318,0b1503dbe8814b114412ba0d04f6d10d958ae15ab7817d3a8dab4413f8f7579a
1,1,k4,F8,mlp_geo,0.05072507800650783,438501,297318,0b1503dbe8814b114412ba0d04f6d10d958ae15ab7817d3a8dab4413f8f7579a
1,1,k4,F8,linear_geo,0.05158074099745136,440391,297318,0b1503dbe8814b114412ba0d04f6d10d958ae15ab7817d3a8dab4413f8f7579a
1,1,k4,F16,pca_geo,0.04705449100583792,346802,297318,0b1503dbe8814b114412ba0d04f6d10d958ae15ab7817d3a8dab4413f8f7579a
1,1,k4,F16,original_full,0.05355447299371008,440391,297318,0b1503dbe8814b114412ba0d04f6d10d958ae15ab7817d3a8dab4413f8f7579a
1,1,k4,F16,mlp_full,0.0523811070015654,440391,297318,0b1503dbe8814b114412ba0d04f6d10d958ae15ab7817d3a8dab4413f8f7579a
1,1,k4,F16,mlp_geo,0.053315461991587654,438501,297318,0b1503dbe8814b114412ba0d04f6d10d958ae15ab7817d3a8dab4413f8f7579a
1,1,k4,F16,linear_geo,0.0546457299933536,440391,297318,0b1503dbe8814b114412ba0d04f6d10d958ae15ab7817d3a8dab4413f8f7579a
1,2,k4,F16,mlp_geo,0.05307709300541319,438501,297318,0b1503dbe8814b114412ba0d04f6d10d958ae15ab7817d3a8dab4413f8f7579a
1,2,k4,F16,mlp_full,0.05251934099942446,440391,297318,0b1503dbe8814b114412ba0d04f6d10d958ae15ab7817d3a8dab4413f8f7579a
1,2,k4,F16,original_full,0.05324491299688816,440391,297318,0b1503dbe8814b114412ba0d04f6d10d958ae15ab7817d3a8dab4413f8f7579a
1,2,k4,F16,pca_geo,0.04690953298995737,346802,297318,0b1503dbe8814b114412ba0d04f6d10d958ae15ab7817d3a8dab4413f8f7579a
1,2,k4,F16,linear_geo,0.054635035994579084,440391,297318,0b1503dbe8814b114412ba0d04f6d10d958ae15ab7817d3a8dab4413f8f7579a
1,2,k4,F8,mlp_geo,0.0504446369886864,438501,297318,0b1503dbe8814b114412ba0d04f6d10d958ae15ab7817d3a8dab4413f8f7579a
1,2,k4,F8,mlp_full,0.04951763300050516,440391,297318,0b1503dbe8814b114412ba0d04f6d10d958ae15ab7817d3a8dab4413f8f7579a
1,2,k4,F8,original_full,0.048523749006562866,440391,297318,0b1503dbe8814b114412ba0d04f6d10d958ae15ab7817d3a8dab4413f8f7579a
1,2,k4,F8,pca_geo,0.04492560200742446,346802,297318,0b1503dbe8814b114412ba0d04f6d10d958ae15ab7817d3a8dab4413f8f7579a
1,2,k4,F8,linear_geo,0.05148109399306122,440391,297318,0b1503dbe8814b114412ba0d04f6d10d958ae15ab7817d3a8dab4413f8f7579a
1,3,k4,F8,mlp_geo,0.05031638800574001,438501,297318,0b1503dbe8814b114412ba0d04f6d10d958ae15ab7817d3a8dab4413f8f7579a
1,3,k4,F8,linear_geo,0.05415645999892149,440391,297318,0b1503dbe8814b114412ba0d04f6d10d958ae15ab7817d3a8dab4413f8f7579a
1,3,k4,F8,pca_geo,0.04509248198883142,346802,297318,0b1503dbe8814b114412ba0d04f6d10d958ae15ab7817d3a8dab4413f8f7579a
1,3,k4,F8,original_full,0.048663855995982885,440391,297318,0b1503dbe8814b114412ba0d04f6d10d958ae15ab7817d3a8dab4413f8f7579a
1,3,k4,F8,mlp_full,0.05025505099911243,440391,297318,0b1503dbe8814b114412ba0d04f6d10d958ae15ab7817d3a8dab4413f8f7579a
1,3,k4,F16,mlp_geo,0.052940491994377226,438501,297318,0b1503dbe8814b114412ba0d04f6d10d958ae15ab7817d3a8dab4413f8f7579a
1,3,k4,F16,linear_geo,0.054872024003998376,440391,297318,0b1503dbe8814b114412ba0d04f6d10d958ae15ab7817d3a8dab4413f8f7579a
1,3,k4,F16,pca_geo,0.04711237599258311,346802,297318,0b1503dbe8814b114412ba0d04f6d10d958ae15ab7817d3a8dab4413f8f7579a
1,3,k4,F16,original_full,0.053129253996303305,440391,297318,0b1503dbe8814b114412ba0d04f6d10d958ae15ab7817d3a8dab4413f8f7579a
1,3,k4,F16,mlp_full,0.05241651099640876,440391,297318,0b1503dbe8814b114412ba0d04f6d10d958ae15ab7817d3a8dab4413f8f7579a
1,0,k1024,F8,pca_geo,0.22373973300273065,413156,61458806,1aa5d88ffa1f87e75ad08af781637cb073d2c862378f6b4dcf84f2a56c3d6fe3
1,0,k1024,F8,linear_geo,0.22987123198981863,440391,61458806,1aa5d88ffa1f87e75ad08af781637cb073d2c862378f6b4dcf84f2a56c3d6fe3
1,0,k1024,F8,mlp_geo,0.21916476200567558,440342,61458806,1aa5d88ffa1f87e75ad08af781637cb073d2c862378f6b4dcf84f2a56c3d6fe3
1,0,k1024,F8,mlp_full,0.21481802099151537,440391,61458806,1aa5d88ffa1f87e75ad08af781637cb073d2c862378f6b4dcf84f2a56c3d6fe3
1,0,k1024,F8,original_full,0.2174919100070838,440391,61458806,1aa5d88ffa1f87e75ad08af781637cb073d2c862378f6b4dcf84f2a56c3d6fe3
1,0,k1024,F16,pca_geo,0.18050559300172608,413156,61458806,1aa5d88ffa1f87e75ad08af781637cb073d2c862378f6b4dcf84f2a56c3d6fe3
1,0,k1024,F16,linear_geo,0.18624208398978226,440391,61458806,1aa5d88ffa1f87e75ad08af781637cb073d2c862378f6b4dcf84f2a56c3d6fe3
1,0,k1024,F16,mlp_geo,0.18296300200745463,440342,61458806,1aa5d88ffa1f87e75ad08af781637cb073d2c862378f6b4dcf84f2a56c3d6fe3
1,0,k1024,F16,mlp_full,0.18107706001319457,440391,61458806,1aa5d88ffa1f87e75ad08af781637cb073d2c862378f6b4dcf84f2a56c3d6fe3
1,0,k1024,F16,original_full,0.18100806800066493,440391,61458806,1aa5d88ffa1f87e75ad08af781637cb073d2c862378f6b4dcf84f2a56c3d6fe3
1,1,k1024,F16,pca_geo,0.1798221209901385,413156,61458806,1aa5d88ffa1f87e75ad08af781637cb073d2c862378f6b4dcf84f2a56c3d6fe3
1,1,k1024,F16,original_full,0.18202625699632335,440391,61458806,1aa5d88ffa1f87e75ad08af781637cb073d2c862378f6b4dcf84f2a56c3d6fe3
1,1,k1024,F16,mlp_full,0.18165769800543785,440391,61458806,1aa5d88ffa1f87e75ad08af781637cb073d2c862378f6b4dcf84f2a56c3d6fe3
1,1,k1024,F16,mlp_geo,0.1818703700118931,440342,61458806,1aa5d88ffa1f87e75ad08af781637cb073d2c862378f6b4dcf84f2a56c3d6fe3
1,1,k1024,F16,linear_geo,0.18109317000198644,440391,61458806,1aa5d88ffa1f87e75ad08af781637cb073d2c862378f6b4dcf84f2a56c3d6fe3
1,1,k1024,F8,pca_geo,0.21327131800353527,413156,61458806,1aa5d88ffa1f87e75ad08af781637cb073d2c862378f6b4dcf84f2a56c3d6fe3
1,1,k1024,F8,original_full,0.21535704800044186,440391,61458806,1aa5d88ffa1f87e75ad08af781637cb073d2c862378f6b4dcf84f2a56c3d6fe3
1,1,k1024,F8,mlp_full,0.21363234099408146,440391,61458806,1aa5d88ffa1f87e75ad08af781637cb073d2c862378f6b4dcf84f2a56c3d6fe3
1,1,k1024,F8,mlp_geo,0.2167906490067253,440342,61458806,1aa5d88ffa1f87e75ad08af781637cb073d2c862378f6b4dcf84f2a56c3d6fe3
1,1,k1024,F8,linear_geo,0.21549353799491655,440391,61458806,1aa5d88ffa1f87e75ad08af781637cb073d2c862378f6b4dcf84f2a56c3d6fe3
1,2,k1024,F8,mlp_geo,0.21378493199881632,440342,61458806,1aa5d88ffa1f87e75ad08af781637cb073d2c862378f6b4dcf84f2a56c3d6fe3
1,2,k1024,F8,mlp_full,0.21521164900332224,440391,61458806,1aa5d88ffa1f87e75ad08af781637cb073d2c862378f6b4dcf84f2a56c3d6fe3
1,2,k1024,F8,original_full,0.21712063500308432,440391,61458806,1aa5d88ffa1f87e75ad08af781637cb073d2c862378f6b4dcf84f2a56c3d6fe3
1,2,k1024,F8,pca_geo,0.21717463099048473,413156,61458806,1aa5d88ffa1f87e75ad08af781637cb073d2c862378f6b4dcf84f2a56c3d6fe3
1,2,k1024,F8,linear_geo,0.21940360100416,440391,61458806,1aa5d88ffa1f87e75ad08af781637cb073d2c862378f6b4dcf84f2a56c3d6fe3
1,2,k1024,F16,mlp_geo,0.18211970500124153,440342,61458806,1aa5d88ffa1f87e75ad08af781637cb073d2c862378f6b4dcf84f2a56c3d6fe3
1,2,k1024,F16,mlp_full,0.18087103399739135,440391,61458806,1aa5d88ffa1f87e75ad08af781637cb073d2c862378f6b4dcf84f2a56c3d6fe3
1,2,k1024,F16,original_full,0.18170771599397995,440391,61458806,1aa5d88ffa1f87e75ad08af781637cb073d2c862378f6b4dcf84f2a56c3d6fe3
1,2,k1024,F16,pca_geo,0.1785954880033387,413156,61458806,1aa5d88ffa1f87e75ad08af781637cb073d2c862378f6b4dcf84f2a56c3d6fe3
1,2,k1024,F16,linear_geo,0.18380648500169627,440391,61458806,1aa5d88ffa1f87e75ad08af781637cb073d2c862378f6b4dcf84f2a56c3d6fe3
1,3,k1024,F16,mlp_geo,0.18338478599616792,440342,61458806,1aa5d88ffa1f87e75ad08af781637cb073d2c862378f6b4dcf84f2a56c3d6fe3
1,3,k1024,F16,linear_geo,0.1821379920002073,440391,61458806,1aa5d88ffa1f87e75ad08af781637cb073d2c862378f6b4dcf84f2a56c3d6fe3
1,3,k1024,F16,pca_geo,0.17826502899697516,413156,61458806,1aa5d88ffa1f87e75ad08af781637cb073d2c862378f6b4dcf84f2a56c3d6fe3
1,3,k1024,F16,original_full,0.1805796189873945,440391,61458806,1aa5d88ffa1f87e75ad08af781637cb073d2c862378f6b4dcf84f2a56c3d6fe3
1,3,k1024,F16,mlp_full,0.18266719799430575,440391,61458806,1aa5d88ffa1f87e75ad08af781637cb073d2c862378f6b4dcf84f2a56c3d6fe3
1,3,k1024,F8,mlp_geo,0.21427515600225888,440342,61458806,1aa5d88ffa1f87e75ad08af781637cb073d2c862378f6b4dcf84f2a56c3d6fe3
1,3,k1024,F8,linear_geo,0.21717893799359445,440391,61458806,1aa5d88ffa1f87e75ad08af781637cb073d2c862378f6b4dcf84f2a56c3d6fe3
1,3,k1024,F8,pca_geo,0.2144279119966086,413156,61458806,1aa5d88ffa1f87e75ad08af781637cb073d2c862378f6b4dcf84f2a56c3d6fe3
1,3,k1024,F8,original_full,0.2161472820007475,440391,61458806,1aa5d88ffa1f87e75ad08af781637cb073d2c862378f6b4dcf84f2a56c3d6fe3
1,3,k1024,F8,mlp_full,0.21559240299393423,440391,61458806,1aa5d88ffa1f87e75ad08af781637cb073d2c862378f6b4dcf84f2a56c3d6fe3
1,0,k256,F16,original_full,0.08984888199483976,440391,15429428,49160b0fece513842a1194c0aaca5b2d06de6de417533c401ac0c383b2e70611
1,0,k256,F16,pca_geo,0.0928776680084411,400071,15429428,49160b0fece513842a1194c0aaca5b2d06de6de417533c401ac0c383b2e70611
1,0,k256,F16,linear_geo,0.09115698499954306,440391,15429428,49160b0fece513842a1194c0aaca5b2d06de6de417533c401ac0c383b2e70611
1,0,k256,F16,mlp_geo,0.09067118899838533,440240,15429428,49160b0fece513842a1194c0aaca5b2d06de6de417533c401ac0c383b2e70611
1,0,k256,F16,mlp_full,0.08908189900103025,440391,15429428,49160b0fece513842a1194c0aaca5b2d06de6de417533c401ac0c383b2e70611
1,0,k256,F8,original_full,0.09294906999275554,440391,15429428,49160b0fece513842a1194c0aaca5b2d06de6de417533c401ac0c383b2e70611
1,0,k256,F8,pca_geo,0.09400325000751764,400071,15429428,49160b0fece513842a1194c0aaca5b2d06de6de417533c401ac0c383b2e70611
1,0,k256,F8,linear_geo,0.0981467350065941,440391,15429428,49160b0fece513842a1194c0aaca5b2d06de6de417533c401ac0c383b2e70611
1,0,k256,F8,mlp_geo,0.09761599100602325,440240,15429428,49160b0fece513842a1194c0aaca5b2d06de6de417533c401ac0c383b2e70611
1,0,k256,F8,mlp_full,0.09668874100316316,440391,15429428,49160b0fece513842a1194c0aaca5b2d06de6de417533c401ac0c383b2e70611
1,1,k256,F8,original_full,0.09335242200177163,440391,15429428,49160b0fece513842a1194c0aaca5b2d06de6de417533c401ac0c383b2e70611
1,1,k256,F8,mlp_full,0.09538347499619704,440391,15429428,49160b0fece513842a1194c0aaca5b2d06de6de417533c401ac0c383b2e70611
1,1,k256,F8,mlp_geo,0.097742786994786,440240,15429428,49160b0fece513842a1194c0aaca5b2d06de6de417533c401ac0c383b2e70611
1,1,k256,F8,linear_geo,0.09747905599942897,440391,15429428,49160b0fece513842a1194c0aaca5b2d06de6de417533c401ac0c383b2e70611
1,1,k256,F8,pca_geo,0.0946703640074702,400071,15429428,49160b0fece513842a1194c0aaca5b2d06de6de417533c401ac0c383b2e70611
1,1,k256,F16,original_full,0.0873237350024283,440391,15429428,49160b0fece513842a1194c0aaca5b2d06de6de417533c401ac0c383b2e70611
1,1,k256,F16,mlp_full,0.08888179399946239,440391,15429428,49160b0fece513842a1194c0aaca5b2d06de6de417533c401ac0c383b2e70611
1,1,k256,F16,mlp_geo,0.08991062399582006,440240,15429428,49160b0fece513842a1194c0aaca5b2d06de6de417533c401ac0c383b2e70611
1,1,k256,F16,linear_geo,0.09010229900013655,440391,15429428,49160b0fece513842a1194c0aaca5b2d06de6de417533c401ac0c383b2e70611
1,1,k256,F16,pca_geo,0.08673032200022135,400071,15429428,49160b0fece513842a1194c0aaca5b2d06de6de417533c401ac0c383b2e70611
1,2,k256,F16,linear_geo,0.0895434920093976,440391,15429428,49160b0fece513842a1194c0aaca5b2d06de6de417533c401ac0c383b2e70611
1,2,k256,F16,mlp_geo,0.08867192399338819,440240,15429428,49160b0fece513842a1194c0aaca5b2d06de6de417533c401ac0c383b2e70611
1,2,k256,F16,mlp_full,0.09225993198924698,440391,15429428,49160b0fece513842a1194c0aaca5b2d06de6de417533c401ac0c383b2e70611
1,2,k256,F16,original_full,0.08876567499828525,440391,15429428,49160b0fece513842a1194c0aaca5b2d06de6de417533c401ac0c383b2e70611
1,2,k256,F16,pca_geo,0.08726123700034805,400071,15429428,49160b0fece513842a1194c0aaca5b2d06de6de417533c401ac0c383b2e70611
1,2,k256,F8,linear_geo,0.09752882400061935,440391,15429428,49160b0fece513842a1194c0aaca5b2d06de6de417533c401ac0c383b2e70611
1,2,k256,F8,mlp_geo,0.09704243700252846,440240,15429428,49160b0fece513842a1194c0aaca5b2d06de6de417533c401ac0c383b2e70611
1,2,k256,F8,mlp_full,0.09660063299816102,440391,15429428,49160b0fece513842a1194c0aaca5b2d06de6de417533c401ac0c383b2e70611
1,2,k256,F8,original_full,0.09378787699097302,440391,15429428,49160b0fece513842a1194c0aaca5b2d06de6de417533c401ac0c383b2e70611
1,2,k256,F8,pca_geo,0.0939308849920053,400071,15429428,49160b0fece513842a1194c0aaca5b2d06de6de417533c401ac0c383b2e70611
1,3,k256,F8,linear_geo,0.09863023800426163,440391,15429428,49160b0fece513842a1194c0aaca5b2d06de6de417533c401ac0c383b2e70611
1,3,k256,F8,pca_geo,0.09403018000011798,400071,15429428,49160b0fece513842a1194c0aaca5b2d06de6de417533c401ac0c383b2e70611
1,3,k256,F8,original_full,0.09433398699911777,440391,15429428,49160b0fece513842a1194c0aaca5b2d06de6de417533c401ac0c383b2e70611
1,3,k256,F8,mlp_full,0.09625601199513767,440391,15429428,49160b0fece513842a1194c0aaca5b2d06de6de417533c401ac0c383b2e70611
1,3,k256,F8,mlp_geo,0.0965232620073948,440240,15429428,49160b0fece513842a1194c0aaca5b2d06de6de417533c401ac0c383b2e70611
1,3,k256,F16,linear_geo,0.0900864239956718,440391,15429428,49160b0fece513842a1194c0aaca5b2d06de6de417533c401ac0c383b2e70611
1,3,k256,F16,pca_geo,0.08623676699062344,400071,15429428,49160b0fece513842a1194c0aaca5b2d06de6de417533c401ac0c383b2e70611
1,3,k256,F16,original_full,0.08885030999954324,440391,15429428,49160b0fece513842a1194c0aaca5b2d06de6de417533c401ac0c383b2e70611
1,3,k256,F16,mlp_full,0.08842715799983125,440391,15429428,49160b0fece513842a1194c0aaca5b2d06de6de417533c401ac0c383b2e70611
1,3,k256,F16,mlp_geo,0.08928755900706165,440240,15429428,49160b0fece513842a1194c0aaca5b2d06de6de417533c401ac0c383b2e70611
1,0,original,F8,mlp_full,0.06724331100122072,440391,3926078,13cae87e6a0f75a13f3e9a7881b33c42ab77680f6d13e99dcc00fa2de5963495
1,0,original,F8,original_full,0.06447044599917717,440391,3926078,13cae87e6a0f75a13f3e9a7881b33c42ab77680f6d13e99dcc00fa2de5963495
1,0,original,F8,pca_geo,0.06439170800149441,384971,3926078,13cae87e6a0f75a13f3e9a7881b33c42ab77680f6d13e99dcc00fa2de5963495
1,0,original,F8,linear_geo,0.06858613398799207,440391,3926078,13cae87e6a0f75a13f3e9a7881b33c42ab77680f6d13e99dcc00fa2de5963495
1,0,original,F8,mlp_geo,0.06884723399707582,439988,3926078,13cae87e6a0f75a13f3e9a7881b33c42ab77680f6d13e99dcc00fa2de5963495
1,0,original,F16,mlp_full,0.06839218299137428,440391,3926078,13cae87e6a0f75a13f3e9a7881b33c42ab77680f6d13e99dcc00fa2de5963495
1,0,original,F16,original_full,0.06664764499873854,440391,3926078,13cae87e6a0f75a13f3e9a7881b33c42ab77680f6d13e99dcc00fa2de5963495
1,0,original,F16,pca_geo,0.0640981749893399,384971,3926078,13cae87e6a0f75a13f3e9a7881b33c42ab77680f6d13e99dcc00fa2de5963495
1,0,original,F16,linear_geo,0.06872512299742084,440391,3926078,13cae87e6a0f75a13f3e9a7881b33c42ab77680f6d13e99dcc00fa2de5963495
1,0,original,F16,mlp_geo,0.06860143900848925,439988,3926078,13cae87e6a0f75a13f3e9a7881b33c42ab77680f6d13e99dcc00fa2de5963495
1,1,original,F16,mlp_full,0.0672019579942571,440391,3926078,13cae87e6a0f75a13f3e9a7881b33c42ab77680f6d13e99dcc00fa2de5963495
1,1,original,F16,mlp_geo,0.06853195700387005,439988,3926078,13cae87e6a0f75a13f3e9a7881b33c42ab77680f6d13e99dcc00fa2de5963495
1,1,original,F16,linear_geo,0.06928910399437882,440391,3926078,13cae87e6a0f75a13f3e9a7881b33c42ab77680f6d13e99dcc00fa2de5963495
1,1,original,F16,pca_geo,0.0636328910040902,384971,3926078,13cae87e6a0f75a13f3e9a7881b33c42ab77680f6d13e99dcc00fa2de5963495
1,1,original,F16,original_full,0.06679307800368406,440391,3926078,13cae87e6a0f75a13f3e9a7881b33c42ab77680f6d13e99dcc00fa2de5963495
1,1,original,F8,mlp_full,0.0674444339965703,440391,3926078,13cae87e6a0f75a13f3e9a7881b33c42ab77680f6d13e99dcc00fa2de5963495
1,1,original,F8,mlp_geo,0.0671005820040591,439988,3926078,13cae87e6a0f75a13f3e9a7881b33c42ab77680f6d13e99dcc00fa2de5963495
1,1,original,F8,linear_geo,0.06785605699406005,440391,3926078,13cae87e6a0f75a13f3e9a7881b33c42ab77680f6d13e99dcc00fa2de5963495
1,1,original,F8,pca_geo,0.06386174198996741,384971,3926078,13cae87e6a0f75a13f3e9a7881b33c42ab77680f6d13e99dcc00fa2de5963495
1,1,original,F8,original_full,0.06449623499065638,440391,3926078,13cae87e6a0f75a13f3e9a7881b33c42ab77680f6d13e99dcc00fa2de5963495
1,2,original,F8,pca_geo,0.06483967699750792,384971,3926078,13cae87e6a0f75a13f3e9a7881b33c42ab77680f6d13e99dcc00fa2de5963495
1,2,original,F8,linear_geo,0.07623835800040979,440391,3926078,13cae87e6a0f75a13f3e9a7881b33c42ab77680f6d13e99dcc00fa2de5963495
1,2,original,F8,mlp_geo,0.07289395599218551,439988,3926078,13cae87e6a0f75a13f3e9a7881b33c42ab77680f6d13e99dcc00fa2de5963495
1,2,original,F8,mlp_full,0.0699845950002782,440391,3926078,13cae87e6a0f75a13f3e9a7881b33c42ab77680f6d13e99dcc00fa2de5963495
1,2,original,F8,original_full,0.06486717800726183,440391,3926078,13cae87e6a0f75a13f3e9a7881b33c42ab77680f6d13e99dcc00fa2de5963495
1,2,original,F16,pca_geo,0.06448758298938628,384971,3926078,13cae87e6a0f75a13f3e9a7881b33c42ab77680f6d13e99dcc00fa2de5963495
1,2,original,F16,linear_geo,0.06934350800293032,440391,3926078,13cae87e6a0f75a13f3e9a7881b33c42ab77680f6d13e99dcc00fa2de5963495
1,2,original,F16,mlp_geo,0.06786582799395546,439988,3926078,13cae87e6a0f75a13f3e9a7881b33c42ab77680f6d13e99dcc00fa2de5963495
1,2,original,F16,mlp_full,0.0670993880048627,440391,3926078,13cae87e6a0f75a13f3e9a7881b33c42ab77680f6d13e99dcc00fa2de5963495
1,2,original,F16,original_full,0.06635473300411832,440391,3926078,13cae87e6a0f75a13f3e9a7881b33c42ab77680f6d13e99dcc00fa2de5963495
1,3,original,F16,pca_geo,0.06406057199637871,384971,3926078,13cae87e6a0f75a13f3e9a7881b33c42ab77680f6d13e99dcc00fa2de5963495
1,3,original,F16,original_full,0.0665123240032699,440391,3926078,13cae87e6a0f75a13f3e9a7881b33c42ab77680f6d13e99dcc00fa2de5963495
1,3,original,F16,mlp_full,0.06856493800296448,440391,3926078,13cae87e6a0f75a13f3e9a7881b33c42ab77680f6d13e99dcc00fa2de5963495
1,3,original,F16,mlp_geo,0.06803470800514333,439988,3926078,13cae87e6a0f75a13f3e9a7881b33c42ab77680f6d13e99dcc00fa2de5963495
1,3,original,F16,linear_geo,0.06965971199679188,440391,3926078,13cae87e6a0f75a13f3e9a7881b33c42ab77680f6d13e99dcc00fa2de5963495
1,3,original,F8,pca_geo,0.06352563299878966,384971,3926078,13cae87e6a0f75a13f3e9a7881b33c42ab77680f6d13e99dcc00fa2de5963495
1,3,original,F8,original_full,0.06478593300562352,440391,3926078,13cae87e6a0f75a13f3e9a7881b33c42ab77680f6d13e99dcc00fa2de5963495
1,3,original,F8,mlp_full,0.0674710659950506,440391,3926078,13cae87e6a0f75a13f3e9a7881b33c42ab77680f6d13e99dcc00fa2de5963495
1,3,original,F8,mlp_geo,0.06777401699218899,439988,3926078,13cae87e6a0f75a13f3e9a7881b33c42ab77680f6d13e99dcc00fa2de5963495
1,3,original,F8,linear_geo,0.06755242799408734,440391,3926078,13cae87e6a0f75a13f3e9a7881b33c42ab77680f6d13e99dcc00fa2de5963495
1,0,k64,F16,mlp_geo,0.06243832700420171,439984,3862998,4863a23e3edeb18d5e72d89fb0e25c0dbaea17762bbc98a7159803be72407a80
1,0,k64,F16,mlp_full,0.06812909099971876,440391,3862998,4863a23e3edeb18d5e72d89fb0e25c0dbaea17762bbc98a7159803be72407a80
1,0,k64,F16,original_full,0.060065251993364654,440391,3862998,4863a23e3edeb18d5e72d89fb0e25c0dbaea17762bbc98a7159803be72407a80
1,0,k64,F16,pca_geo,0.05819729900395032,384759,3862998,4863a23e3edeb18d5e72d89fb0e25c0dbaea17762bbc98a7159803be72407a80
1,0,k64,F16,linear_geo,0.0691774919978343,440391,3862998,4863a23e3edeb18d5e72d89fb0e25c0dbaea17762bbc98a7159803be72407a80
1,0,k64,F8,mlp_geo,0.06827653200889472,439984,3862998,4863a23e3edeb18d5e72d89fb0e25c0dbaea17762bbc98a7159803be72407a80
1,0,k64,F8,mlp_full,0.06633848299679812,440391,3862998,4863a23e3edeb18d5e72d89fb0e25c0dbaea17762bbc98a7159803be72407a80
1,0,k64,F8,original_full,0.057713684989721514,440391,3862998,4863a23e3edeb18d5e72d89fb0e25c0dbaea17762bbc98a7159803be72407a80
1,0,k64,F8,pca_geo,0.05715001501084771,384759,3862998,4863a23e3edeb18d5e72d89fb0e25c0dbaea17762bbc98a7159803be72407a80
1,0,k64,F8,linear_geo,0.06727643900376279,440391,3862998,4863a23e3edeb18d5e72d89fb0e25c0dbaea17762bbc98a7159803be72407a80
1,1,k64,F8,mlp_geo,0.06725665699923411,439984,3862998,4863a23e3edeb18d5e72d89fb0e25c0dbaea17762bbc98a7159803be72407a80
1,1,k64,F8,linear_geo,0.06816106999758631,440391,3862998,4863a23e3edeb18d5e72d89fb0e25c0dbaea17762bbc98a7159803be72407a80
1,1,k64,F8,pca_geo,0.06394936100696214,384759,3862998,4863a23e3edeb18d5e72d89fb0e25c0dbaea17762bbc98a7159803be72407a80
1,1,k64,F8,original_full,0.0645864140096819,440391,3862998,4863a23e3edeb18d5e72d89fb0e25c0dbaea17762bbc98a7159803be72407a80
1,1,k64,F8,mlp_full,0.05959384200104978,440391,3862998,4863a23e3edeb18d5e72d89fb0e25c0dbaea17762bbc98a7159803be72407a80
1,1,k64,F16,mlp_geo,0.06171809400257189,439984,3862998,4863a23e3edeb18d5e72d89fb0e25c0dbaea17762bbc98a7159803be72407a80
1,1,k64,F16,linear_geo,0.06883528300386388,440391,3862998,4863a23e3edeb18d5e72d89fb0e25c0dbaea17762bbc98a7159803be72407a80
1,1,k64,F16,pca_geo,0.06375741800002288,384759,3862998,4863a23e3edeb18d5e72d89fb0e25c0dbaea17762bbc98a7159803be72407a80
1,1,k64,F16,original_full,0.0667880279943347,440391,3862998,4863a23e3edeb18d5e72d89fb0e25c0dbaea17762bbc98a7159803be72407a80
1,1,k64,F16,mlp_full,0.060845261003123596,440391,3862998,4863a23e3edeb18d5e72d89fb0e25c0dbaea17762bbc98a7159803be72407a80
1,2,k64,F16,original_full,0.05959813301160466,440391,3862998,4863a23e3edeb18d5e72d89fb0e25c0dbaea17762bbc98a7159803be72407a80
1,2,k64,F16,pca_geo,0.057315654994454235,384759,3862998,4863a23e3edeb18d5e72d89fb0e25c0dbaea17762bbc98a7159803be72407a80
1,2,k64,F16,linear_geo,0.06868187600048259,440391,3862998,4863a23e3edeb18d5e72d89fb0e25c0dbaea17762bbc98a7159803be72407a80
1,2,k64,F16,mlp_geo,0.06835782699636184,439984,3862998,4863a23e3edeb18d5e72d89fb0e25c0dbaea17762bbc98a7159803be72407a80
1,2,k64,F16,mlp_full,0.06753134301106911,440391,3862998,4863a23e3edeb18d5e72d89fb0e25c0dbaea17762bbc98a7159803be72407a80
1,2,k64,F8,original_full,0.057811577993561514,440391,3862998,4863a23e3edeb18d5e72d89fb0e25c0dbaea17762bbc98a7159803be72407a80
1,2,k64,F8,pca_geo,0.056914890999905765,384759,3862998,4863a23e3edeb18d5e72d89fb0e25c0dbaea17762bbc98a7159803be72407a80
1,2,k64,F8,linear_geo,0.06817135200253688,440391,3862998,4863a23e3edeb18d5e72d89fb0e25c0dbaea17762bbc98a7159803be72407a80
1,2,k64,F8,mlp_geo,0.06725564999214839,439984,3862998,4863a23e3edeb18d5e72d89fb0e25c0dbaea17762bbc98a7159803be72407a80
1,2,k64,F8,mlp_full,0.06710426299832761,440391,3862998,4863a23e3edeb18d5e72d89fb0e25c0dbaea17762bbc98a7159803be72407a80
1,3,k64,F8,original_full,0.057465297999442555,440391,3862998,4863a23e3edeb18d5e72d89fb0e25c0dbaea17762bbc98a7159803be72407a80
1,3,k64,F8,mlp_full,0.05981335599790327,440391,3862998,4863a23e3edeb18d5e72d89fb0e25c0dbaea17762bbc98a7159803be72407a80
1,3,k64,F8,mlp_geo,0.060933503991691396,439984,3862998,4863a23e3edeb18d5e72d89fb0e25c0dbaea17762bbc98a7159803be72407a80
1,3,k64,F8,linear_geo,0.06830945299589075,440391,3862998,4863a23e3edeb18d5e72d89fb0e25c0dbaea17762bbc98a7159803be72407a80
1,3,k64,F8,pca_geo,0.06363131098623853,384759,3862998,4863a23e3edeb18d5e72d89fb0e25c0dbaea17762bbc98a7159803be72407a80
1,3,k64,F16,original_full,0.06714156700763851,440391,3862998,4863a23e3edeb18d5e72d89fb0e25c0dbaea17762bbc98a7159803be72407a80
1,3,k64,F16,mlp_full,0.06051664699043613,440391,3862998,4863a23e3edeb18d5e72d89fb0e25c0dbaea17762bbc98a7159803be72407a80
1,3,k64,F16,mlp_geo,0.06222514699038584,439984,3862998,4863a23e3edeb18d5e72d89fb0e25c0dbaea17762bbc98a7159803be72407a80
1,3,k64,F16,linear_geo,0.06886723599745892,440391,3862998,4863a23e3edeb18d5e72d89fb0e25c0dbaea17762bbc98a7159803be72407a80
1,3,k64,F16,pca_geo,0.06384174300183076,384759,3862998,4863a23e3edeb18d5e72d89fb0e25c0dbaea17762bbc98a7159803be72407a80
1,0,k16,F8,linear_geo,0.054421233988250606,440391,1016858,b65ded9f0b0892bf0c056a679273dea504eaa5f2bee6f1b960c8de2d1248aa85
1,0,k16,F8,mlp_geo,0.05376938699919265,439459,1016858,b65ded9f0b0892bf0c056a679273dea504eaa5f2bee6f1b960c8de2d1248aa85
1,0,k16,F8,mlp_full,0.053094217000762,440391,1016858,b65ded9f0b0892bf0c056a679273dea504eaa5f2bee6f1b960c8de2d1248aa85
1,0,k16,F8,original_full,0.05126310299965553,440391,1016858,b65ded9f0b0892bf0c056a679273dea504eaa5f2bee6f1b960c8de2d1248aa85
1,0,k16,F8,pca_geo,0.04903631100023631,367280,1016858,b65ded9f0b0892bf0c056a679273dea504eaa5f2bee6f1b960c8de2d1248aa85
1,0,k16,F16,linear_geo,0.05732145899673924,440391,1016858,b65ded9f0b0892bf0c056a679273dea504eaa5f2bee6f1b960c8de2d1248aa85
1,0,k16,F16,mlp_geo,0.056923530995845795,439459,1016858,b65ded9f0b0892bf0c056a679273dea504eaa5f2bee6f1b960c8de2d1248aa85
1,0,k16,F16,mlp_full,0.055821431989897974,440391,1016858,b65ded9f0b0892bf0c056a679273dea504eaa5f2bee6f1b960c8de2d1248aa85
1,0,k16,F16,original_full,0.05590939499961678,440391,1016858,b65ded9f0b0892bf0c056a679273dea504eaa5f2bee6f1b960c8de2d1248aa85
1,0,k16,F16,pca_geo,0.051199727997300215,367280,1016858,b65ded9f0b0892bf0c056a679273dea504eaa5f2bee6f1b960c8de2d1248aa85
1,1,k16,F16,linear_geo,0.057180089002940804,440391,1016858,b65ded9f0b0892bf0c056a679273dea504eaa5f2bee6f1b960c8de2d1248aa85
1,1,k16,F16,pca_geo,0.05122117299470119,367280,1016858,b65ded9f0b0892bf0c056a679273dea504eaa5f2bee6f1b960c8de2d1248aa85
1,1,k16,F16,original_full,0.05562390899285674,440391,1016858,b65ded9f0b0892bf0c056a679273dea504eaa5f2bee6f1b960c8de2d1248aa85
1,1,k16,F16,mlp_full,0.05575794399192091,440391,1016858,b65ded9f0b0892bf0c056a679273dea504eaa5f2bee6f1b960c8de2d1248aa85
1,1,k16,F16,mlp_geo,0.05680192900763359,439459,1016858,b65ded9f0b0892bf0c056a679273dea504eaa5f2bee6f1b960c8de2d1248aa85
1,1,k16,F8,linear_geo,0.0545306959975278,440391,1016858,b65ded9f0b0892bf0c056a679273dea504eaa5f2bee6f1b960c8de2d1248aa85
1,1,k16,F8,pca_geo,0.0487288659933256,367280,1016858,b65ded9f0b0892bf0c056a679273dea504eaa5f2bee6f1b960c8de2d1248aa85
1,1,k16,F8,original_full,0.05078753500129096,440391,1016858,b65ded9f0b0892bf0c056a679273dea504eaa5f2bee6f1b960c8de2d1248aa85
1,1,k16,F8,mlp_full,0.053109680011402816,440391,1016858,b65ded9f0b0892bf0c056a679273dea504eaa5f2bee6f1b960c8de2d1248aa85
1,1,k16,F8,mlp_geo,0.05376758899365086,439459,1016858,b65ded9f0b0892bf0c056a679273dea504eaa5f2bee6f1b960c8de2d1248aa85
1,2,k16,F8,mlp_full,0.05268008400162216,440391,1016858,b65ded9f0b0892bf0c056a679273dea504eaa5f2bee6f1b960c8de2d1248aa85
1,2,k16,F8,original_full,0.05125600300380029,440391,1016858,b65ded9f0b0892bf0c056a679273dea504eaa5f2bee6f1b960c8de2d1248aa85
1,2,k16,F8,pca_geo,0.04859299999952782,367280,1016858,b65ded9f0b0892bf0c056a679273dea504eaa5f2bee6f1b960c8de2d1248aa85
1,2,k16,F8,linear_geo,0.05423300201073289,440391,1016858,b65ded9f0b0892bf0c056a679273dea504eaa5f2bee6f1b960c8de2d1248aa85
1,2,k16,F8,mlp_geo,0.053822879010112956,439459,1016858,b65ded9f0b0892bf0c056a679273dea504eaa5f2bee6f1b960c8de2d1248aa85
1,2,k16,F16,mlp_full,0.05569219699827954,440391,1016858,b65ded9f0b0892bf0c056a679273dea504eaa5f2bee6f1b960c8de2d1248aa85
1,2,k16,F16,original_full,0.05605799400655087,440391,1016858,b65ded9f0b0892bf0c056a679273dea504eaa5f2bee6f1b960c8de2d1248aa85
1,2,k16,F16,pca_geo,0.05129821799346246,367280,1016858,b65ded9f0b0892bf0c056a679273dea504eaa5f2bee6f1b960c8de2d1248aa85
1,2,k16,F16,linear_geo,0.05734853599278722,440391,1016858,b65ded9f0b0892bf0c056a679273dea504eaa5f2bee6f1b960c8de2d1248aa85
1,2,k16,F16,mlp_geo,0.058361397008411586,439459,1016858,b65ded9f0b0892bf0c056a679273dea504eaa5f2bee6f1b960c8de2d1248aa85
1,3,k16,F16,mlp_full,0.056060717994114384,440391,1016858,b65ded9f0b0892bf0c056a679273dea504eaa5f2bee6f1b960c8de2d1248aa85
1,3,k16,F16,mlp_geo,0.0569554420071654,439459,1016858,b65ded9f0b0892bf0c056a679273dea504eaa5f2bee6f1b960c8de2d1248aa85
1,3,k16,F16,linear_geo,0.05724005099909846,440391,1016858,b65ded9f0b0892bf0c056a679273dea504eaa5f2bee6f1b960c8de2d1248aa85
1,3,k16,F16,pca_geo,0.05171243799850345,367280,1016858,b65ded9f0b0892bf0c056a679273dea504eaa5f2bee6f1b960c8de2d1248aa85
1,3,k16,F16,original_full,0.05590814599418081,440391,1016858,b65ded9f0b0892bf0c056a679273dea504eaa5f2bee6f1b960c8de2d1248aa85
1,3,k16,F8,mlp_full,0.05271983900456689,440391,1016858,b65ded9f0b0892bf0c056a679273dea504eaa5f2bee6f1b960c8de2d1248aa85
1,3,k16,F8,mlp_geo,0.05382484100118745,439459,1016858,b65ded9f0b0892bf0c056a679273dea504eaa5f2bee6f1b960c8de2d1248aa85
1,3,k16,F8,linear_geo,0.05429898800502997,440391,1016858,b65ded9f0b0892bf0c056a679273dea504eaa5f2bee6f1b960c8de2d1248aa85
1,3,k16,F8,pca_geo,0.048976478006807156,367280,1016858,b65ded9f0b0892bf0c056a679273dea504eaa5f2bee6f1b960c8de2d1248aa85
1,3,k16,F8,original_full,0.051074896997306496,440391,1016858,b65ded9f0b0892bf0c056a679273dea504eaa5f2bee6f1b960c8de2d1248aa85
2,0,k64,F8,mlp_full,0.06733067199820653,440391,3862998,4863a23e3edeb18d5e72d89fb0e25c0dbaea17762bbc98a7159803be72407a80
2,0,k64,F8,original_full,0.06579748399963137,440391,3862998,4863a23e3edeb18d5e72d89fb0e25c0dbaea17762bbc98a7159803be72407a80
2,0,k64,F8,pca_geo,0.0652156569994986,384759,3862998,4863a23e3edeb18d5e72d89fb0e25c0dbaea17762bbc98a7159803be72407a80
2,0,k64,F8,linear_geo,0.06873429400729947,440391,3862998,4863a23e3edeb18d5e72d89fb0e25c0dbaea17762bbc98a7159803be72407a80
2,0,k64,F8,mlp_geo,0.06811797400587238,439984,3862998,4863a23e3edeb18d5e72d89fb0e25c0dbaea17762bbc98a7159803be72407a80
2,0,k64,F16,mlp_full,0.06805390201043338,440391,3862998,4863a23e3edeb18d5e72d89fb0e25c0dbaea17762bbc98a7159803be72407a80
2,0,k64,F16,original_full,0.06806450200383551,440391,3862998,4863a23e3edeb18d5e72d89fb0e25c0dbaea17762bbc98a7159803be72407a80
2,0,k64,F16,pca_geo,0.06544477900024503,384759,3862998,4863a23e3edeb18d5e72d89fb0e25c0dbaea17762bbc98a7159803be72407a80
2,0,k64,F16,linear_geo,0.07022556100855581,440391,3862998,4863a23e3edeb18d5e72d89fb0e25c0dbaea17762bbc98a7159803be72407a80
2,0,k64,F16,mlp_geo,0.06994822098931763,439984,3862998,4863a23e3edeb18d5e72d89fb0e25c0dbaea17762bbc98a7159803be72407a80
2,1,k64,F16,mlp_full,0.0708291419869056,440391,3862998,4863a23e3edeb18d5e72d89fb0e25c0dbaea17762bbc98a7159803be72407a80
2,1,k64,F16,mlp_geo,0.06870468199485913,439984,3862998,4863a23e3edeb18d5e72d89fb0e25c0dbaea17762bbc98a7159803be72407a80
2,1,k64,F16,linear_geo,0.07017033199372236,440391,3862998,4863a23e3edeb18d5e72d89fb0e25c0dbaea17762bbc98a7159803be72407a80
2,1,k64,F16,pca_geo,0.06474227100261487,384759,3862998,4863a23e3edeb18d5e72d89fb0e25c0dbaea17762bbc98a7159803be72407a80
2,1,k64,F16,original_full,0.068261223990703,440391,3862998,4863a23e3edeb18d5e72d89fb0e25c0dbaea17762bbc98a7159803be72407a80
2,1,k64,F8,mlp_full,0.06709195699659176,440391,3862998,4863a23e3edeb18d5e72d89fb0e25c0dbaea17762bbc98a7159803be72407a80
2,1,k64,F8,mlp_geo,0.0679230489913607,439984,3862998,4863a23e3edeb18d5e72d89fb0e25c0dbaea17762bbc98a7159803be72407a80
2,1,k64,F8,linear_geo,0.06881326700386126,440391,3862998,4863a23e3edeb18d5e72d89fb0e25c0dbaea17762bbc98a7159803be72407a80
2,1,k64,F8,pca_geo,0.06486243299150374,384759,3862998,4863a23e3edeb18d5e72d89fb0e25c0dbaea17762bbc98a7159803be72407a80
2,1,k64,F8,original_full,0.06569396000122651,440391,3862998,4863a23e3edeb18d5e72d89fb0e25c0dbaea17762bbc98a7159803be72407a80
2,2,k64,F8,pca_geo,0.0645883459947072,384759,3862998,4863a23e3edeb18d5e72d89fb0e25c0dbaea17762bbc98a7159803be72407a80
2,2,k64,F8,linear_geo,0.06956658099079505,440391,3862998,4863a23e3edeb18d5e72d89fb0e25c0dbaea17762bbc98a7159803be72407a80
2,2,k64,F8,mlp_geo,0.06791200400039088,439984,3862998,4863a23e3edeb18d5e72d89fb0e25c0dbaea17762bbc98a7159803be72407a80
2,2,k64,F8,mlp_full,0.06815975200152025,440391,3862998,4863a23e3edeb18d5e72d89fb0e25c0dbaea17762bbc98a7159803be72407a80
2,2,k64,F8,original_full,0.06548551400192082,440391,3862998,4863a23e3edeb18d5e72d89fb0e25c0dbaea17762bbc98a7159803be72407a80
2,2,k64,F16,pca_geo,0.06460472699836828,384759,3862998,4863a23e3edeb18d5e72d89fb0e25c0dbaea17762bbc98a7159803be72407a80
2,2,k64,F16,linear_geo,0.07036790900747292,440391,3862998,4863a23e3edeb18d5e72d89fb0e25c0dbaea17762bbc98a7159803be72407a80
2,2,k64,F16,mlp_geo,0.07001408899668604,439984,3862998,4863a23e3edeb18d5e72d89fb0e25c0dbaea17762bbc98a7159803be72407a80
2,2,k64,F16,mlp_full,0.06836259999545291,440391,3862998,4863a23e3edeb18d5e72d89fb0e25c0dbaea17762bbc98a7159803be72407a80
2,2,k64,F16,original_full,0.06788356699689757,440391,3862998,4863a23e3edeb18d5e72d89fb0e25c0dbaea17762bbc98a7159803be72407a80
2,3,k64,F16,pca_geo,0.06490499600477051,384759,3862998,4863a23e3edeb18d5e72d89fb0e25c0dbaea17762bbc98a7159803be72407a80
2,3,k64,F16,original_full,0.06759730499470606,440391,3862998,4863a23e3edeb18d5e72d89fb0e25c0dbaea17762bbc98a7159803be72407a80
2,3,k64,F16,mlp_full,0.06831526500172913,440391,3862998,4863a23e3edeb18d5e72d89fb0e25c0dbaea17762bbc98a7159803be72407a80
2,3,k64,F16,mlp_geo,0.0691900399979204,439984,3862998,4863a23e3edeb18d5e72d89fb0e25c0dbaea17762bbc98a7159803be72407a80
2,3,k64,F16,linear_geo,0.07026470499113202,440391,3862998,4863a23e3edeb18d5e72d89fb0e25c0dbaea17762bbc98a7159803be72407a80
2,3,k64,F8,pca_geo,0.06452626900863834,384759,3862998,4863a23e3edeb18d5e72d89fb0e25c0dbaea17762bbc98a7159803be72407a80
2,3,k64,F8,original_full,0.06470617900777142,440391,3862998,4863a23e3edeb18d5e72d89fb0e25c0dbaea17762bbc98a7159803be72407a80
2,3,k64,F8,mlp_full,0.06751279400486965,440391,3862998,4863a23e3edeb18d5e72d89fb0e25c0dbaea17762bbc98a7159803be72407a80
2,3,k64,F8,mlp_geo,0.06812682900635991,439984,3862998,4863a23e3edeb18d5e72d89fb0e25c0dbaea17762bbc98a7159803be72407a80
2,3,k64,F8,linear_geo,0.06936982000479475,440391,3862998,4863a23e3edeb18d5e72d89fb0e25c0dbaea17762bbc98a7159803be72407a80
2,0,original,F16,original_full,0.07237774999521207,440391,3926078,13cae87e6a0f75a13f3e9a7881b33c42ab77680f6d13e99dcc00fa2de5963495
2,0,original,F16,pca_geo,0.07178045099135488,384971,3926078,13cae87e6a0f75a13f3e9a7881b33c42ab77680f6d13e99dcc00fa2de5963495
2,0,original,F16,linear_geo,0.07730068601085804,440391,3926078,13cae87e6a0f75a13f3e9a7881b33c42ab77680f6d13e99dcc00fa2de5963495
2,0,original,F16,mlp_geo,0.07630448299460113,439988,3926078,13cae87e6a0f75a13f3e9a7881b33c42ab77680f6d13e99dcc00fa2de5963495
2,0,original,F16,mlp_full,0.07577114099694882,440391,3926078,13cae87e6a0f75a13f3e9a7881b33c42ab77680f6d13e99dcc00fa2de5963495
2,0,original,F8,original_full,0.07146097499935422,440391,3926078,13cae87e6a0f75a13f3e9a7881b33c42ab77680f6d13e99dcc00fa2de5963495
2,0,original,F8,pca_geo,0.07105677100480534,384971,3926078,13cae87e6a0f75a13f3e9a7881b33c42ab77680f6d13e99dcc00fa2de5963495
2,0,original,F8,linear_geo,0.07576157800212968,440391,3926078,13cae87e6a0f75a13f3e9a7881b33c42ab77680f6d13e99dcc00fa2de5963495
2,0,original,F8,mlp_geo,0.07571486498636659,439988,3926078,13cae87e6a0f75a13f3e9a7881b33c42ab77680f6d13e99dcc00fa2de5963495
2,0,original,F8,mlp_full,0.06751152100332547,440391,3926078,13cae87e6a0f75a13f3e9a7881b33c42ab77680f6d13e99dcc00fa2de5963495
2,1,original,F8,original_full,0.06487053500313777,440391,3926078,13cae87e6a0f75a13f3e9a7881b33c42ab77680f6d13e99dcc00fa2de5963495
2,1,original,F8,mlp_full,0.06794211200030986,440391,3926078,13cae87e6a0f75a13f3e9a7881b33c42ab77680f6d13e99dcc00fa2de5963495
2,1,original,F8,mlp_geo,0.06797553499927744,439988,3926078,13cae87e6a0f75a13f3e9a7881b33c42ab77680f6d13e99dcc00fa2de5963495
2,1,original,F8,linear_geo,0.06807190600375179,440391,3926078,13cae87e6a0f75a13f3e9a7881b33c42ab77680f6d13e99dcc00fa2de5963495
2,1,original,F8,pca_geo,0.06429015299363527,384971,3926078,13cae87e6a0f75a13f3e9a7881b33c42ab77680f6d13e99dcc00fa2de5963495
2,1,original,F16,original_full,0.06771884599584155,440391,3926078,13cae87e6a0f75a13f3e9a7881b33c42ab77680f6d13e99dcc00fa2de5963495
2,1,original,F16,mlp_full,0.06840949899924453,440391,3926078,13cae87e6a0f75a13f3e9a7881b33c42ab77680f6d13e99dcc00fa2de5963495
2,1,original,F16,mlp_geo,0.06967878800060134,439988,3926078,13cae87e6a0f75a13f3e9a7881b33c42ab77680f6d13e99dcc00fa2de5963495
2,1,original,F16,linear_geo,0.06919120899692643,440391,3926078,13cae87e6a0f75a13f3e9a7881b33c42ab77680f6d13e99dcc00fa2de5963495
2,1,original,F16,pca_geo,0.06466968500171788,384971,3926078,13cae87e6a0f75a13f3e9a7881b33c42ab77680f6d13e99dcc00fa2de5963495
2,2,original,F16,linear_geo,0.06895900699601043,440391,3926078,13cae87e6a0f75a13f3e9a7881b33c42ab77680f6d13e99dcc00fa2de5963495
2,2,original,F16,mlp_geo,0.06902596900181379,439988,3926078,13cae87e6a0f75a13f3e9a7881b33c42ab77680f6d13e99dcc00fa2de5963495
2,2,original,F16,mlp_full,0.06772656600514892,440391,3926078,13cae87e6a0f75a13f3e9a7881b33c42ab77680f6d13e99dcc00fa2de5963495
2,2,original,F16,original_full,0.06735022299108095,440391,3926078,13cae87e6a0f75a13f3e9a7881b33c42ab77680f6d13e99dcc00fa2de5963495
2,2,original,F16,pca_geo,0.06395253300433978,384971,3926078,13cae87e6a0f75a13f3e9a7881b33c42ab77680f6d13e99dcc00fa2de5963495
2,2,original,F8,linear_geo,0.06849787400278728,440391,3926078,13cae87e6a0f75a13f3e9a7881b33c42ab77680f6d13e99dcc00fa2de5963495
2,2,original,F8,mlp_geo,0.0681506190012442,439988,3926078,13cae87e6a0f75a13f3e9a7881b33c42ab77680f6d13e99dcc00fa2de5963495
2,2,original,F8,mlp_full,0.06693532300414518,440391,3926078,13cae87e6a0f75a13f3e9a7881b33c42ab77680f6d13e99dcc00fa2de5963495
2,2,original,F8,original_full,0.06530969199957326,440391,3926078,13cae87e6a0f75a13f3e9a7881b33c42ab77680f6d13e99dcc00fa2de5963495
2,2,original,F8,pca_geo,0.06441722500312608,384971,3926078,13cae87e6a0f75a13f3e9a7881b33c42ab77680f6d13e99dcc00fa2de5963495
2,3,original,F8,linear_geo,0.06874032500491012,440391,3926078,13cae87e6a0f75a13f3e9a7881b33c42ab77680f6d13e99dcc00fa2de5963495
2,3,original,F8,pca_geo,0.06364755499816965,384971,3926078,13cae87e6a0f75a13f3e9a7881b33c42ab77680f6d13e99dcc00fa2de5963495
2,3,original,F8,original_full,0.06466439300857019,440391,3926078,13cae87e6a0f75a13f3e9a7881b33c42ab77680f6d13e99dcc00fa2de5963495
2,3,original,F8,mlp_full,0.06655301399587188,440391,3926078,13cae87e6a0f75a13f3e9a7881b33c42ab77680f6d13e99dcc00fa2de5963495
2,3,original,F8,mlp_geo,0.0680707489955239,439988,3926078,13cae87e6a0f75a13f3e9a7881b33c42ab77680f6d13e99dcc00fa2de5963495
2,3,original,F16,linear_geo,0.06885146099375561,440391,3926078,13cae87e6a0f75a13f3e9a7881b33c42ab77680f6d13e99dcc00fa2de5963495
2,3,original,F16,pca_geo,0.06459931000426877,384971,3926078,13cae87e6a0f75a13f3e9a7881b33c42ab77680f6d13e99dcc00fa2de5963495
2,3,original,F16,original_full,0.06722286601143423,440391,3926078,13cae87e6a0f75a13f3e9a7881b33c42ab77680f6d13e99dcc00fa2de5963495
2,3,original,F16,mlp_full,0.06830817200534511,440391,3926078,13cae87e6a0f75a13f3e9a7881b33c42ab77680f6d13e99dcc00fa2de5963495
2,3,original,F16,mlp_geo,0.06918484800553415,439988,3926078,13cae87e6a0f75a13f3e9a7881b33c42ab77680f6d13e99dcc00fa2de5963495
2,0,k256,F8,pca_geo,0.09465188199828845,400071,15429428,49160b0fece513842a1194c0aaca5b2d06de6de417533c401ac0c383b2e70611
2,0,k256,F8,linear_geo,0.09711708599934354,440391,15429428,49160b0fece513842a1194c0aaca5b2d06de6de417533c401ac0c383b2e70611
2,0,k256,F8,mlp_geo,0.09744904800027143,440240,15429428,49160b0fece513842a1194c0aaca5b2d06de6de417533c401ac0c383b2e70611
2,0,k256,F8,mlp_full,0.09659368600114249,440391,15429428,49160b0fece513842a1194c0aaca5b2d06de6de417533c401ac0c383b2e70611
2,0,k256,F8,original_full,0.09490877798816655,440391,15429428,49160b0fece513842a1194c0aaca5b2d06de6de417533c401ac0c383b2e70611
2,0,k256,F16,pca_geo,0.08643899200251326,400071,15429428,49160b0fece513842a1194c0aaca5b2d06de6de417533c401ac0c383b2e70611
2,0,k256,F16,linear_geo,0.09000682999612764,440391,15429428,49160b0fece513842a1194c0aaca5b2d06de6de417533c401ac0c383b2e70611
2,0,k256,F16,mlp_geo,0.09022923400334548,440240,15429428,49160b0fece513842a1194c0aaca5b2d06de6de417533c401ac0c383b2e70611
2,0,k256,F16,mlp_full,0.08989598500193097,440391,15429428,49160b0fece513842a1194c0aaca5b2d06de6de417533c401ac0c383b2e70611
2,0,k256,F16,original_full,0.08750530600082129,440391,15429428,49160b0fece513842a1194c0aaca5b2d06de6de417533c401ac0c383b2e70611
2,1,k256,F16,pca_geo,0.08577725799113978,400071,15429428,49160b0fece513842a1194c0aaca5b2d06de6de417533c401ac0c383b2e70611
2,1,k256,F16,original_full,0.08872442599385977,440391,15429428,49160b0fece513842a1194c0aaca5b2d06de6de417533c401ac0c383b2e70611
2,1,k256,F16,mlp_full,0.09670886900858022,440391,15429428,49160b0fece513842a1194c0aaca5b2d06de6de417533c401ac0c383b2e70611
2,1,k256,F16,mlp_geo,0.09771350098890252,440240,15429428,49160b0fece513842a1194c0aaca5b2d06de6de417533c401ac0c383b2e70611
2,1,k256,F16,linear_geo,0.09188837799592875,440391,15429428,49160b0fece513842a1194c0aaca5b2d06de6de417533c401ac0c383b2e70611
2,1,k256,F8,pca_geo,0.09499196000979282,400071,15429428,49160b0fece513842a1194c0aaca5b2d06de6de417533c401ac0c383b2e70611
2,1,k256,F8,original_full,0.09461152298899833,440391,15429428,49160b0fece513842a1194c0aaca5b2d06de6de417533c401ac0c383b2e70611
2,1,k256,F8,mlp_full,0.0968688159919111,440391,15429428,49160b0fece513842a1194c0aaca5b2d06de6de417533c401ac0c383b2e70611
2,1,k256,F8,mlp_geo,0.09801605700340588,440240,15429428,49160b0fece513842a1194c0aaca5b2d06de6de417533c401ac0c383b2e70611
2,1,k256,F8,linear_geo,0.09870469098677859,440391,15429428,49160b0fece513842a1194c0aaca5b2d06de6de417533c401ac0c383b2e70611
2,2,k256,F8,mlp_geo,0.09845109000161756,440240,15429428,49160b0fece513842a1194c0aaca5b2d06de6de417533c401ac0c383b2e70611
2,2,k256,F8,mlp_full,0.09687501400185283,440391,15429428,49160b0fece513842a1194c0aaca5b2d06de6de417533c401ac0c383b2e70611
2,2,k256,F8,original_full,0.09442214699811302,440391,15429428,49160b0fece513842a1194c0aaca5b2d06de6de417533c401ac0c383b2e70611
2,2,k256,F8,pca_geo,0.09488590199907776,400071,15429428,49160b0fece513842a1194c0aaca5b2d06de6de417533c401ac0c383b2e70611
2,2,k256,F8,linear_geo,0.09916877299838234,440391,15429428,49160b0fece513842a1194c0aaca5b2d06de6de417533c401ac0c383b2e70611
2,2,k256,F16,mlp_geo,0.09071162399777677,440240,15429428,49160b0fece513842a1194c0aaca5b2d06de6de417533c401ac0c383b2e70611
2,2,k256,F16,mlp_full,0.09010365299764089,440391,15429428,49160b0fece513842a1194c0aaca5b2d06de6de417533c401ac0c383b2e70611
2,2,k256,F16,original_full,0.08756340999389067,440391,15429428,49160b0fece513842a1194c0aaca5b2d06de6de417533c401ac0c383b2e70611
2,2,k256,F16,pca_geo,0.0878214849944925,400071,15429428,49160b0fece513842a1194c0aaca5b2d06de6de417533c401ac0c383b2e70611
2,2,k256,F16,linear_geo,0.09186629198666196,440391,15429428,49160b0fece513842a1194c0aaca5b2d06de6de417533c401ac0c383b2e70611
2,3,k256,F16,mlp_geo,0.09166550199734047,440240,15429428,49160b0fece513842a1194c0aaca5b2d06de6de417533c401ac0c383b2e70611
2,3,k256,F16,linear_geo,0.09102174600411672,440391,15429428,49160b0fece513842a1194c0aaca5b2d06de6de417533c401ac0c383b2e70611
2,3,k256,F16,pca_geo,0.08712848401046358,400071,15429428,49160b0fece513842a1194c0aaca5b2d06de6de417533c401ac0c383b2e70611
2,3,k256,F16,original_full,0.08907514699967578,440391,15429428,49160b0fece513842a1194c0aaca5b2d06de6de417533c401ac0c383b2e70611
2,3,k256,F16,mlp_full,0.08973286900436506,440391,15429428,49160b0fece513842a1194c0aaca5b2d06de6de417533c401ac0c383b2e70611
2,3,k256,F8,mlp_geo,0.09803584399924148,440240,15429428,49160b0fece513842a1194c0aaca5b2d06de6de417533c401ac0c383b2e70611
2,3,k256,F8,linear_geo,0.10005855599592905,440391,15429428,49160b0fece513842a1194c0aaca5b2d06de6de417533c401ac0c383b2e70611
2,3,k256,F8,pca_geo,0.09498599299695343,400071,15429428,49160b0fece513842a1194c0aaca5b2d06de6de417533c401ac0c383b2e70611
2,3,k256,F8,original_full,0.0954028029955225,440391,15429428,49160b0fece513842a1194c0aaca5b2d06de6de417533c401ac0c383b2e70611
2,3,k256,F8,mlp_full,0.09791627500089817,440391,15429428,49160b0fece513842a1194c0aaca5b2d06de6de417533c401ac0c383b2e70611
2,0,k1024,F16,linear_geo,0.18507301699719392,440391,61458806,1aa5d88ffa1f87e75ad08af781637cb073d2c862378f6b4dcf84f2a56c3d6fe3
2,0,k1024,F16,mlp_geo,0.1832908139913343,440342,61458806,1aa5d88ffa1f87e75ad08af781637cb073d2c862378f6b4dcf84f2a56c3d6fe3
2,0,k1024,F16,mlp_full,0.18572838700492866,440391,61458806,1aa5d88ffa1f87e75ad08af781637cb073d2c862378f6b4dcf84f2a56c3d6fe3
2,0,k1024,F16,original_full,0.1820950129913399,440391,61458806,1aa5d88ffa1f87e75ad08af781637cb073d2c862378f6b4dcf84f2a56c3d6fe3
2,0,k1024,F16,pca_geo,0.18169648900220636,413156,61458806,1aa5d88ffa1f87e75ad08af781637cb073d2c862378f6b4dcf84f2a56c3d6fe3
2,0,k1024,F8,linear_geo,0.2208728709956631,440391,61458806,1aa5d88ffa1f87e75ad08af781637cb073d2c862378f6b4dcf84f2a56c3d6fe3
2,0,k1024,F8,mlp_geo,0.2255670370068401,440342,61458806,1aa5d88ffa1f87e75ad08af781637cb073d2c862378f6b4dcf84f2a56c3d6fe3
2,0,k1024,F8,mlp_full,0.21848424499330577,440391,61458806,1aa5d88ffa1f87e75ad08af781637cb073d2c862378f6b4dcf84f2a56c3d6fe3
2,0,k1024,F8,original_full,0.22200902200711425,440391,61458806,1aa5d88ffa1f87e75ad08af781637cb073d2c862378f6b4dcf84f2a56c3d6fe3
2,0,k1024,F8,pca_geo,0.21769838299951516,413156,61458806,1aa5d88ffa1f87e75ad08af781637cb073d2c862378f6b4dcf84f2a56c3d6fe3
2,1,k1024,F8,linear_geo,0.22171409000293352,440391,61458806,1aa5d88ffa1f87e75ad08af781637cb073d2c862378f6b4dcf84f2a56c3d6fe3
2,1,k1024,F8,pca_geo,0.21467007999308407,413156,61458806,1aa5d88ffa1f87e75ad08af781637cb073d2c862378f6b4dcf84f2a56c3d6fe3
2,1,k1024,F8,original_full,0.21886658000585157,440391,61458806,1aa5d88ffa1f87e75ad08af781637cb073d2c862378f6b4dcf84f2a56c3d6fe3
2,1,k1024,F8,mlp_full,0.21755751401360612,440391,61458806,1aa5d88ffa1f87e75ad08af781637cb073d2c862378f6b4dcf84f2a56c3d6fe3
2,1,k1024,F8,mlp_geo,0.2196545480110217,440342,61458806,1aa5d88ffa1f87e75ad08af781637cb073d2c862378f6b4dcf84f2a56c3d6fe3
2,1,k1024,F16,linear_geo,0.18500702000164893,440391,61458806,1aa5d88ffa1f87e75ad08af781637cb073d2c862378f6b4dcf84f2a56c3d6fe3
2,1,k1024,F16,pca_geo,0.17939589399611577,413156,61458806,1aa5d88ffa1f87e75ad08af781637cb073d2c862378f6b4dcf84f2a56c3d6fe3
2,1,k1024,F16,original_full,0.18233030100236647,440391,61458806,1aa5d88ffa1f87e75ad08af781637cb073d2c862378f6b4dcf84f2a56c3d6fe3
2,1,k1024,F16,mlp_full,0.18185138600529172,440391,61458806,1aa5d88ffa1f87e75ad08af781637cb073d2c862378f6b4dcf84f2a56c3d6fe3
2,1,k1024,F16,mlp_geo,0.18352289299946278,440342,61458806,1aa5d88ffa1f87e75ad08af781637cb073d2c862378f6b4dcf84f2a56c3d6fe3
2,2,k1024,F16,mlp_full,0.18061236799985636,440391,61458806,1aa5d88ffa1f87e75ad08af781637cb073d2c862378f6b4dcf84f2a56c3d6fe3
2,2,k1024,F16,original_full,0.18146761300158687,440391,61458806,1aa5d88ffa1f87e75ad08af781637cb073d2c862378f6b4dcf84f2a56c3d6fe3
2,2,k1024,F16,pca_geo,0.17955516300571617,413156,61458806,1aa5d88ffa1f87e75ad08af781637cb073d2c862378f6b4dcf84f2a56c3d6fe3
2,2,k1024,F16,linear_geo,0.18390568299219012,440391,61458806,1aa5d88ffa1f87e75ad08af781637cb073d2c862378f6b4dcf84f2a56c3d6fe3
2,2,k1024,F16,mlp_geo,0.18233185599092394,440342,61458806,1aa5d88ffa1f87e75ad08af781637cb073d2c862378f6b4dcf84f2a56c3d6fe3
2,2,k1024,F8,mlp_full,0.21562922399607487,440391,61458806,1aa5d88ffa1f87e75ad08af781637cb073d2c862378f6b4dcf84f2a56c3d6fe3
2,2,k1024,F8,original_full,0.21945271000731736,440391,61458806,1aa5d88ffa1f87e75ad08af781637cb073d2c862378f6b4dcf84f2a56c3d6fe3
2,2,k1024,F8,pca_geo,0.21143470300012268,413156,61458806,1aa5d88ffa1f87e75ad08af781637cb073d2c862378f6b4dcf84f2a56c3d6fe3
2,2,k1024,F8,linear_geo,0.21922397500020452,440391,61458806,1aa5d88ffa1f87e75ad08af781637cb073d2c862378f6b4dcf84f2a56c3d6fe3
2,2,k1024,F8,mlp_geo,0.21753592599998228,440342,61458806,1aa5d88ffa1f87e75ad08af781637cb073d2c862378f6b4dcf84f2a56c3d6fe3
2,3,k1024,F8,mlp_full,0.218186138998135,440391,61458806,1aa5d88ffa1f87e75ad08af781637cb073d2c862378f6b4dcf84f2a56c3d6fe3
2,3,k1024,F8,mlp_geo,0.21888738698908128,440342,61458806,1aa5d88ffa1f87e75ad08af781637cb073d2c862378f6b4dcf84f2a56c3d6fe3
2,3,k1024,F8,linear_geo,0.2182054459990468,440391,61458806,1aa5d88ffa1f87e75ad08af781637cb073d2c862378f6b4dcf84f2a56c3d6fe3
2,3,k1024,F8,pca_geo,0.21593457799463067,413156,61458806,1aa5d88ffa1f87e75ad08af781637cb073d2c862378f6b4dcf84f2a56c3d6fe3
2,3,k1024,F8,original_full,0.21917074899829458,440391,61458806,1aa5d88ffa1f87e75ad08af781637cb073d2c862378f6b4dcf84f2a56c3d6fe3
2,3,k1024,F16,mlp_full,0.18203851199359633,440391,61458806,1aa5d88ffa1f87e75ad08af781637cb073d2c862378f6b4dcf84f2a56c3d6fe3
2,3,k1024,F16,mlp_geo,0.18336164399806876,440342,61458806,1aa5d88ffa1f87e75ad08af781637cb073d2c862378f6b4dcf84f2a56c3d6fe3
2,3,k1024,F16,linear_geo,0.19407371200213674,440391,61458806,1aa5d88ffa1f87e75ad08af781637cb073d2c862378f6b4dcf84f2a56c3d6fe3
2,3,k1024,F16,pca_geo,0.1818215160019463,413156,61458806,1aa5d88ffa1f87e75ad08af781637cb073d2c862378f6b4dcf84f2a56c3d6fe3
2,3,k1024,F16,original_full,0.1824526990094455,440391,61458806,1aa5d88ffa1f87e75ad08af781637cb073d2c862378f6b4dcf84f2a56c3d6fe3
2,0,k4,F8,linear_geo,0.05222903900721576,440391,297318,0b1503dbe8814b114412ba0d04f6d10d958ae15ab7817d3a8dab4413f8f7579a
2,0,k4,F8,mlp_geo,0.052100968998274766,438501,297318,0b1503dbe8814b114412ba0d04f6d10d958ae15ab7817d3a8dab4413f8f7579a
2,0,k4,F8,mlp_full,0.050765100997523405,440391,297318,0b1503dbe8814b114412ba0d04f6d10d958ae15ab7817d3a8dab4413f8f7579a
2,0,k4,F8,original_full,0.04926103600882925,440391,297318,0b1503dbe8814b114412ba0d04f6d10d958ae15ab7817d3a8dab4413f8f7579a
2,0,k4,F8,pca_geo,0.04536237601132598,346802,297318,0b1503dbe8814b114412ba0d04f6d10d958ae15ab7817d3a8dab4413f8f7579a
2,0,k4,F16,linear_geo,0.055333816999336705,440391,297318,0b1503dbe8814b114412ba0d04f6d10d958ae15ab7817d3a8dab4413f8f7579a
2,0,k4,F16,mlp_geo,0.05450423699221574,438501,297318,0b1503dbe8814b114412ba0d04f6d10d958ae15ab7817d3a8dab4413f8f7579a
2,0,k4,F16,mlp_full,0.05386536799778696,440391,297318,0b1503dbe8814b114412ba0d04f6d10d958ae15ab7817d3a8dab4413f8f7579a
2,0,k4,F16,original_full,0.05408318700210657,440391,297318,0b1503dbe8814b114412ba0d04f6d10d958ae15ab7817d3a8dab4413f8f7579a
2,0,k4,F16,pca_geo,0.0476614749932196,346802,297318,0b1503dbe8814b114412ba0d04f6d10d958ae15ab7817d3a8dab4413f8f7579a
2,1,k4,F16,linear_geo,0.05538680600875523,440391,297318,0b1503dbe8814b114412ba0d04f6d10d958ae15ab7817d3a8dab4413f8f7579a
2,1,k4,F16,pca_geo,0.047578554003848694,346802,297318,0b1503dbe8814b114412ba0d04f6d10d958ae15ab7817d3a8dab4413f8f7579a
2,1,k4,F16,original_full,0.054041982992202975,440391,297318,0b1503dbe8814b114412ba0d04f6d10d958ae15ab7817d3a8dab4413f8f7579a
2,1,k4,F16,mlp_full,0.05336970700591337,440391,297318,0b1503dbe8814b114412ba0d04f6d10d958ae15ab7817d3a8dab4413f8f7579a
2,1,k4,F16,mlp_geo,0.053894323005806655,438501,297318,0b1503dbe8814b114412ba0d04f6d10d958ae15ab7817d3a8dab4413f8f7579a
2,1,k4,F8,linear_geo,0.0520117330015637,440391,297318,0b1503dbe8814b114412ba0d04f6d10d958ae15ab7817d3a8dab4413f8f7579a
2,1,k4,F8,pca_geo,0.04533522699784953,346802,297318,0b1503dbe8814b114412ba0d04f6d10d958ae15ab7817d3a8dab4413f8f7579a
2,1,k4,F8,original_full,0.04924770101206377,440391,297318,0b1503dbe8814b114412ba0d04f6d10d958ae15ab7817d3a8dab4413f8f7579a
2,1,k4,F8,mlp_full,0.05032763599592727,440391,297318,0b1503dbe8814b114412ba0d04f6d10d958ae15ab7817d3a8dab4413f8f7579a
2,1,k4,F8,mlp_geo,0.05111508799018338,438501,297318,0b1503dbe8814b114412ba0d04f6d10d958ae15ab7817d3a8dab4413f8f7579a
2,2,k4,F8,mlp_full,0.050275241999770515,440391,297318,0b1503dbe8814b114412ba0d04f6d10d958ae15ab7817d3a8dab4413f8f7579a
2,2,k4,F8,original_full,0.04919206201157067,440391,297318,0b1503dbe8814b114412ba0d04f6d10d958ae15ab7817d3a8dab4413f8f7579a
2,2,k4,F8,pca_geo,0.04528659499192145,346802,297318,0b1503dbe8814b114412ba0d04f6d10d958ae15ab7817d3a8dab4413f8f7579a
2,2,k4,F8,linear_geo,0.051983735000249,440391,297318,0b1503dbe8814b114412ba0d04f6d10d958ae15ab7817d3a8dab4413f8f7579a
2,2,k4,F8,mlp_geo,0.05099005100782961,438501,297318,0b1503dbe8814b114412ba0d04f6d10d958ae15ab7817d3a8dab4413f8f7579a
2,2,k4,F16,mlp_full,0.053190907012321986,440391,297318,0b1503dbe8814b114412ba0d04f6d10d958ae15ab7817d3a8dab4413f8f7579a
2,2,k4,F16,original_full,0.05396471401036251,440391,297318,0b1503dbe8814b114412ba0d04f6d10d958ae15ab7817d3a8dab4413f8f7579a
2,2,k4,F16,pca_geo,0.04724579899630044,346802,297318,0b1503dbe8814b114412ba0d04f6d10d958ae15ab7817d3a8dab4413f8f7579a
2,2,k4,F16,linear_geo,0.05508888799522538,440391,297318,0b1503dbe8814b114412ba0d04f6d10d958ae15ab7817d3a8dab4413f8f7579a
2,2,k4,F16,mlp_geo,0.05369035300100222,438501,297318,0b1503dbe8814b114412ba0d04f6d10d958ae15ab7817d3a8dab4413f8f7579a
2,3,k4,F16,mlp_full,0.05306888600171078,440391,297318,0b1503dbe8814b114412ba0d04f6d10d958ae15ab7817d3a8dab4413f8f7579a
2,3,k4,F16,mlp_geo,0.053773146006278694,438501,297318,0b1503dbe8814b114412ba0d04f6d10d958ae15ab7817d3a8dab4413f8f7579a
2,3,k4,F16,linear_geo,0.0552055680018384,440391,297318,0b1503dbe8814b114412ba0d04f6d10d958ae15ab7817d3a8dab4413f8f7579a
2,3,k4,F16,pca_geo,0.04731514400918968,346802,297318,0b1503dbe8814b114412ba0d04f6d10d958ae15ab7817d3a8dab4413f8f7579a
2,3,k4,F16,original_full,0.05361315699701663,440391,297318,0b1503dbe8814b114412ba0d04f6d10d958ae15ab7817d3a8dab4413f8f7579a
2,3,k4,F8,mlp_full,0.04987031100608874,440391,297318,0b1503dbe8814b114412ba0d04f6d10d958ae15ab7817d3a8dab4413f8f7579a
2,3,k4,F8,mlp_geo,0.050689225012320094,438501,297318,0b1503dbe8814b114412ba0d04f6d10d958ae15ab7817d3a8dab4413f8f7579a
2,3,k4,F8,linear_geo,0.05196419499407057,440391,297318,0b1503dbe8814b114412ba0d04f6d10d958ae15ab7817d3a8dab4413f8f7579a
2,3,k4,F8,pca_geo,0.04517879900231492,346802,297318,0b1503dbe8814b114412ba0d04f6d10d958ae15ab7817d3a8dab4413f8f7579a
2,3,k4,F8,original_full,0.048944834008580074,440391,297318,0b1503dbe8814b114412ba0d04f6d10d958ae15ab7817d3a8dab4413f8f7579a
2,0,k16,F16,mlp_geo,0.056855236005503684,439459,1016858,b65ded9f0b0892bf0c056a679273dea504eaa5f2bee6f1b960c8de2d1248aa85
2,0,k16,F16,mlp_full,0.055954234005184844,440391,1016858,b65ded9f0b0892bf0c056a679273dea504eaa5f2bee6f1b960c8de2d1248aa85
2,0,k16,F16,original_full,0.05636878601217177,440391,1016858,b65ded9f0b0892bf0c056a679273dea504eaa5f2bee6f1b960c8de2d1248aa85
2,0,k16,F16,pca_geo,0.051404914003796875,367280,1016858,b65ded9f0b0892bf0c056a679273dea504eaa5f2bee6f1b960c8de2d1248aa85
2,0,k16,F16,linear_geo,0.0575299750053091,440391,1016858,b65ded9f0b0892bf0c056a679273dea504eaa5f2bee6f1b960c8de2d1248aa85
2,0,k16,F8,mlp_geo,0.053951580994180404,439459,1016858,b65ded9f0b0892bf0c056a679273dea504eaa5f2bee6f1b960c8de2d1248aa85
2,0,k16,F8,mlp_full,0.05317092200857587,440391,1016858,b65ded9f0b0892bf0c056a679273dea504eaa5f2bee6f1b960c8de2d1248aa85
2,0,k16,F8,original_full,0.05170702798932325,440391,1016858,b65ded9f0b0892bf0c056a679273dea504eaa5f2bee6f1b960c8de2d1248aa85
2,0,k16,F8,pca_geo,0.04894775401044171,367280,1016858,b65ded9f0b0892bf0c056a679273dea504eaa5f2bee6f1b960c8de2d1248aa85
2,0,k16,F8,linear_geo,0.0543726440082537,440391,1016858,b65ded9f0b0892bf0c056a679273dea504eaa5f2bee6f1b960c8de2d1248aa85
2,1,k16,F8,mlp_geo,0.05389762099366635,439459,1016858,b65ded9f0b0892bf0c056a679273dea504eaa5f2bee6f1b960c8de2d1248aa85
2,1,k16,F8,linear_geo,0.05459773598704487,440391,1016858,b65ded9f0b0892bf0c056a679273dea504eaa5f2bee6f1b960c8de2d1248aa85
2,1,k16,F8,pca_geo,0.04900327399082016,367280,1016858,b65ded9f0b0892bf0c056a679273dea504eaa5f2bee6f1b960c8de2d1248aa85
2,1,k16,F8,original_full,0.051667034000274725,440391,1016858,b65ded9f0b0892bf0c056a679273dea504eaa5f2bee6f1b960c8de2d1248aa85
2,1,k16,F8,mlp_full,0.05307865400391165,440391,1016858,b65ded9f0b0892bf0c056a679273dea504eaa5f2bee6f1b960c8de2d1248aa85
2,1,k16,F16,mlp_geo,0.05667608200747054,439459,1016858,b65ded9f0b0892bf0c056a679273dea504eaa5f2bee6f1b960c8de2d1248aa85
2,1,k16,F16,linear_geo,0.05741472299268935,440391,1016858,b65ded9f0b0892bf0c056a679273dea504eaa5f2bee6f1b960c8de2d1248aa85
2,1,k16,F16,pca_geo,0.05166546700638719,367280,1016858,b65ded9f0b0892bf0c056a679273dea504eaa5f2bee6f1b960c8de2d1248aa85
2,1,k16,F16,original_full,0.05616991400893312,440391,1016858,b65ded9f0b0892bf0c056a679273dea504eaa5f2bee6f1b960c8de2d1248aa85
2,1,k16,F16,mlp_full,0.05607881399919279,440391,1016858,b65ded9f0b0892bf0c056a679273dea504eaa5f2bee6f1b960c8de2d1248aa85
2,2,k16,F16,original_full,0.056131942008505575,440391,1016858,b65ded9f0b0892bf0c056a679273dea504eaa5f2bee6f1b960c8de2d1248aa85
2,2,k16,F16,pca_geo,0.05132311600027606,367280,1016858,b65ded9f0b0892bf0c056a679273dea504eaa5f2bee6f1b960c8de2d1248aa85
2,2,k16,F16,linear_geo,0.0577882090001367,440391,1016858,b65ded9f0b0892bf0c056a679273dea504eaa5f2bee6f1b960c8de2d1248aa85
2,2,k16,F16,mlp_geo,0.05680672799644526,439459,1016858,b65ded9f0b0892bf0c056a679273dea504eaa5f2bee6f1b960c8de2d1248aa85
2,2,k16,F16,mlp_full,0.05586830399988685,440391,1016858,b65ded9f0b0892bf0c056a679273dea504eaa5f2bee6f1b960c8de2d1248aa85
2,2,k16,F8,original_full,0.0515082719939528,440391,1016858,b65ded9f0b0892bf0c056a679273dea504eaa5f2bee6f1b960c8de2d1248aa85
2,2,k16,F8,pca_geo,0.048984871988068335,367280,1016858,b65ded9f0b0892bf0c056a679273dea504eaa5f2bee6f1b960c8de2d1248aa85
2,2,k16,F8,linear_geo,0.05452832698938437,440391,1016858,b65ded9f0b0892bf0c056a679273dea504eaa5f2bee6f1b960c8de2d1248aa85
2,2,k16,F8,mlp_geo,0.053977192990714684,439459,1016858,b65ded9f0b0892bf0c056a679273dea504eaa5f2bee6f1b960c8de2d1248aa85
2,2,k16,F8,mlp_full,0.05291423900052905,440391,1016858,b65ded9f0b0892bf0c056a679273dea504eaa5f2bee6f1b960c8de2d1248aa85
2,3,k16,F8,original_full,0.05196371499914676,440391,1016858,b65ded9f0b0892bf0c056a679273dea504eaa5f2bee6f1b960c8de2d1248aa85
2,3,k16,F8,mlp_full,0.052888869991875254,440391,1016858,b65ded9f0b0892bf0c056a679273dea504eaa5f2bee6f1b960c8de2d1248aa85
2,3,k16,F8,mlp_geo,0.053793383995071054,439459,1016858,b65ded9f0b0892bf0c056a679273dea504eaa5f2bee6f1b960c8de2d1248aa85
2,3,k16,F8,linear_geo,0.054473170996061526,440391,1016858,b65ded9f0b0892bf0c056a679273dea504eaa5f2bee6f1b960c8de2d1248aa85
2,3,k16,F8,pca_geo,0.04888576800294686,367280,1016858,b65ded9f0b0892bf0c056a679273dea504eaa5f2bee6f1b960c8de2d1248aa85
2,3,k16,F16,original_full,0.056209779999335296,440391,1016858,b65ded9f0b0892bf0c056a679273dea504eaa5f2bee6f1b960c8de2d1248aa85
2,3,k16,F16,mlp_full,0.05608407700492535,440391,1016858,b65ded9f0b0892bf0c056a679273dea504eaa5f2bee6f1b960c8de2d1248aa85
2,3,k16,F16,mlp_geo,0.05654100999527145,439459,1016858,b65ded9f0b0892bf0c056a679273dea504eaa5f2bee6f1b960c8de2d1248aa85
2,3,k16,F16,linear_geo,0.05733708100160584,440391,1016858,b65ded9f0b0892bf0c056a679273dea504eaa5f2bee6f1b960c8de2d1248aa85
2,3,k16,F16,pca_geo,0.05139681098808069,367280,1016858,b65ded9f0b0892bf0c056a679273dea504eaa5f2bee6f1b960c8de2d1248aa85
