dataset,layout,cell,threshold,bound,tiles,pruned_tiles,pruned_tile_fraction,pruned_pairs,pruned_pair_fraction,ideal_empty_tiles,ideal_empty_tile_fraction,ideal_empty_pair_fraction,reference_entries,reference_occupancy_check
cifar60000,original,k4,0.26085758209228516,ball,440391,0,0.0,0,0.0,348298,0.7908835557493228,0.7915444964806142,297318,True
cifar60000,original,k4,0.26085758209228516,aabb,440391,0,0.0,0,0.0,348298,0.7908835557493228,0.7915444964806142,297318,True
cifar60000,original,k4,0.26085758209228516,pivots,440391,0,0.0,0,0.0,348298,0.7908835557493228,0.7915444964806142,297318,True
cifar60000,original,k4,0.26085758209228516,pca32,440391,0,0.0,0,0.0,348298,0.7908835557493228,0.7915444964806142,297318,True
cifar60000,original,k4,0.26085758209228516,combined,440391,0,0.0,0,0.0,348298,0.7908835557493228,0.7915444964806142,297318,True
cifar60000,original,k16,0.32358765602111816,ball,440391,0,0.0,0,0.0,192407,0.43690039078909426,0.43708370193830104,1016858,True
cifar60000,original,k16,0.32358765602111816,aabb,440391,0,0.0,0,0.0,192407,0.43690039078909426,0.43708370193830104,1016858,True
cifar60000,original,k16,0.32358765602111816,pivots,440391,0,0.0,0,0.0,192407,0.43690039078909426,0.43708370193830104,1016858,True
cifar60000,original,k16,0.32358765602111816,pca32,440391,0,0.0,0,0.0,192407,0.43690039078909426,0.43708370193830104,1016858,True
cifar60000,original,k16,0.32358765602111816,combined,440391,0,0.0,0,0.0,192407,0.43690039078909426,0.43708370193830104,1016858,True
cifar60000,original,k64,0.39460235834121704,ball,440391,0,0.0,0,0.0,30246,0.06867987765417549,0.06859092792897896,3862998,True
cifar60000,original,k64,0.39460235834121704,aabb,440391,0,0.0,0,0.0,30246,0.06867987765417549,0.06859092792897896,3862998,True
cifar60000,original,k64,0.39460235834121704,pivots,440391,0,0.0,0,0.0,30246,0.06867987765417549,0.06859092792897896,3862998,True
cifar60000,original,k64,0.39460235834121704,pca32,440391,0,0.0,0,0.0,30246,0.06867987765417549,0.06859092792897896,3862998,True
cifar60000,original,k64,0.39460235834121704,combined,440391,0,0.0,0,0.0,30246,0.06867987765417549,0.06859092792897896,3862998,True
cifar60000,original,original,0.3955230712890625,ball,440391,0,0.0,0,0.0,29176,0.06625021855578338,0.06616181285867458,3926078,True
cifar60000,original,original,0.3955230712890625,aabb,440391,0,0.0,0,0.0,29176,0.06625021855578338,0.06616181285867458,3926078,True
cifar60000,original,original,0.3955230712890625,pivots,440391,0,0.0,0,0.0,29176,0.06625021855578338,0.06616181285867458,3926078,True
cifar60000,original,original,0.3955230712890625,pca32,440391,0,0.0,0,0.0,29176,0.06625021855578338,0.06616181285867458,3926078,True
cifar60000,original,original,0.3955230712890625,combined,440391,0,0.0,0,0.0,29176,0.06625021855578338,0.06616181285867458,3926078,True
cifar60000,original,k256,0.4787180423736572,ball,440391,0,0.0,0,0.0,133,0.0003020043552207016,0.0002992305683794159,15429428,True
cifar60000,original,k256,0.4787180423736572,aabb,440391,0,0.0,0,0.0,133,0.0003020043552207016,0.0002992305683794159,15429428,True
cifar60000,original,k256,0.4787180423736572,pivots,440391,0,0.0,0,0.0,133,0.0003020043552207016,0.0002992305683794159,15429428,True
cifar60000,original,k256,0.4787180423736572,pca32,440391,0,0.0,0,0.0,133,0.0003020043552207016,0.0002992305683794159,15429428,True
cifar60000,original,k256,0.4787180423736572,combined,440391,0,0.0,0,0.0,133,0.0003020043552207016,0.0002992305683794159,15429428,True
cifar60000,original,k1024,0.5802154541015625,ball,440391,0,0.0,0,0.0,0,0.0,0.0,61458806,True
cifar60000,original,k1024,0.5802154541015625,aabb,440391,0,0.0,0,0.0,0,0.0,0.0,61458806,True
cifar60000,original,k1024,0.5802154541015625,pivots,440391,0,0.0,0,0.0,0,0.0,0.0,61458806,True
cifar60000,original,k1024,0.5802154541015625,pca32,440391,0,0.0,0,0.0,0,0.0,0.0,61458806,True
cifar60000,original,k1024,0.5802154541015625,combined,440391,0,0.0,0,0.0,0,0.0,0.0,61458806,True
cifar60000,pca_sort,k4,0.26085758209228516,ball,440391,0,0.0,0,0.0,426693,0.9688958221217054,0.9698825019583007,297318,True
cifar60000,pca_sort,k4,0.26085758209228516,aabb,440391,0,0.0,0,0.0,426693,0.9688958221217054,0.9698825019583007,297318,True
cifar60000,pca_sort,k4,0.26085758209228516,pivots,440391,0,0.0,0,0.0,426693,0.9688958221217054,0.9698825019583007,297318,True
cifar60000,pca_sort,k4,0.26085758209228516,pca32,440391,93589,0.2125134255695507,381982720,0.21220908540413216,426693,0.9688958221217054,0.9698825019583007,297318,True
cifar60000,pca_sort,k4,0.26085758209228516,combined,440391,93589,0.2125134255695507,381982720,0.21220908540413216,426693,0.9688958221217054,0.9698825019583007,297318,True
cifar60000,pca_sort,k16,0.32358765602111816,ball,440391,0,0.0,0,0.0,405123,0.9199166195494458,0.9207995866735554,1016858,True
cifar60000,pca_sort,k16,0.32358765602111816,aabb,440391,0,0.0,0,0.0,405123,0.9199166195494458,0.9207995866735554,1016858,True
cifar60000,pca_sort,k16,0.32358765602111816,pivots,440391,0,0.0,0,0.0,405123,0.9199166195494458,0.9207995866735554,1016858,True
cifar60000,pca_sort,k16,0.32358765602111816,pca32,440391,73111,0.16601383770331365,298268672,0.16570205607684316,405123,0.9199166195494458,0.9207995866735554,1016858,True
cifar60000,pca_sort,k16,0.32358765602111816,combined,440391,73111,0.16601383770331365,298268672,0.16570205607684316,405123,0.9199166195494458,0.9207995866735554,1016858,True
cifar60000,pca_sort,k64,0.39460235834121704,ball,440391,0,0.0,0,0.0,348510,0.7913649461501256,0.7919757070715489,3862998,True
cifar60000,pca_sort,k64,0.39460235834121704,aabb,440391,0,0.0,0,0.0,348510,0.7913649461501256,0.7919757070715489,3862998,True
cifar60000,pca_sort,k64,0.39460235834121704,pivots,440391,0,0.0,0,0.0,348510,0.7913649461501256,0.7919757070715489,3862998,True
cifar60000,pca_sort,k64,0.39460235834121704,pca32,440391,55632,0.12632410744088776,226842624,0.12602157964033933,348510,0.7913649461501256,0.7919757070715489,3862998,True
cifar60000,pca_sort,k64,0.39460235834121704,combined,440391,55632,0.12632410744088776,226842624,0.12602157964033933,348510,0.7913649461501256,0.7919757070715489,3862998,True
cifar60000,pca_sort,original,0.3955230712890625,ball,440391,0,0.0,0,0.0,347531,0.7891419216105688,0.7897479753115226,3926078,True
cifar60000,pca_sort,original,0.3955230712890625,aabb,440391,0,0.0,0,0.0,347531,0.7891419216105688,0.7897479753115226,3926078,True
cifar60000,pca_sort,original,0.3955230712890625,pivots,440391,0,0.0,0,0.0,347531,0.7891419216105688,0.7897479753115226,3926078,True
cifar60000,pca_sort,original,0.3955230712890625,pca32,440391,55420,0.12584271704008484,225976320,0.12554030766153898,347531,0.7891419216105688,0.7897479753115226,3926078,True
cifar60000,pca_sort,original,0.3955230712890625,combined,440391,55420,0.12584271704008484,225976320,0.12554030766153898,347531,0.7891419216105688,0.7897479753115226,3926078,True
cifar60000,pca_sort,k256,0.4787180423736572,ball,440391,0,0.0,0,0.0,243235,0.5523160100910327,0.5524205885457465,15429428,True
cifar60000,pca_sort,k256,0.4787180423736572,aabb,440391,0,0.0,0,0.0,243235,0.5523160100910327,0.5524205885457465,15429428,True
cifar60000,pca_sort,k256,0.4787180423736572,pivots,440391,0,0.0,0,0.0,243235,0.5523160100910327,0.5524205885457465,15429428,True
cifar60000,pca_sort,k256,0.4787180423736572,pca32,440391,40320,0.09155500453006533,164290560,0.0912710121497975,243235,0.5523160100910327,0.5524205885457465,15429428,True
cifar60000,pca_sort,k256,0.4787180423736572,combined,440391,40320,0.09155500453006533,164290560,0.0912710121497975,243235,0.5523160100910327,0.5524205885457465,15429428,True
cifar60000,pca_sort,k1024,0.5802154541015625,ball,440391,0,0.0,0,0.0,141547,0.32141210878514775,0.3210277517596929,61458806,True
cifar60000,pca_sort,k1024,0.5802154541015625,aabb,440391,0,0.0,0,0.0,141547,0.32141210878514775,0.3210277517596929,61458806,True
cifar60000,pca_sort,k1024,0.5802154541015625,pivots,440391,0,0.0,0,0.0,141547,0.32141210878514775,0.3210277517596929,61458806,True
cifar60000,pca_sort,k1024,0.5802154541015625,pca32,440391,27235,0.06184277153711134,110860288,0.06158802242184853,141547,0.32141210878514775,0.3210277517596929,61458806,True
cifar60000,pca_sort,k1024,0.5802154541015625,combined,440391,27235,0.06184277153711134,110860288,0.06158802242184853,141547,0.32141210878514775,0.3210277517596929,61458806,True
cifar60000,balanced_axis,k4,0.26085758209228516,ball,440391,0,0.0,0,0.0,423937,0.9626377469112675,0.9636100376104842,297318,True
cifar60000,balanced_axis,k4,0.26085758209228516,aabb,440391,0,0.0,0,0.0,423937,0.9626377469112675,0.9636100376104842,297318,True
cifar60000,balanced_axis,k4,0.26085758209228516,pivots,440391,0,0.0,0,0.0,423937,0.9626377469112675,0.9636100376104842,297318,True
cifar60000,balanced_axis,k4,0.26085758209228516,pca32,440391,0,0.0,0,0.0,423937,0.9626377469112675,0.9636100376104842,297318,True
cifar60000,balanced_axis,k4,0.26085758209228516,combined,440391,0,0.0,0,0.0,423937,0.9626377469112675,0.9636100376104842,297318,True
cifar60000,balanced_axis,k16,0.32358765602111816,ball,440391,0,0.0,0,0.0,392292,0.8907811467536803,0.8916012822008522,1016858,True
cifar60000,balanced_axis,k16,0.32358765602111816,aabb,440391,0,0.0,0,0.0,392292,0.8907811467536803,0.8916012822008522,1016858,True
cifar60000,balanced_axis,k16,0.32358765602111816,pivots,440391,0,0.0,0,0.0,392292,0.8907811467536803,0.8916012822008522,1016858,True
cifar60000,balanced_axis,k16,0.32358765602111816,pca32,440391,0,0.0,0,0.0,392292,0.8907811467536803,0.8916012822008522,1016858,True
cifar60000,balanced_axis,k16,0.32358765602111816,combined,440391,0,0.0,0,0.0,392292,0.8907811467536803,0.8916012822008522,1016858,True
cifar60000,balanced_axis,k64,0.39460235834121704,ball,440391,0,0.0,0,0.0,309180,0.7020579439634325,0.7024807364321706,3862998,True
cifar60000,balanced_axis,k64,0.39460235834121704,aabb,440391,0,0.0,0,0.0,309180,0.7020579439634325,0.7024807364321706,3862998,True
cifar60000,balanced_axis,k64,0.39460235834121704,pivots,440391,0,0.0,0,0.0,309180,0.7020579439634325,0.7024807364321706,3862998,True
cifar60000,balanced_axis,k64,0.39460235834121704,pca32,440391,0,0.0,0,0.0,309180,0.7020579439634325,0.7024807364321706,3862998,True
cifar60000,balanced_axis,k64,0.39460235834121704,combined,440391,0,0.0,0,0.0,309180,0.7020579439634325,0.7024807364321706,3862998,True
cifar60000,balanced_axis,original,0.3955230712890625,ball,440391,0,0.0,0,0.0,307696,0.698688211157812,0.6991038682688622,3926078,True
cifar60000,balanced_axis,original,0.3955230712890625,aabb,440391,0,0.0,0,0.0,307696,0.698688211157812,0.6991038682688622,3926078,True
cifar60000,balanced_axis,original,0.3955230712890625,pivots,440391,0,0.0,0,0.0,307696,0.698688211157812,0.6991038682688622,3926078,True
cifar60000,balanced_axis,original,0.3955230712890625,pca32,440391,0,0.0,0,0.0,307696,0.698688211157812,0.6991038682688622,3926078,True
cifar60000,balanced_axis,original,0.3955230712890625,combined,440391,0,0.0,0,0.0,307696,0.698688211157812,0.6991038682688622,3926078,True
cifar60000,balanced_axis,k256,0.4787180423736572,ball,440391,0,0.0,0,0.0,159655,0.36253011528391815,0.36223737604373263,15429428,True
cifar60000,balanced_axis,k256,0.4787180423736572,aabb,440391,0,0.0,0,0.0,159655,0.36253011528391815,0.36223737604373263,15429428,True
cifar60000,balanced_axis,k256,0.4787180423736572,pivots,440391,0,0.0,0,0.0,159655,0.36253011528391815,0.36223737604373263,15429428,True
cifar60000,balanced_axis,k256,0.4787180423736572,pca32,440391,0,0.0,0,0.0,159655,0.36253011528391815,0.36223737604373263,15429428,True
cifar60000,balanced_axis,k256,0.4787180423736572,combined,440391,0,0.0,0,0.0,159655,0.36253011528391815,0.36223737604373263,15429428,True
cifar60000,balanced_axis,k1024,0.5802154541015625,ball,440391,0,0.0,0,0.0,40578,0.09214084756500474,0.09128694077320934,61458806,True
cifar60000,balanced_axis,k1024,0.5802154541015625,aabb,440391,0,0.0,0,0.0,40578,0.09214084756500474,0.09128694077320934,61458806,True
cifar60000,balanced_axis,k1024,0.5802154541015625,pivots,440391,0,0.0,0,0.0,40578,0.09214084756500474,0.09128694077320934,61458806,True
cifar60000,balanced_axis,k1024,0.5802154541015625,pca32,440391,0,0.0,0,0.0,40578,0.09214084756500474,0.09128694077320934,61458806,True
cifar60000,balanced_axis,k1024,0.5802154541015625,combined,440391,0,0.0,0,0.0,40578,0.09214084756500474,0.09128694077320934,61458806,True
cifar60000,balanced_2means,k4,0.26085758209228516,ball,440391,0,0.0,0,0.0,434108,0.9857331326026191,0.9867816336394394,297318,True
cifar60000,balanced_2means,k4,0.26085758209228516,aabb,440391,0,0.0,0,0.0,434108,0.9857331326026191,0.9867816336394394,297318,True
cifar60000,balanced_2means,k4,0.26085758209228516,pivots,440391,0,0.0,0,0.0,434108,0.9857331326026191,0.9867816336394394,297318,True
cifar60000,balanced_2means,k4,0.26085758209228516,pca32,440391,10593,0.024053625074081895,43372544,0.024095456186841332,434108,0.9857331326026191,0.9867816336394394,297318,True
cifar60000,balanced_2means,k4,0.26085758209228516,combined,440391,10593,0.024053625074081895,43372544,0.024095456186841332,434108,0.9857331326026191,0.9867816336394394,297318,True
cifar60000,balanced_2means,k16,0.32358765602111816,ball,440391,0,0.0,0,0.0,424286,0.9634302245050421,0.9644588056865719,1016858,True
cifar60000,balanced_2means,k16,0.32358765602111816,aabb,440391,0,0.0,0,0.0,424286,0.9634302245050421,0.9644588056865719,1016858,True
cifar60000,balanced_2means,k16,0.32358765602111816,pivots,440391,0,0.0,0,0.0,424286,0.9634302245050421,0.9644588056865719,1016858,True
cifar60000,balanced_2means,k16,0.32358765602111816,pca32,440391,6308,0.014323635133324705,25837568,0.014353965211690916,424286,0.9634302245050421,0.9644588056865719,1016858,True
cifar60000,balanced_2means,k16,0.32358765602111816,combined,440391,6308,0.014323635133324705,25837568,0.014353965211690916,424286,0.9634302245050421,0.9644588056865719,1016858,True
cifar60000,balanced_2means,k64,0.39460235834121704,ball,440391,0,0.0,0,0.0,396388,0.9000819726107028,0.9010378538135475,3862998,True
cifar60000,balanced_2means,k64,0.39460235834121704,aabb,440391,0,0.0,0,0.0,396388,0.9000819726107028,0.9010378538135475,3862998,True
cifar60000,balanced_2means,k64,0.39460235834121704,pivots,440391,0,0.0,0,0.0,396388,0.9000819726107028,0.9010378538135475,3862998,True
cifar60000,balanced_2means,k64,0.39460235834121704,pca32,440391,3147,0.007145922600598105,12890112,0.007161053982433626,396388,0.9000819726107028,0.9010378538135475,3862998,True
cifar60000,balanced_2means,k64,0.39460235834121704,combined,440391,3147,0.007145922600598105,12890112,0.007161053982433626,396388,0.9000819726107028,0.9010378538135475,3862998,True
cifar60000,balanced_2means,original,0.3955230712890625,ball,440391,0,0.0,0,0.0,395870,0.8989057451219484,0.8998614111987022,3926078,True
cifar60000,balanced_2means,original,0.3955230712890625,aabb,440391,0,0.0,0,0.0,395870,0.8989057451219484,0.8998614111987022,3926078,True
cifar60000,balanced_2means,original,0.3955230712890625,pivots,440391,0,0.0,0,0.0,395870,0.8989057451219484,0.8998614111987022,3926078,True
cifar60000,balanced_2means,original,0.3955230712890625,pca32,440391,3121,0.007086884155216615,12783616,0.007101890524046821,395870,0.8989057451219484,0.8998614111987022,3926078,True
cifar60000,balanced_2means,original,0.3955230712890625,combined,440391,3121,0.007086884155216615,12783616,0.007101890524046821,395870,0.8989057451219484,0.8998614111987022,3926078,True
cifar60000,balanced_2means,k256,0.4787180423736572,ball,440391,0,0.0,0,0.0,325264,0.7385800345601976,0.7392724432370572,15429428,True
cifar60000,balanced_2means,k256,0.4787180423736572,aabb,440391,0,0.0,0,0.0,325264,0.7385800345601976,0.7392724432370572,15429428,True
cifar60000,balanced_2means,k256,0.4787180423736572,pivots,440391,0,0.0,0,0.0,325264,0.7385800345601976,0.7392724432370572,15429428,True
cifar60000,balanced_2means,k256,0.4787180423736572,pca32,440391,1321,0.002999607167267269,5410816,0.0030059587895757294,325264,0.7385800345601976,0.7392724432370572,15429428,True
cifar60000,balanced_2means,k256,0.4787180423736572,combined,440391,1321,0.002999607167267269,5410816,0.0030059587895757294,325264,0.7385800345601976,0.7392724432370572,15429428,True
cifar60000,balanced_2means,k1024,0.5802154541015625,ball,440391,0,0.0,0,0.0,199547,0.45311325617462667,0.453359341788748,61458806,True
cifar60000,balanced_2means,k1024,0.5802154541015625,aabb,440391,0,0.0,0,0.0,199547,0.45311325617462667,0.453359341788748,61458806,True
cifar60000,balanced_2means,k1024,0.5802154541015625,pivots,440391,0,0.0,0,0.0,199547,0.45311325617462667,0.453359341788748,61458806,True
cifar60000,balanced_2means,k1024,0.5802154541015625,pca32,440391,536,0.001217100258633805,2195456,0.0012196774498202808,199547,0.45311325617462667,0.453359341788748,61458806,True
cifar60000,balanced_2means,k1024,0.5802154541015625,combined,440391,536,0.001217100258633805,2195456,0.0012196774498202808,199547,0.45311325617462667,0.453359341788748,61458806,True
sift128,original,k1,0.66363525390625,ball,2080,0,0.0,0,0.0,863,0.4149038461538462,0.4212838662435929,6144,True
sift128,original,k1,0.66363525390625,aabb,2080,0,0.0,0,0.0,863,0.4149038461538462,0.4212838662435929,6144,True
sift128,original,k1,0.66363525390625,pivots,2080,0,0.0,0,0.0,863,0.4149038461538462,0.4212838662435929,6144,True
sift128,original,k1,0.66363525390625,pca32,2080,0,0.0,0,0.0,863,0.4149038461538462,0.4212838662435929,6144,True
sift128,original,k1,0.66363525390625,combined,2080,0,0.0,0,0.0,863,0.4149038461538462,0.4212838662435929,6144,True
sift128,original,k16,1.2014694213867188,ball,2080,0,0.0,0,0.0,0,0.0,0.0,36864,True
sift128,original,k16,1.2014694213867188,aabb,2080,0,0.0,0,0.0,0,0.0,0.0,36864,True
sift128,original,k16,1.2014694213867188,pivots,2080,0,0.0,0,0.0,0,0.0,0.0,36864,True
sift128,original,k16,1.2014694213867188,pca32,2080,0,0.0,0,0.0,0,0.0,0.0,36864,True
sift128,original,k16,1.2014694213867188,combined,2080,0,0.0,0,0.0,0,0.0,0.0,36864,True
sift128,original,k64,1.5693893432617188,ball,2080,0,0.0,0,0.0,0,0.0,0.0,135172,True
sift128,original,k64,1.5693893432617188,aabb,2080,0,0.0,0,0.0,0,0.0,0.0,135172,True
sift128,original,k64,1.5693893432617188,pivots,2080,0,0.0,0,0.0,0,0.0,0.0,135172,True
sift128,original,k64,1.5693893432617188,pca32,2080,0,0.0,0,0.0,0,0.0,0.0,135172,True
sift128,original,k64,1.5693893432617188,combined,2080,0,0.0,0,0.0,0,0.0,0.0,135172,True
sift128,pca_sort,k1,0.66363525390625,ball,2080,0,0.0,0,0.0,1751,0.8418269230769231,0.8547717842323651,6144,True
sift128,pca_sort,k1,0.66363525390625,aabb,2080,0,0.0,0,0.0,1751,0.8418269230769231,0.8547717842323651,6144,True
sift128,pca_sort,k1,0.66363525390625,pivots,2080,0,0.0,0,0.0,1751,0.8418269230769231,0.8547717842323651,6144,True
sift128,pca_sort,k1,0.66363525390625,pca32,2080,990,0.47596153846153844,4055040,0.4832804491091042,1751,0.8418269230769231,0.8547717842323651,6144,True
sift128,pca_sort,k1,0.66363525390625,combined,2080,990,0.47596153846153844,4055040,0.4832804491091042,1751,0.8418269230769231,0.8547717842323651,6144,True
sift128,pca_sort,k16,1.2014694213867188,ball,2080,0,0.0,0,0.0,1248,0.6,0.6092262631193556,36864,True
sift128,pca_sort,k16,1.2014694213867188,aabb,2080,0,0.0,0,0.0,1248,0.6,0.6092262631193556,36864,True
sift128,pca_sort,k16,1.2014694213867188,pivots,2080,0,0.0,0,0.0,1248,0.6,0.6092262631193556,36864,True
sift128,pca_sort,k16,1.2014694213867188,pca32,2080,952,0.4576923076923077,3899392,0.46473029045643155,1248,0.6,0.6092262631193556,36864,True
sift128,pca_sort,k16,1.2014694213867188,combined,2080,952,0.4576923076923077,3899392,0.46473029045643155,1248,0.6,0.6092262631193556,36864,True
sift128,pca_sort,k64,1.5693893432617188,ball,2080,0,0.0,0,0.0,1096,0.5269230769230769,0.5350256285086649,135172,True
sift128,pca_sort,k64,1.5693893432617188,aabb,2080,0,0.0,0,0.0,1096,0.5269230769230769,0.5350256285086649,135172,True
sift128,pca_sort,k64,1.5693893432617188,pivots,2080,0,0.0,0,0.0,1096,0.5269230769230769,0.5350256285086649,135172,True
sift128,pca_sort,k64,1.5693893432617188,pca32,2080,895,0.43028846153846156,3665920,0.4369050524774225,1096,0.5269230769230769,0.5350256285086649,135172,True
sift128,pca_sort,k64,1.5693893432617188,combined,2080,895,0.43028846153846156,3665920,0.4369050524774225,1096,0.5269230769230769,0.5350256285086649,135172,True
sift128,balanced_axis,k1,0.66363525390625,ball,2080,0,0.0,0,0.0,1895,0.9110576923076923,0.9250671222845985,6144,True
sift128,balanced_axis,k1,0.66363525390625,aabb,2080,0,0.0,0,0.0,1895,0.9110576923076923,0.9250671222845985,6144,True
sift128,balanced_axis,k1,0.66363525390625,pivots,2080,11,0.005288461538461539,45056,0.005369782767878936,1895,0.9110576923076923,0.9250671222845985,6144,True
sift128,balanced_axis,k1,0.66363525390625,pca32,2080,381,0.1831730769230769,1560576,0.18598974859653405,1895,0.9110576923076923,0.9250671222845985,6144,True
sift128,balanced_axis,k1,0.66363525390625,combined,2080,381,0.1831730769230769,1560576,0.18598974859653405,1895,0.9110576923076923,0.9250671222845985,6144,True
sift128,balanced_axis,k16,1.2014694213867188,ball,2080,0,0.0,0,0.0,1316,0.6326923076923077,0.6424212838662436,36864,True
sift128,balanced_axis,k16,1.2014694213867188,aabb,2080,0,0.0,0,0.0,1316,0.6326923076923077,0.6424212838662436,36864,True
sift128,balanced_axis,k16,1.2014694213867188,pivots,2080,0,0.0,0,0.0,1316,0.6326923076923077,0.6424212838662436,36864,True
sift128,balanced_axis,k16,1.2014694213867188,pca32,2080,128,0.06153846153846154,524288,0.062484744935318526,1316,0.6326923076923077,0.6424212838662436,36864,True
sift128,balanced_axis,k16,1.2014694213867188,combined,2080,128,0.06153846153846154,524288,0.062484744935318526,1316,0.6326923076923077,0.6424212838662436,36864,True
sift128,balanced_axis,k64,1.5693893432617188,ball,2080,0,0.0,0,0.0,1051,0.5052884615384615,0.5130583353673419,135172,True
sift128,balanced_axis,k64,1.5693893432617188,aabb,2080,0,0.0,0,0.0,1051,0.5052884615384615,0.5130583353673419,135172,True
sift128,balanced_axis,k64,1.5693893432617188,pivots,2080,0,0.0,0,0.0,1051,0.5052884615384615,0.5130583353673419,135172,True
sift128,balanced_axis,k64,1.5693893432617188,pca32,2080,17,0.008173076923076924,69632,0.008298755186721992,1051,0.5052884615384615,0.5130583353673419,135172,True
sift128,balanced_axis,k64,1.5693893432617188,combined,2080,17,0.008173076923076924,69632,0.008298755186721992,1051,0.5052884615384615,0.5130583353673419,135172,True
sift128,balanced_2means,k1,0.66363525390625,ball,2080,0,0.0,0,0.0,1923,0.9245192307692308,0.9387356602391994,6144,True
sift128,balanced_2means,k1,0.66363525390625,aabb,2080,0,0.0,0,0.0,1923,0.9245192307692308,0.9387356602391994,6144,True
sift128,balanced_2means,k1,0.66363525390625,pivots,2080,28,0.013461538461538462,114688,0.013668537954600928,1923,0.9245192307692308,0.9387356602391994,6144,True
sift128,balanced_2means,k1,0.66363525390625,pca32,2080,757,0.3639423076923077,3100672,0.36953868684403224,1923,0.9245192307692308,0.9387356602391994,6144,True
sift128,balanced_2means,k1,0.66363525390625,combined,2080,757,0.3639423076923077,3100672,0.36953868684403224,1923,0.9245192307692308,0.9387356602391994,6144,True
sift128,balanced_2means,k16,1.2014694213867188,ball,2080,0,0.0,0,0.0,1461,0.7024038461538461,0.7132047839882841,36864,True
sift128,balanced_2means,k16,1.2014694213867188,aabb,2080,0,0.0,0,0.0,1461,0.7024038461538461,0.7132047839882841,36864,True
sift128,balanced_2means,k16,1.2014694213867188,pivots,2080,0,0.0,0,0.0,1461,0.7024038461538461,0.7132047839882841,36864,True
sift128,balanced_2means,k16,1.2014694213867188,pca32,2080,300,0.14423076923076922,1228800,0.1464486209421528,1461,0.7024038461538461,0.7132047839882841,36864,True
sift128,balanced_2means,k16,1.2014694213867188,combined,2080,300,0.14423076923076922,1228800,0.1464486209421528,1461,0.7024038461538461,0.7132047839882841,36864,True
sift128,balanced_2means,k64,1.5693893432617188,ball,2080,0,0.0,0,0.0,1213,0.583173076923077,0.5921405906761045,135172,True
sift128,balanced_2means,k64,1.5693893432617188,aabb,2080,0,0.0,0,0.0,1213,0.583173076923077,0.5921405906761045,135172,True
sift128,balanced_2means,k64,1.5693893432617188,pivots,2080,0,0.0,0,0.0,1213,0.583173076923077,0.5921405906761045,135172,True
sift128,balanced_2means,k64,1.5693893432617188,pca32,2080,81,0.03894230769230769,331776,0.03954112765438125,1213,0.583173076923077,0.5921405906761045,135172,True
sift128,balanced_2means,k64,1.5693893432617188,combined,2080,81,0.03894230769230769,331776,0.03954112765438125,1213,0.583173076923077,0.5921405906761045,135172,True
fashion784,original,k1,10.910614013671875,ball,2080,0,0.0,0,0.0,826,0.3971153846153846,0.40322186966072737,6144,True
fashion784,original,k1,10.910614013671875,aabb,2080,0,0.0,0,0.0,826,0.3971153846153846,0.40322186966072737,6144,True
fashion784,original,k1,10.910614013671875,pivots,2080,0,0.0,0,0.0,826,0.3971153846153846,0.40322186966072737,6144,True
fashion784,original,k1,10.910614013671875,pca32,2080,0,0.0,0,0.0,826,0.3971153846153846,0.40322186966072737,6144,True
fashion784,original,k1,10.910614013671875,combined,2080,0,0.0,0,0.0,826,0.3971153846153846,0.40322186966072737,6144,True
fashion784,original,k16,22.115638732910156,ball,2080,0,0.0,0,0.0,0,0.0,0.0,36864,True
fashion784,original,k16,22.115638732910156,aabb,2080,0,0.0,0,0.0,0,0.0,0.0,36864,True
fashion784,original,k16,22.115638732910156,pivots,2080,0,0.0,0,0.0,0,0.0,0.0,36864,True
fashion784,original,k16,22.115638732910156,pca32,2080,0,0.0,0,0.0,0,0.0,0.0,36864,True
fashion784,original,k16,22.115638732910156,combined,2080,0,0.0,0,0.0,0,0.0,0.0,36864,True
fashion784,original,k64,32.409454345703125,ball,2080,0,0.0,0,0.0,0,0.0,0.0,135168,True
fashion784,original,k64,32.409454345703125,aabb,2080,0,0.0,0,0.0,0,0.0,0.0,135168,True
fashion784,original,k64,32.409454345703125,pivots,2080,0,0.0,0,0.0,0,0.0,0.0,135168,True
fashion784,original,k64,32.409454345703125,pca32,2080,0,0.0,0,0.0,0,0.0,0.0,135168,True
fashion784,original,k64,32.409454345703125,combined,2080,0,0.0,0,0.0,0,0.0,0.0,135168,True
fashion784,pca_sort,k1,10.910614013671875,ball,2080,0,0.0,0,0.0,1693,0.8139423076923077,0.8264583841835489,6144,True
fashion784,pca_sort,k1,10.910614013671875,aabb,2080,24,0.011538461538461539,98304,0.011715889675372224,1693,0.8139423076923077,0.8264583841835489,6144,True
fashion784,pca_sort,k1,10.910614013671875,pivots,2080,134,0.06442307692307692,548864,0.06541371735416159,1693,0.8139423076923077,0.8264583841835489,6144,True
fashion784,pca_sort,k1,10.910614013671875,pca32,2080,1222,0.5875,5005312,0.596534049304369,1693,0.8139423076923077,0.8264583841835489,6144,True
fashion784,pca_sort,k1,10.910614013671875,combined,2080,1222,0.5875,5005312,0.596534049304369,1693,0.8139423076923077,0.8264583841835489,6144,True
fashion784,pca_sort,k16,22.115638732910156,ball,2080,0,0.0,0,0.0,1335,0.6418269230769231,0.65169636319258,36864,True
fashion784,pca_sort,k16,22.115638732910156,aabb,2080,4,0.0019230769230769232,16384,0.001952648279228704,1335,0.6418269230769231,0.65169636319258,36864,True
fashion784,pca_sort,k16,22.115638732910156,pivots,2080,41,0.01971153846153846,167936,0.020014644862094214,1335,0.6418269230769231,0.65169636319258,36864,True
fashion784,pca_sort,k16,22.115638732910156,pca32,2080,947,0.45528846153846153,3878912,0.4622894801073957,1335,0.6418269230769231,0.65169636319258,36864,True
fashion784,pca_sort,k16,22.115638732910156,combined,2080,947,0.45528846153846153,3878912,0.4622894801073957,1335,0.6418269230769231,0.65169636319258,36864,True
fashion784,pca_sort,k64,32.409454345703125,ball,2080,0,0.0,0,0.0,1093,0.5254807692307693,0.5335611422992433,135168,True
fashion784,pca_sort,k64,32.409454345703125,aabb,2080,1,0.0004807692307692308,4096,0.000488162069807176,1093,0.5254807692307693,0.5335611422992433,135168,True
fashion784,pca_sort,k64,32.409454345703125,pivots,2080,5,0.002403846153846154,20480,0.00244081034903588,1093,0.5254807692307693,0.5335611422992433,135168,True
fashion784,pca_sort,k64,32.409454345703125,pca32,2080,769,0.3697115384615385,3149824,0.37539663168171833,1093,0.5254807692307693,0.5335611422992433,135168,True
fashion784,pca_sort,k64,32.409454345703125,combined,2080,769,0.3697115384615385,3149824,0.37539663168171833,1093,0.5254807692307693,0.5335611422992433,135168,True
fashion784,balanced_axis,k1,10.910614013671875,ball,2080,0,0.0,0,0.0,1851,0.8899038461538461,0.9035879912130828,6144,True
fashion784,balanced_axis,k1,10.910614013671875,aabb,2080,3,0.0014423076923076924,12288,0.001464486209421528,1851,0.8899038461538461,0.9035879912130828,6144,True
fashion784,balanced_axis,k1,10.910614013671875,pivots,2080,16,0.007692307692307693,65536,0.007810593116914816,1851,0.8899038461538461,0.9035879912130828,6144,True
fashion784,balanced_axis,k1,10.910614013671875,pca32,2080,45,0.021634615384615384,184320,0.021967293141322917,1851,0.8899038461538461,0.9035879912130828,6144,True
fashion784,balanced_axis,k1,10.910614013671875,combined,2080,53,0.02548076923076923,217088,0.025872589699780325,1851,0.8899038461538461,0.9035879912130828,6144,True
fashion784,balanced_axis,k16,22.115638732910156,ball,2080,0,0.0,0,0.0,1340,0.6442307692307693,0.6541371735416158,36864,True
fashion784,balanced_axis,k16,22.115638732910156,aabb,2080,0,0.0,0,0.0,1340,0.6442307692307693,0.6541371735416158,36864,True
fashion784,balanced_axis,k16,22.115638732910156,pivots,2080,2,0.0009615384615384616,8192,0.000976324139614352,1340,0.6442307692307693,0.6541371735416158,36864,True
fashion784,balanced_axis,k16,22.115638732910156,pca32,2080,12,0.0057692307692307696,49152,0.005857944837686112,1340,0.6442307692307693,0.6541371735416158,36864,True
fashion784,balanced_axis,k16,22.115638732910156,combined,2080,13,0.00625,53248,0.006346106907493288,1340,0.6442307692307693,0.6541371735416158,36864,True
fashion784,balanced_axis,k64,32.409454345703125,ball,2080,0,0.0,0,0.0,930,0.44711538461538464,0.45399072492067366,135168,True
fashion784,balanced_axis,k64,32.409454345703125,aabb,2080,0,0.0,0,0.0,930,0.44711538461538464,0.45399072492067366,135168,True
fashion784,balanced_axis,k64,32.409454345703125,pivots,2080,0,0.0,0,0.0,930,0.44711538461538464,0.45399072492067366,135168,True
fashion784,balanced_axis,k64,32.409454345703125,pca32,2080,1,0.0004807692307692308,4096,0.000488162069807176,930,0.44711538461538464,0.45399072492067366,135168,True
fashion784,balanced_axis,k64,32.409454345703125,combined,2080,1,0.0004807692307692308,4096,0.000488162069807176,930,0.44711538461538464,0.45399072492067366,135168,True
fashion784,balanced_2means,k1,10.910614013671875,ball,2080,5,0.002403846153846154,20480,0.00244081034903588,1940,0.9326923076923077,0.9470344154259214,6144,True
fashion784,balanced_2means,k1,10.910614013671875,aabb,2080,210,0.10096153846153846,860160,0.10251403465950695,1940,0.9326923076923077,0.9470344154259214,6144,True
fashion784,balanced_2means,k1,10.910614013671875,pivots,2080,423,0.20336538461538461,1732608,0.20649255552843543,1940,0.9326923076923077,0.9470344154259214,6144,True
fashion784,balanced_2means,k1,10.910614013671875,pca32,2080,887,0.4264423076923077,3633152,0.4329997559189651,1940,0.9326923076923077,0.9470344154259214,6144,True
fashion784,balanced_2means,k1,10.910614013671875,combined,2080,899,0.4322115384615385,3682304,0.4388577007566512,1940,0.9326923076923077,0.9470344154259214,6144,True
fashion784,balanced_2means,k16,22.115638732910156,ball,2080,0,0.0,0,0.0,1728,0.8307692307692308,0.8435440566268001,36864,True
fashion784,balanced_2means,k16,22.115638732910156,aabb,2080,61,0.029326923076923077,249856,0.029777886258237733,1728,0.8307692307692308,0.8435440566268001,36864,True
fashion784,balanced_2means,k16,22.115638732910156,pivots,2080,162,0.07788461538461539,663552,0.0790822553087625,1728,0.8307692307692308,0.8435440566268001,36864,True
fashion784,balanced_2means,k16,22.115638732910156,pca32,2080,622,0.29903846153846153,2547712,0.30363680742006344,1728,0.8307692307692308,0.8435440566268001,36864,True
fashion784,balanced_2means,k16,22.115638732910156,combined,2080,625,0.3004807692307692,2560000,0.305101293629485,1728,0.8307692307692308,0.8435440566268001,36864,True
fashion784,balanced_2means,k64,32.409454345703125,ball,2080,0,0.0,0,0.0,1554,0.7471153846153846,0.7586038564803514,135168,True
fashion784,balanced_2means,k64,32.409454345703125,aabb,2080,20,0.009615384615384616,81920,0.00976324139614352,1554,0.7471153846153846,0.7586038564803514,135168,True
fashion784,balanced_2means,k64,32.409454345703125,pivots,2080,79,0.03798076923076923,323584,0.038564803514766904,1554,0.7471153846153846,0.7586038564803514,135168,True
fashion784,balanced_2means,k64,32.409454345703125,pca32,2080,416,0.2,1703936,0.2030754210397852,1554,0.7471153846153846,0.7586038564803514,135168,True
fashion784,balanced_2means,k64,32.409454345703125,combined,2080,422,0.20288461538461539,1728512,0.20600439345862825,1554,0.7471153846153846,0.7586038564803514,135168,True
positive_control,original,separated,0.01,ball,2080,0,0.0,0,0.0,0,0.0,0.0,262144,True
positive_control,original,separated,0.01,aabb,2080,0,0.0,0,0.0,0,0.0,0.0,262144,True
positive_control,original,separated,0.01,pivots,2080,0,0.0,0,0.0,0,0.0,0.0,262144,True
positive_control,original,separated,0.01,pca32,2080,0,0.0,0,0.0,0,0.0,0.0,262144,True
positive_control,original,separated,0.01,combined,2080,0,0.0,0,0.0,0,0.0,0.0,262144,True
positive_control,pca_sort,separated,0.01,ball,2080,1764,0.8480769230769231,7225344,0.8611178911398585,2012,0.9673076923076923,0.982182084452038,262144,True
positive_control,pca_sort,separated,0.01,aabb,2080,1988,0.9557692307692308,8142848,0.9704661947766658,2012,0.9673076923076923,0.982182084452038,262144,True
positive_control,pca_sort,separated,0.01,pivots,2080,888,0.4269230769230769,3637248,0.4334879179887723,2012,0.9673076923076923,0.982182084452038,262144,True
positive_control,pca_sort,separated,0.01,pca32,2080,2012,0.9673076923076923,8241152,0.982182084452038,2012,0.9673076923076923,0.982182084452038,262144,True
positive_control,pca_sort,separated,0.01,combined,2080,2012,0.9673076923076923,8241152,0.982182084452038,2012,0.9673076923076923,0.982182084452038,262144,True
positive_control,balanced_axis,separated,0.01,ball,2080,0,0.0,0,0.0,63,0.03028846153846154,0.030754210397852085,262144,True
positive_control,balanced_axis,separated,0.01,aabb,2080,63,0.03028846153846154,258048,0.030754210397852085,63,0.03028846153846154,0.030754210397852085,262144,True
positive_control,balanced_axis,separated,0.01,pivots,2080,0,0.0,0,0.0,63,0.03028846153846154,0.030754210397852085,262144,True
positive_control,balanced_axis,separated,0.01,pca32,2080,27,0.012980769230769231,110592,0.013180375884793752,63,0.03028846153846154,0.030754210397852085,262144,True
positive_control,balanced_axis,separated,0.01,combined,2080,63,0.03028846153846154,258048,0.030754210397852085,63,0.03028846153846154,0.030754210397852085,262144,True
positive_control,balanced_2means,separated,0.01,ball,2080,2016,0.9692307692307692,8257536,0.9841347327312667,2016,0.9692307692307692,0.9841347327312667,262144,True
positive_control,balanced_2means,separated,0.01,aabb,2080,2016,0.9692307692307692,8257536,0.9841347327312667,2016,0.9692307692307692,0.9841347327312667,262144,True
positive_control,balanced_2means,separated,0.01,pivots,2080,888,0.4269230769230769,3637248,0.4334879179887723,2016,0.9692307692307692,0.9841347327312667,262144,True
positive_control,balanced_2means,separated,0.01,pca32,2080,2016,0.9692307692307692,8257536,0.9841347327312667,2016,0.9692307692307692,0.9841347327312667,262144,True
positive_control,balanced_2means,separated,0.01,combined,2080,2016,0.9692307692307692,8257536,0.9841347327312667,2016,0.9692307692307692,0.9841347327312667,262144,True
