process,repeat,cell,method,mode,seconds,executed_tiles,batches,output_sha256
0,0,k4,F8,original_full,0.04958414300926961,440391,108,0b1503dbe8814b114412ba0d04f6d10d958ae15ab7817d3a8dab4413f8f7579a
0,0,k4,F8,layout_full,0.04901447499287315,440391,108,0b1503dbe8814b114412ba0d04f6d10d958ae15ab7817d3a8dab4413f8f7579a
0,0,k4,F8,geometric,0.04281703200831544,346802,85,0b1503dbe8814b114412ba0d04f6d10d958ae15ab7817d3a8dab4413f8f7579a
0,0,k4,F16,original_full,0.05242252501193434,440391,108,0b1503dbe8814b114412ba0d04f6d10d958ae15ab7817d3a8dab4413f8f7579a
0,0,k4,F16,layout_full,0.050743354004225694,440391,108,0b1503dbe8814b114412ba0d04f6d10d958ae15ab7817d3a8dab4413f8f7579a
0,0,k4,F16,geometric,0.04488894800306298,346802,85,0b1503dbe8814b114412ba0d04f6d10d958ae15ab7817d3a8dab4413f8f7579a
0,1,k4,F16,original_full,0.05189405499550048,440391,108,0b1503dbe8814b114412ba0d04f6d10d958ae15ab7817d3a8dab4413f8f7579a
0,1,k4,F16,geometric,0.04482091800309718,346802,85,0b1503dbe8814b114412ba0d04f6d10d958ae15ab7817d3a8dab4413f8f7579a
0,1,k4,F16,layout_full,0.05064604300423525,440391,108,0b1503dbe8814b114412ba0d04f6d10d958ae15ab7817d3a8dab4413f8f7579a
0,1,k4,F8,original_full,0.04719357499561738,440391,108,0b1503dbe8814b114412ba0d04f6d10d958ae15ab7817d3a8dab4413f8f7579a
0,1,k4,F8,geometric,0.042352394011686556,346802,85,0b1503dbe8814b114412ba0d04f6d10d958ae15ab7817d3a8dab4413f8f7579a
0,1,k4,F8,layout_full,0.048033029001089744,440391,108,0b1503dbe8814b114412ba0d04f6d10d958ae15ab7817d3a8dab4413f8f7579a
0,2,k4,F8,geometric,0.0425838570081396,346802,85,0b1503dbe8814b114412ba0d04f6d10d958ae15ab7817d3a8dab4413f8f7579a
0,2,k4,F8,original_full,0.04700199200306088,440391,108,0b1503dbe8814b114412ba0d04f6d10d958ae15ab7817d3a8dab4413f8f7579a
0,2,k4,F8,layout_full,0.04752861899032723,440391,108,0b1503dbe8814b114412ba0d04f6d10d958ae15ab7817d3a8dab4413f8f7579a
0,2,k4,F16,geometric,0.04418389000056777,346802,85,0b1503dbe8814b114412ba0d04f6d10d958ae15ab7817d3a8dab4413f8f7579a
0,2,k4,F16,original_full,0.051779683999484405,440391,108,0b1503dbe8814b114412ba0d04f6d10d958ae15ab7817d3a8dab4413f8f7579a
0,2,k4,F16,layout_full,0.05019022000487894,440391,108,0b1503dbe8814b114412ba0d04f6d10d958ae15ab7817d3a8dab4413f8f7579a
0,3,k4,F16,geometric,0.04433078000147361,346802,85,0b1503dbe8814b114412ba0d04f6d10d958ae15ab7817d3a8dab4413f8f7579a
0,3,k4,F16,layout_full,0.05025026100338437,440391,108,0b1503dbe8814b114412ba0d04f6d10d958ae15ab7817d3a8dab4413f8f7579a
0,3,k4,F16,original_full,0.05162459998973645,440391,108,0b1503dbe8814b114412ba0d04f6d10d958ae15ab7817d3a8dab4413f8f7579a
0,3,k4,F8,geometric,0.0444549520034343,346802,85,0b1503dbe8814b114412ba0d04f6d10d958ae15ab7817d3a8dab4413f8f7579a
0,3,k4,F8,layout_full,0.047400511990417726,440391,108,0b1503dbe8814b114412ba0d04f6d10d958ae15ab7817d3a8dab4413f8f7579a
0,3,k4,F8,original_full,0.04713665699819103,440391,108,0b1503dbe8814b114412ba0d04f6d10d958ae15ab7817d3a8dab4413f8f7579a
0,0,k16,F16,original_full,0.053874070988968015,440391,108,b65ded9f0b0892bf0c056a679273dea504eaa5f2bee6f1b960c8de2d1248aa85
0,0,k16,F16,layout_full,0.05288112800917588,440391,108,b65ded9f0b0892bf0c056a679273dea504eaa5f2bee6f1b960c8de2d1248aa85
0,0,k16,F16,geometric,0.04820077199838124,367280,90,b65ded9f0b0892bf0c056a679273dea504eaa5f2bee6f1b960c8de2d1248aa85
0,0,k16,F8,original_full,0.0491175709903473,440391,108,b65ded9f0b0892bf0c056a679273dea504eaa5f2bee6f1b960c8de2d1248aa85
0,0,k16,F8,layout_full,0.050041738999425434,440391,108,b65ded9f0b0892bf0c056a679273dea504eaa5f2bee6f1b960c8de2d1248aa85
0,0,k16,F8,geometric,0.04597808299877215,367280,90,b65ded9f0b0892bf0c056a679273dea504eaa5f2bee6f1b960c8de2d1248aa85
0,1,k16,F8,original_full,0.05524917598813772,440391,108,b65ded9f0b0892bf0c056a679273dea504eaa5f2bee6f1b960c8de2d1248aa85
0,1,k16,F8,geometric,0.05097630599630065,367280,90,b65ded9f0b0892bf0c056a679273dea504eaa5f2bee6f1b960c8de2d1248aa85
0,1,k16,F8,layout_full,0.05615741499059368,440391,108,b65ded9f0b0892bf0c056a679273dea504eaa5f2bee6f1b960c8de2d1248aa85
0,1,k16,F16,original_full,0.05922630400164053,440391,108,b65ded9f0b0892bf0c056a679273dea504eaa5f2bee6f1b960c8de2d1248aa85
0,1,k16,F16,geometric,0.05314735899446532,367280,90,b65ded9f0b0892bf0c056a679273dea504eaa5f2bee6f1b960c8de2d1248aa85
0,1,k16,F16,layout_full,0.058745995003846474,440391,108,b65ded9f0b0892bf0c056a679273dea504eaa5f2bee6f1b960c8de2d1248aa85
0,2,k16,F16,geometric,0.053214557003229856,367280,90,b65ded9f0b0892bf0c056a679273dea504eaa5f2bee6f1b960c8de2d1248aa85
0,2,k16,F16,original_full,0.06527020399516914,440391,108,b65ded9f0b0892bf0c056a679273dea504eaa5f2bee6f1b960c8de2d1248aa85
0,2,k16,F16,layout_full,0.0605219339922769,440391,108,b65ded9f0b0892bf0c056a679273dea504eaa5f2bee6f1b960c8de2d1248aa85
0,2,k16,F8,geometric,0.051747485995292664,367280,90,b65ded9f0b0892bf0c056a679273dea504eaa5f2bee6f1b960c8de2d1248aa85
0,2,k16,F8,original_full,0.05396820999158081,440391,108,b65ded9f0b0892bf0c056a679273dea504eaa5f2bee6f1b960c8de2d1248aa85
0,2,k16,F8,layout_full,0.05594445099995937,440391,108,b65ded9f0b0892bf0c056a679273dea504eaa5f2bee6f1b960c8de2d1248aa85
0,3,k16,F8,geometric,0.05086425600165967,367280,90,b65ded9f0b0892bf0c056a679273dea504eaa5f2bee6f1b960c8de2d1248aa85
0,3,k16,F8,layout_full,0.05562655899848323,440391,108,b65ded9f0b0892bf0c056a679273dea504eaa5f2bee6f1b960c8de2d1248aa85
0,3,k16,F8,original_full,0.054701418994227424,440391,108,b65ded9f0b0892bf0c056a679273dea504eaa5f2bee6f1b960c8de2d1248aa85
0,3,k16,F16,geometric,0.05299262200423982,367280,90,b65ded9f0b0892bf0c056a679273dea504eaa5f2bee6f1b960c8de2d1248aa85
0,3,k16,F16,layout_full,0.05852277200028766,440391,108,b65ded9f0b0892bf0c056a679273dea504eaa5f2bee6f1b960c8de2d1248aa85
0,3,k16,F16,original_full,0.05874075900646858,440391,108,b65ded9f0b0892bf0c056a679273dea504eaa5f2bee6f1b960c8de2d1248aa85
0,0,k64,F8,original_full,0.07086325300042517,440391,108,4863a23e3edeb18d5e72d89fb0e25c0dbaea17762bbc98a7159803be72407a80
0,0,k64,F8,layout_full,0.07190719600475859,440391,108,4863a23e3edeb18d5e72d89fb0e25c0dbaea17762bbc98a7159803be72407a80
0,0,k64,F8,geometric,0.06806153499928769,384759,94,4863a23e3edeb18d5e72d89fb0e25c0dbaea17762bbc98a7159803be72407a80
0,0,k64,F16,original_full,0.07255361799616367,440391,108,4863a23e3edeb18d5e72d89fb0e25c0dbaea17762bbc98a7159803be72407a80
0,0,k64,F16,layout_full,0.07257556999684311,440391,108,4863a23e3edeb18d5e72d89fb0e25c0dbaea17762bbc98a7159803be72407a80
0,0,k64,F16,geometric,0.06867957800568547,384759,94,4863a23e3edeb18d5e72d89fb0e25c0dbaea17762bbc98a7159803be72407a80
0,1,k64,F16,original_full,0.07257618001312949,440391,108,4863a23e3edeb18d5e72d89fb0e25c0dbaea17762bbc98a7159803be72407a80
0,1,k64,F16,geometric,0.06820758200774435,384759,94,4863a23e3edeb18d5e72d89fb0e25c0dbaea17762bbc98a7159803be72407a80
0,1,k64,F16,layout_full,0.072846233000746,440391,108,4863a23e3edeb18d5e72d89fb0e25c0dbaea17762bbc98a7159803be72407a80
0,1,k64,F8,original_full,0.0697705299971858,440391,108,4863a23e3edeb18d5e72d89fb0e25c0dbaea17762bbc98a7159803be72407a80
0,1,k64,F8,geometric,0.0681108970020432,384759,94,4863a23e3edeb18d5e72d89fb0e25c0dbaea17762bbc98a7159803be72407a80
0,1,k64,F8,layout_full,0.07292859299923293,440391,108,4863a23e3edeb18d5e72d89fb0e25c0dbaea17762bbc98a7159803be72407a80
0,2,k64,F8,geometric,0.06840268199448474,384759,94,4863a23e3edeb18d5e72d89fb0e25c0dbaea17762bbc98a7159803be72407a80
0,2,k64,F8,original_full,0.07228159900114406,440391,108,4863a23e3edeb18d5e72d89fb0e25c0dbaea17762bbc98a7159803be72407a80
0,2,k64,F8,layout_full,0.0740612230001716,440391,108,4863a23e3edeb18d5e72d89fb0e25c0dbaea17762bbc98a7159803be72407a80
0,2,k64,F16,geometric,0.06985006600734778,384759,94,4863a23e3edeb18d5e72d89fb0e25c0dbaea17762bbc98a7159803be72407a80
0,2,k64,F16,original_full,0.07282778399530798,440391,108,4863a23e3edeb18d5e72d89fb0e25c0dbaea17762bbc98a7159803be72407a80
0,2,k64,F16,layout_full,0.07358906899753492,440391,108,4863a23e3edeb18d5e72d89fb0e25c0dbaea17762bbc98a7159803be72407a80
0,3,k64,F16,geometric,0.0708884850027971,384759,94,4863a23e3edeb18d5e72d89fb0e25c0dbaea17762bbc98a7159803be72407a80
0,3,k64,F16,layout_full,0.07362775100045837,440391,108,4863a23e3edeb18d5e72d89fb0e25c0dbaea17762bbc98a7159803be72407a80
0,3,k64,F16,original_full,0.07236111800011713,440391,108,4863a23e3edeb18d5e72d89fb0e25c0dbaea17762bbc98a7159803be72407a80
0,3,k64,F8,geometric,0.06875490301172249,384759,94,4863a23e3edeb18d5e72d89fb0e25c0dbaea17762bbc98a7159803be72407a80
0,3,k64,F8,layout_full,0.07461695700476412,440391,108,4863a23e3edeb18d5e72d89fb0e25c0dbaea17762bbc98a7159803be72407a80
0,3,k64,F8,original_full,0.07046122600149829,440391,108,4863a23e3edeb18d5e72d89fb0e25c0dbaea17762bbc98a7159803be72407a80
0,0,original,F16,original_full,0.07293807200039737,440391,108,13cae87e6a0f75a13f3e9a7881b33c42ab77680f6d13e99dcc00fa2de5963495
0,0,original,F16,layout_full,0.07359876199916471,440391,108,13cae87e6a0f75a13f3e9a7881b33c42ab77680f6d13e99dcc00fa2de5963495
0,0,original,F16,geometric,0.06928526300180238,384971,94,13cae87e6a0f75a13f3e9a7881b33c42ab77680f6d13e99dcc00fa2de5963495
0,0,original,F8,original_full,0.07086066900228616,440391,108,13cae87e6a0f75a13f3e9a7881b33c42ab77680f6d13e99dcc00fa2de5963495
0,0,original,F8,layout_full,0.07266289700055495,440391,108,13cae87e6a0f75a13f3e9a7881b33c42ab77680f6d13e99dcc00fa2de5963495
0,0,original,F8,geometric,0.06918753701029345,384971,94,13cae87e6a0f75a13f3e9a7881b33c42ab77680f6d13e99dcc00fa2de5963495
0,1,original,F8,original_full,0.0704217969905585,440391,108,13cae87e6a0f75a13f3e9a7881b33c42ab77680f6d13e99dcc00fa2de5963495
0,1,original,F8,geometric,0.06907996999507304,384971,94,13cae87e6a0f75a13f3e9a7881b33c42ab77680f6d13e99dcc00fa2de5963495
0,1,original,F8,layout_full,0.07357782800681889,440391,108,13cae87e6a0f75a13f3e9a7881b33c42ab77680f6d13e99dcc00fa2de5963495
0,1,original,F16,original_full,0.07282284200482536,440391,108,13cae87e6a0f75a13f3e9a7881b33c42ab77680f6d13e99dcc00fa2de5963495
0,1,original,F16,geometric,0.0693037790042581,384971,94,13cae87e6a0f75a13f3e9a7881b33c42ab77680f6d13e99dcc00fa2de5963495
0,1,original,F16,layout_full,0.07386948900239076,440391,108,13cae87e6a0f75a13f3e9a7881b33c42ab77680f6d13e99dcc00fa2de5963495
0,2,original,F16,geometric,0.06937042300705798,384971,94,13cae87e6a0f75a13f3e9a7881b33c42ab77680f6d13e99dcc00fa2de5963495
0,2,original,F16,original_full,0.07265585400455166,440391,108,13cae87e6a0f75a13f3e9a7881b33c42ab77680f6d13e99dcc00fa2de5963495
0,2,original,F16,layout_full,0.07327385099779349,440391,108,13cae87e6a0f75a13f3e9a7881b33c42ab77680f6d13e99dcc00fa2de5963495
0,2,original,F8,geometric,0.06903234400670044,384971,94,13cae87e6a0f75a13f3e9a7881b33c42ab77680f6d13e99dcc00fa2de5963495
0,2,original,F8,original_full,0.07023389900859911,440391,108,13cae87e6a0f75a13f3e9a7881b33c42ab77680f6d13e99dcc00fa2de5963495
0,2,original,F8,layout_full,0.07238892500754446,440391,108,13cae87e6a0f75a13f3e9a7881b33c42ab77680f6d13e99dcc00fa2de5963495
0,3,original,F8,geometric,0.06862438900861889,384971,94,13cae87e6a0f75a13f3e9a7881b33c42ab77680f6d13e99dcc00fa2de5963495
0,3,original,F8,layout_full,0.07281081299879588,440391,108,13cae87e6a0f75a13f3e9a7881b33c42ab77680f6d13e99dcc00fa2de5963495
0,3,original,F8,original_full,0.07015576200501528,440391,108,13cae87e6a0f75a13f3e9a7881b33c42ab77680f6d13e99dcc00fa2de5963495
0,3,original,F16,geometric,0.07148486199730542,384971,94,13cae87e6a0f75a13f3e9a7881b33c42ab77680f6d13e99dcc00fa2de5963495
0,3,original,F16,layout_full,0.07674243098881561,440391,108,13cae87e6a0f75a13f3e9a7881b33c42ab77680f6d13e99dcc00fa2de5963495
0,3,original,F16,original_full,0.0738205819943687,440391,108,13cae87e6a0f75a13f3e9a7881b33c42ab77680f6d13e99dcc00fa2de5963495
0,0,k256,F8,original_full,0.13173487898893654,440391,108,49160b0fece513842a1194c0aaca5b2d06de6de417533c401ac0c383b2e70611
0,0,k256,F8,layout_full,0.13397556000563782,440391,108,49160b0fece513842a1194c0aaca5b2d06de6de417533c401ac0c383b2e70611
0,0,k256,F8,geometric,0.13211381000292022,400071,98,49160b0fece513842a1194c0aaca5b2d06de6de417533c401ac0c383b2e70611
0,0,k256,F16,original_full,0.12591039200196974,440391,108,49160b0fece513842a1194c0aaca5b2d06de6de417533c401ac0c383b2e70611
0,0,k256,F16,layout_full,0.1263419979950413,440391,108,49160b0fece513842a1194c0aaca5b2d06de6de417533c401ac0c383b2e70611
0,0,k256,F16,geometric,0.12411817400425207,400071,98,49160b0fece513842a1194c0aaca5b2d06de6de417533c401ac0c383b2e70611
0,1,k256,F16,original_full,0.12698526999156456,440391,108,49160b0fece513842a1194c0aaca5b2d06de6de417533c401ac0c383b2e70611
0,1,k256,F16,geometric,0.12506556199514307,400071,98,49160b0fece513842a1194c0aaca5b2d06de6de417533c401ac0c383b2e70611
0,1,k256,F16,layout_full,0.12587081600213423,440391,108,49160b0fece513842a1194c0aaca5b2d06de6de417533c401ac0c383b2e70611
0,1,k256,F8,original_full,0.13201990000379737,440391,108,49160b0fece513842a1194c0aaca5b2d06de6de417533c401ac0c383b2e70611
0,1,k256,F8,geometric,0.13171151399728842,400071,98,49160b0fece513842a1194c0aaca5b2d06de6de417533c401ac0c383b2e70611
0,1,k256,F8,layout_full,0.13397658499889076,440391,108,49160b0fece513842a1194c0aaca5b2d06de6de417533c401ac0c383b2e70611
0,2,k256,F8,geometric,0.13191200199071318,400071,98,49160b0fece513842a1194c0aaca5b2d06de6de417533c401ac0c383b2e70611
0,2,k256,F8,original_full,0.13163130800239742,440391,108,49160b0fece513842a1194c0aaca5b2d06de6de417533c401ac0c383b2e70611
0,2,k256,F8,layout_full,0.13390958899981342,440391,108,49160b0fece513842a1194c0aaca5b2d06de6de417533c401ac0c383b2e70611
0,2,k256,F16,geometric,0.12390218400105368,400071,98,49160b0fece513842a1194c0aaca5b2d06de6de417533c401ac0c383b2e70611
0,2,k256,F16,original_full,0.12550632200145628,440391,108,49160b0fece513842a1194c0aaca5b2d06de6de417533c401ac0c383b2e70611
0,2,k256,F16,layout_full,0.12648507198900916,440391,108,49160b0fece513842a1194c0aaca5b2d06de6de417533c401ac0c383b2e70611
0,3,k256,F16,geometric,0.1240819869999541,400071,98,49160b0fece513842a1194c0aaca5b2d06de6de417533c401ac0c383b2e70611
0,3,k256,F16,layout_full,0.1263108910061419,440391,108,49160b0fece513842a1194c0aaca5b2d06de6de417533c401ac0c383b2e70611
0,3,k256,F16,original_full,0.12580195200280286,440391,108,49160b0fece513842a1194c0aaca5b2d06de6de417533c401ac0c383b2e70611
0,3,k256,F8,geometric,0.13183074499829672,400071,98,49160b0fece513842a1194c0aaca5b2d06de6de417533c401ac0c383b2e70611
0,3,k256,F8,layout_full,0.13406516599934548,440391,108,49160b0fece513842a1194c0aaca5b2d06de6de417533c401ac0c383b2e70611
0,3,k256,F8,original_full,0.13154032800230198,440391,108,49160b0fece513842a1194c0aaca5b2d06de6de417533c401ac0c383b2e70611
0,0,k1024,F16,original_full,0.34348675099317916,440391,108,1aa5d88ffa1f87e75ad08af781637cb073d2c862378f6b4dcf84f2a56c3d6fe3
0,0,k1024,F16,layout_full,0.34270465599547606,440391,108,1aa5d88ffa1f87e75ad08af781637cb073d2c862378f6b4dcf84f2a56c3d6fe3
0,0,k1024,F16,geometric,0.34114311399753205,413156,101,1aa5d88ffa1f87e75ad08af781637cb073d2c862378f6b4dcf84f2a56c3d6fe3
0,0,k1024,F8,original_full,0.3817776700016111,440391,108,1aa5d88ffa1f87e75ad08af781637cb073d2c862378f6b4dcf84f2a56c3d6fe3
0,0,k1024,F8,layout_full,0.37940087499737274,440391,108,1aa5d88ffa1f87e75ad08af781637cb073d2c862378f6b4dcf84f2a56c3d6fe3
0,0,k1024,F8,geometric,0.3772497729951283,413156,101,1aa5d88ffa1f87e75ad08af781637cb073d2c862378f6b4dcf84f2a56c3d6fe3
0,1,k1024,F8,original_full,0.37925579999864567,440391,108,1aa5d88ffa1f87e75ad08af781637cb073d2c862378f6b4dcf84f2a56c3d6fe3
0,1,k1024,F8,geometric,0.3782268889917759,413156,101,1aa5d88ffa1f87e75ad08af781637cb073d2c862378f6b4dcf84f2a56c3d6fe3
0,1,k1024,F8,layout_full,0.3788472570013255,440391,108,1aa5d88ffa1f87e75ad08af781637cb073d2c862378f6b4dcf84f2a56c3d6fe3
0,1,k1024,F16,original_full,0.3446607119985856,440391,108,1aa5d88ffa1f87e75ad08af781637cb073d2c862378f6b4dcf84f2a56c3d6fe3
0,1,k1024,F16,geometric,0.3414835120056523,413156,101,1aa5d88ffa1f87e75ad08af781637cb073d2c862378f6b4dcf84f2a56c3d6fe3
0,1,k1024,F16,layout_full,0.34335150399419945,440391,108,1aa5d88ffa1f87e75ad08af781637cb073d2c862378f6b4dcf84f2a56c3d6fe3
0,2,k1024,F16,geometric,0.34074399899691343,413156,101,1aa5d88ffa1f87e75ad08af781637cb073d2c862378f6b4dcf84f2a56c3d6fe3
0,2,k1024,F16,original_full,0.3431044210010441,440391,108,1aa5d88ffa1f87e75ad08af781637cb073d2c862378f6b4dcf84f2a56c3d6fe3
0,2,k1024,F16,layout_full,0.34288470199680887,440391,108,1aa5d88ffa1f87e75ad08af781637cb073d2c862378f6b4dcf84f2a56c3d6fe3
0,2,k1024,F8,geometric,0.3754338930011727,413156,101,1aa5d88ffa1f87e75ad08af781637cb073d2c862378f6b4dcf84f2a56c3d6fe3
0,2,k1024,F8,original_full,0.37800344900460914,440391,108,1aa5d88ffa1f87e75ad08af781637cb073d2c862378f6b4dcf84f2a56c3d6fe3
0,2,k1024,F8,layout_full,0.37516933800361585,440391,108,1aa5d88ffa1f87e75ad08af781637cb073d2c862378f6b4dcf84f2a56c3d6fe3
0,3,k1024,F8,geometric,0.3754071799921803,413156,101,1aa5d88ffa1f87e75ad08af781637cb073d2c862378f6b4dcf84f2a56c3d6fe3
0,3,k1024,F8,layout_full,0.3762227020051796,440391,108,1aa5d88ffa1f87e75ad08af781637cb073d2c862378f6b4dcf84f2a56c3d6fe3
0,3,k1024,F8,original_full,0.37772182701155543,440391,108,1aa5d88ffa1f87e75ad08af781637cb073d2c862378f6b4dcf84f2a56c3d6fe3
0,3,k1024,F16,geometric,0.33976212999550626,413156,101,1aa5d88ffa1f87e75ad08af781637cb073d2c862378f6b4dcf84f2a56c3d6fe3
0,3,k1024,F16,layout_full,0.3410978960018838,440391,108,1aa5d88ffa1f87e75ad08af781637cb073d2c862378f6b4dcf84f2a56c3d6fe3
0,3,k1024,F16,original_full,0.34208783801295795,440391,108,1aa5d88ffa1f87e75ad08af781637cb073d2c862378f6b4dcf84f2a56c3d6fe3
1,0,k4,F16,layout_full,0.05186606600182131,440391,108,0b1503dbe8814b114412ba0d04f6d10d958ae15ab7817d3a8dab4413f8f7579a
1,0,k4,F16,geometric,0.045009691995801404,346802,85,0b1503dbe8814b114412ba0d04f6d10d958ae15ab7817d3a8dab4413f8f7579a
1,0,k4,F16,original_full,0.05213526800798718,440391,108,0b1503dbe8814b114412ba0d04f6d10d958ae15ab7817d3a8dab4413f8f7579a
1,0,k4,F8,layout_full,0.05085942801088095,440391,108,0b1503dbe8814b114412ba0d04f6d10d958ae15ab7817d3a8dab4413f8f7579a
1,0,k4,F8,geometric,0.04334924499562476,346802,85,0b1503dbe8814b114412ba0d04f6d10d958ae15ab7817d3a8dab4413f8f7579a
1,0,k4,F8,original_full,0.04733972600661218,440391,108,0b1503dbe8814b114412ba0d04f6d10d958ae15ab7817d3a8dab4413f8f7579a
1,1,k4,F8,layout_full,0.048188080996624194,440391,108,0b1503dbe8814b114412ba0d04f6d10d958ae15ab7817d3a8dab4413f8f7579a
1,1,k4,F8,original_full,0.047280329003115185,440391,108,0b1503dbe8814b114412ba0d04f6d10d958ae15ab7817d3a8dab4413f8f7579a
1,1,k4,F8,geometric,0.04283403400040697,346802,85,0b1503dbe8814b114412ba0d04f6d10d958ae15ab7817d3a8dab4413f8f7579a
1,1,k4,F16,layout_full,0.050957750994712114,440391,108,0b1503dbe8814b114412ba0d04f6d10d958ae15ab7817d3a8dab4413f8f7579a
1,1,k4,F16,original_full,0.05226938500709366,440391,108,0b1503dbe8814b114412ba0d04f6d10d958ae15ab7817d3a8dab4413f8f7579a
1,1,k4,F16,geometric,0.04464818500855472,346802,85,0b1503dbe8814b114412ba0d04f6d10d958ae15ab7817d3a8dab4413f8f7579a
1,2,k4,F16,original_full,0.052140947998850606,440391,108,0b1503dbe8814b114412ba0d04f6d10d958ae15ab7817d3a8dab4413f8f7579a
1,2,k4,F16,layout_full,0.05069876699417364,440391,108,0b1503dbe8814b114412ba0d04f6d10d958ae15ab7817d3a8dab4413f8f7579a
1,2,k4,F16,geometric,0.044562741997651756,346802,85,0b1503dbe8814b114412ba0d04f6d10d958ae15ab7817d3a8dab4413f8f7579a
1,2,k4,F8,original_full,0.04710988199803978,440391,108,0b1503dbe8814b114412ba0d04f6d10d958ae15ab7817d3a8dab4413f8f7579a
1,2,k4,F8,layout_full,0.047913022004649974,440391,108,0b1503dbe8814b114412ba0d04f6d10d958ae15ab7817d3a8dab4413f8f7579a
1,2,k4,F8,geometric,0.0426616019976791,346802,85,0b1503dbe8814b114412ba0d04f6d10d958ae15ab7817d3a8dab4413f8f7579a
1,3,k4,F8,original_full,0.047093636996578425,440391,108,0b1503dbe8814b114412ba0d04f6d10d958ae15ab7817d3a8dab4413f8f7579a
1,3,k4,F8,geometric,0.042462994999368675,346802,85,0b1503dbe8814b114412ba0d04f6d10d958ae15ab7817d3a8dab4413f8f7579a
1,3,k4,F8,layout_full,0.047907340005622245,440391,108,0b1503dbe8814b114412ba0d04f6d10d958ae15ab7817d3a8dab4413f8f7579a
1,3,k4,F16,original_full,0.05197298699931707,440391,108,0b1503dbe8814b114412ba0d04f6d10d958ae15ab7817d3a8dab4413f8f7579a
1,3,k4,F16,geometric,0.04427057900466025,346802,85,0b1503dbe8814b114412ba0d04f6d10d958ae15ab7817d3a8dab4413f8f7579a
1,3,k4,F16,layout_full,0.05037967799580656,440391,108,0b1503dbe8814b114412ba0d04f6d10d958ae15ab7817d3a8dab4413f8f7579a
1,0,k1024,F8,layout_full,0.4381999320030445,440391,108,1aa5d88ffa1f87e75ad08af781637cb073d2c862378f6b4dcf84f2a56c3d6fe3
1,0,k1024,F8,geometric,0.3790994650044013,413156,101,1aa5d88ffa1f87e75ad08af781637cb073d2c862378f6b4dcf84f2a56c3d6fe3
1,0,k1024,F8,original_full,0.3844684350042371,440391,108,1aa5d88ffa1f87e75ad08af781637cb073d2c862378f6b4dcf84f2a56c3d6fe3
1,0,k1024,F16,layout_full,0.34489821500028484,440391,108,1aa5d88ffa1f87e75ad08af781637cb073d2c862378f6b4dcf84f2a56c3d6fe3
1,0,k1024,F16,geometric,0.34460455999942496,413156,101,1aa5d88ffa1f87e75ad08af781637cb073d2c862378f6b4dcf84f2a56c3d6fe3
1,0,k1024,F16,original_full,0.34624318999703974,440391,108,1aa5d88ffa1f87e75ad08af781637cb073d2c862378f6b4dcf84f2a56c3d6fe3
1,1,k1024,F16,layout_full,0.3449423959973501,440391,108,1aa5d88ffa1f87e75ad08af781637cb073d2c862378f6b4dcf84f2a56c3d6fe3
1,1,k1024,F16,original_full,0.34578756599512417,440391,108,1aa5d88ffa1f87e75ad08af781637cb073d2c862378f6b4dcf84f2a56c3d6fe3
1,1,k1024,F16,geometric,0.3441155000036815,413156,101,1aa5d88ffa1f87e75ad08af781637cb073d2c862378f6b4dcf84f2a56c3d6fe3
1,1,k1024,F8,layout_full,0.38238772700424306,440391,108,1aa5d88ffa1f87e75ad08af781637cb073d2c862378f6b4dcf84f2a56c3d6fe3
1,1,k1024,F8,original_full,0.38576101198850665,440391,108,1aa5d88ffa1f87e75ad08af781637cb073d2c862378f6b4dcf84f2a56c3d6fe3
1,1,k1024,F8,geometric,0.38415738999901805,413156,101,1aa5d88ffa1f87e75ad08af781637cb073d2c862378f6b4dcf84f2a56c3d6fe3
1,2,k1024,F8,original_full,0.38147538200428244,440391,108,1aa5d88ffa1f87e75ad08af781637cb073d2c862378f6b4dcf84f2a56c3d6fe3
1,2,k1024,F8,layout_full,0.38119581100181676,440391,108,1aa5d88ffa1f87e75ad08af781637cb073d2c862378f6b4dcf84f2a56c3d6fe3
1,2,k1024,F8,geometric,0.37856259000545833,413156,101,1aa5d88ffa1f87e75ad08af781637cb073d2c862378f6b4dcf84f2a56c3d6fe3
1,2,k1024,F16,original_full,0.3458983159944182,440391,108,1aa5d88ffa1f87e75ad08af781637cb073d2c862378f6b4dcf84f2a56c3d6fe3
1,2,k1024,F16,layout_full,0.34419131401227787,440391,108,1aa5d88ffa1f87e75ad08af781637cb073d2c862378f6b4dcf84f2a56c3d6fe3
1,2,k1024,F16,geometric,0.3432839529996272,413156,101,1aa5d88ffa1f87e75ad08af781637cb073d2c862378f6b4dcf84f2a56c3d6fe3
1,3,k1024,F16,original_full,0.34560488200804684,440391,108,1aa5d88ffa1f87e75ad08af781637cb073d2c862378f6b4dcf84f2a56c3d6fe3
1,3,k1024,F16,geometric,0.3920199669955764,413156,101,1aa5d88ffa1f87e75ad08af781637cb073d2c862378f6b4dcf84f2a56c3d6fe3
1,3,k1024,F16,layout_full,0.34190044199931435,440391,108,1aa5d88ffa1f87e75ad08af781637cb073d2c862378f6b4dcf84f2a56c3d6fe3
1,3,k1024,F8,original_full,0.378190399002051,440391,108,1aa5d88ffa1f87e75ad08af781637cb073d2c862378f6b4dcf84f2a56c3d6fe3
1,3,k1024,F8,geometric,0.37587984299170785,413156,101,1aa5d88ffa1f87e75ad08af781637cb073d2c862378f6b4dcf84f2a56c3d6fe3
1,3,k1024,F8,layout_full,0.3762996360019315,440391,108,1aa5d88ffa1f87e75ad08af781637cb073d2c862378f6b4dcf84f2a56c3d6fe3
1,0,k256,F16,layout_full,0.12709928399999626,440391,108,49160b0fece513842a1194c0aaca5b2d06de6de417533c401ac0c383b2e70611
1,0,k256,F16,geometric,0.12489195200032555,400071,98,49160b0fece513842a1194c0aaca5b2d06de6de417533c401ac0c383b2e70611
1,0,k256,F16,original_full,0.12659067600907292,440391,108,49160b0fece513842a1194c0aaca5b2d06de6de417533c401ac0c383b2e70611
1,0,k256,F8,layout_full,0.13477382699784357,440391,108,49160b0fece513842a1194c0aaca5b2d06de6de417533c401ac0c383b2e70611
1,0,k256,F8,geometric,0.1326962849998381,400071,98,49160b0fece513842a1194c0aaca5b2d06de6de417533c401ac0c383b2e70611
1,0,k256,F8,original_full,0.13195743400137872,440391,108,49160b0fece513842a1194c0aaca5b2d06de6de417533c401ac0c383b2e70611
1,1,k256,F8,layout_full,0.1347625899943523,440391,108,49160b0fece513842a1194c0aaca5b2d06de6de417533c401ac0c383b2e70611
1,1,k256,F8,original_full,0.13203521999821533,440391,108,49160b0fece513842a1194c0aaca5b2d06de6de417533c401ac0c383b2e70611
1,1,k256,F8,geometric,0.1327002839971101,400071,98,49160b0fece513842a1194c0aaca5b2d06de6de417533c401ac0c383b2e70611
1,1,k256,F16,layout_full,0.1286141690070508,440391,108,49160b0fece513842a1194c0aaca5b2d06de6de417533c401ac0c383b2e70611
1,1,k256,F16,original_full,0.1256943940097699,440391,108,49160b0fece513842a1194c0aaca5b2d06de6de417533c401ac0c383b2e70611
1,1,k256,F16,geometric,0.14294242599862628,400071,98,49160b0fece513842a1194c0aaca5b2d06de6de417533c401ac0c383b2e70611
1,2,k256,F16,original_full,0.14297439099755138,440391,108,49160b0fece513842a1194c0aaca5b2d06de6de417533c401ac0c383b2e70611
1,2,k256,F16,layout_full,0.12535899398790207,440391,108,49160b0fece513842a1194c0aaca5b2d06de6de417533c401ac0c383b2e70611
1,2,k256,F16,geometric,0.12327876999916043,400071,98,49160b0fece513842a1194c0aaca5b2d06de6de417533c401ac0c383b2e70611
1,2,k256,F8,original_full,0.13330291700549424,440391,108,49160b0fece513842a1194c0aaca5b2d06de6de417533c401ac0c383b2e70611
1,2,k256,F8,layout_full,0.13281172000279184,440391,108,49160b0fece513842a1194c0aaca5b2d06de6de417533c401ac0c383b2e70611
1,2,k256,F8,geometric,0.13168732899066526,400071,98,49160b0fece513842a1194c0aaca5b2d06de6de417533c401ac0c383b2e70611
1,3,k256,F8,original_full,0.1308161140041193,440391,108,49160b0fece513842a1194c0aaca5b2d06de6de417533c401ac0c383b2e70611
1,3,k256,F8,geometric,0.13119583200023044,400071,98,49160b0fece513842a1194c0aaca5b2d06de6de417533c401ac0c383b2e70611
1,3,k256,F8,layout_full,0.1328032049932517,440391,108,49160b0fece513842a1194c0aaca5b2d06de6de417533c401ac0c383b2e70611
1,3,k256,F16,original_full,0.12472073799290229,440391,108,49160b0fece513842a1194c0aaca5b2d06de6de417533c401ac0c383b2e70611
1,3,k256,F16,geometric,0.12303502199938521,400071,98,49160b0fece513842a1194c0aaca5b2d06de6de417533c401ac0c383b2e70611
1,3,k256,F16,layout_full,0.12513481300265994,440391,108,49160b0fece513842a1194c0aaca5b2d06de6de417533c401ac0c383b2e70611
1,0,original,F8,layout_full,0.07055021099222358,440391,108,13cae87e6a0f75a13f3e9a7881b33c42ab77680f6d13e99dcc00fa2de5963495
1,0,original,F8,geometric,0.06885811399843078,384971,94,13cae87e6a0f75a13f3e9a7881b33c42ab77680f6d13e99dcc00fa2de5963495
1,0,original,F8,original_full,0.06809554999927059,440391,108,13cae87e6a0f75a13f3e9a7881b33c42ab77680f6d13e99dcc00fa2de5963495
1,0,original,F16,layout_full,0.0713191300019389,440391,108,13cae87e6a0f75a13f3e9a7881b33c42ab77680f6d13e99dcc00fa2de5963495
1,0,original,F16,geometric,0.06888240699481685,384971,94,13cae87e6a0f75a13f3e9a7881b33c42ab77680f6d13e99dcc00fa2de5963495
1,0,original,F16,original_full,0.0700820299971383,440391,108,13cae87e6a0f75a13f3e9a7881b33c42ab77680f6d13e99dcc00fa2de5963495
1,1,original,F16,layout_full,0.07106880299397744,440391,108,13cae87e6a0f75a13f3e9a7881b33c42ab77680f6d13e99dcc00fa2de5963495
1,1,original,F16,original_full,0.06991583800117951,440391,108,13cae87e6a0f75a13f3e9a7881b33c42ab77680f6d13e99dcc00fa2de5963495
1,1,original,F16,geometric,0.0692111649987055,384971,94,13cae87e6a0f75a13f3e9a7881b33c42ab77680f6d13e99dcc00fa2de5963495
1,1,original,F8,layout_full,0.07019749098981265,440391,108,13cae87e6a0f75a13f3e9a7881b33c42ab77680f6d13e99dcc00fa2de5963495
1,1,original,F8,original_full,0.06802009500097483,440391,108,13cae87e6a0f75a13f3e9a7881b33c42ab77680f6d13e99dcc00fa2de5963495
1,1,original,F8,geometric,0.06828779200441204,384971,94,13cae87e6a0f75a13f3e9a7881b33c42ab77680f6d13e99dcc00fa2de5963495
1,2,original,F8,original_full,0.0777644220070215,440391,108,13cae87e6a0f75a13f3e9a7881b33c42ab77680f6d13e99dcc00fa2de5963495
1,2,original,F8,layout_full,0.08016544299607631,440391,108,13cae87e6a0f75a13f3e9a7881b33c42ab77680f6d13e99dcc00fa2de5963495
1,2,original,F8,geometric,0.07830779100186191,384971,94,13cae87e6a0f75a13f3e9a7881b33c42ab77680f6d13e99dcc00fa2de5963495
1,2,original,F16,original_full,0.08068163099233061,440391,108,13cae87e6a0f75a13f3e9a7881b33c42ab77680f6d13e99dcc00fa2de5963495
1,2,original,F16,layout_full,0.08070663300168235,440391,108,13cae87e6a0f75a13f3e9a7881b33c42ab77680f6d13e99dcc00fa2de5963495
1,2,original,F16,geometric,0.07836983598826919,384971,94,13cae87e6a0f75a13f3e9a7881b33c42ab77680f6d13e99dcc00fa2de5963495
1,3,original,F16,original_full,0.07921067500137724,440391,108,13cae87e6a0f75a13f3e9a7881b33c42ab77680f6d13e99dcc00fa2de5963495
1,3,original,F16,geometric,0.07841781000024639,384971,94,13cae87e6a0f75a13f3e9a7881b33c42ab77680f6d13e99dcc00fa2de5963495
1,3,original,F16,layout_full,0.08051822800189257,440391,108,13cae87e6a0f75a13f3e9a7881b33c42ab77680f6d13e99dcc00fa2de5963495
1,3,original,F8,original_full,0.07624991300690453,440391,108,13cae87e6a0f75a13f3e9a7881b33c42ab77680f6d13e99dcc00fa2de5963495
1,3,original,F8,geometric,0.07772306200058665,384971,94,13cae87e6a0f75a13f3e9a7881b33c42ab77680f6d13e99dcc00fa2de5963495
1,3,original,F8,layout_full,0.0793161869951291,440391,108,13cae87e6a0f75a13f3e9a7881b33c42ab77680f6d13e99dcc00fa2de5963495
1,0,k64,F16,layout_full,0.07984967999800574,440391,108,4863a23e3edeb18d5e72d89fb0e25c0dbaea17762bbc98a7159803be72407a80
1,0,k64,F16,geometric,0.0603944530012086,384759,94,4863a23e3edeb18d5e72d89fb0e25c0dbaea17762bbc98a7159803be72407a80
1,0,k64,F16,original_full,0.0697258019936271,440391,108,4863a23e3edeb18d5e72d89fb0e25c0dbaea17762bbc98a7159803be72407a80
1,0,k64,F8,layout_full,0.057469684004900046,440391,108,4863a23e3edeb18d5e72d89fb0e25c0dbaea17762bbc98a7159803be72407a80
1,0,k64,F8,geometric,0.05414326299796812,384759,94,4863a23e3edeb18d5e72d89fb0e25c0dbaea17762bbc98a7159803be72407a80
1,0,k64,F8,original_full,0.06740888800413813,440391,108,4863a23e3edeb18d5e72d89fb0e25c0dbaea17762bbc98a7159803be72407a80
1,1,k64,F8,layout_full,0.05745877799927257,440391,108,4863a23e3edeb18d5e72d89fb0e25c0dbaea17762bbc98a7159803be72407a80
1,1,k64,F8,original_full,0.05540771900268737,440391,108,4863a23e3edeb18d5e72d89fb0e25c0dbaea17762bbc98a7159803be72407a80
1,1,k64,F8,geometric,0.0542082290048711,384759,94,4863a23e3edeb18d5e72d89fb0e25c0dbaea17762bbc98a7159803be72407a80
1,1,k64,F16,layout_full,0.07044900899927597,440391,108,4863a23e3edeb18d5e72d89fb0e25c0dbaea17762bbc98a7159803be72407a80
1,1,k64,F16,original_full,0.05750179999449756,440391,108,4863a23e3edeb18d5e72d89fb0e25c0dbaea17762bbc98a7159803be72407a80
1,1,k64,F16,geometric,0.054784708001534455,384759,94,4863a23e3edeb18d5e72d89fb0e25c0dbaea17762bbc98a7159803be72407a80
1,2,k64,F16,original_full,0.06943704400327988,440391,108,4863a23e3edeb18d5e72d89fb0e25c0dbaea17762bbc98a7159803be72407a80
1,2,k64,F16,layout_full,0.05827242300438229,440391,108,4863a23e3edeb18d5e72d89fb0e25c0dbaea17762bbc98a7159803be72407a80
1,2,k64,F16,geometric,0.05667991300288122,384759,94,4863a23e3edeb18d5e72d89fb0e25c0dbaea17762bbc98a7159803be72407a80
1,2,k64,F8,original_full,0.06715644799987786,440391,108,4863a23e3edeb18d5e72d89fb0e25c0dbaea17762bbc98a7159803be72407a80
1,2,k64,F8,layout_full,0.05706001199723687,440391,108,4863a23e3edeb18d5e72d89fb0e25c0dbaea17762bbc98a7159803be72407a80
1,2,k64,F8,geometric,0.05400937200465705,384759,94,4863a23e3edeb18d5e72d89fb0e25c0dbaea17762bbc98a7159803be72407a80
1,3,k64,F8,original_full,0.06714331399416551,440391,108,4863a23e3edeb18d5e72d89fb0e25c0dbaea17762bbc98a7159803be72407a80
1,3,k64,F8,geometric,0.05431629400118254,384759,94,4863a23e3edeb18d5e72d89fb0e25c0dbaea17762bbc98a7159803be72407a80
1,3,k64,F8,layout_full,0.06912204300169833,440391,108,4863a23e3edeb18d5e72d89fb0e25c0dbaea17762bbc98a7159803be72407a80
1,3,k64,F16,original_full,0.05716733098961413,440391,108,4863a23e3edeb18d5e72d89fb0e25c0dbaea17762bbc98a7159803be72407a80
1,3,k64,F16,geometric,0.05445865300134756,384759,94,4863a23e3edeb18d5e72d89fb0e25c0dbaea17762bbc98a7159803be72407a80
1,3,k64,F16,layout_full,0.06994006599416025,440391,108,4863a23e3edeb18d5e72d89fb0e25c0dbaea17762bbc98a7159803be72407a80
1,0,k16,F8,layout_full,0.051345604995731264,440391,108,b65ded9f0b0892bf0c056a679273dea504eaa5f2bee6f1b960c8de2d1248aa85
1,0,k16,F8,geometric,0.046799025003565475,367280,90,b65ded9f0b0892bf0c056a679273dea504eaa5f2bee6f1b960c8de2d1248aa85
1,0,k16,F8,original_full,0.04963659499480855,440391,108,b65ded9f0b0892bf0c056a679273dea504eaa5f2bee6f1b960c8de2d1248aa85
1,0,k16,F16,layout_full,0.054204497995669954,440391,108,b65ded9f0b0892bf0c056a679273dea504eaa5f2bee6f1b960c8de2d1248aa85
1,0,k16,F16,geometric,0.04934422600490507,367280,90,b65ded9f0b0892bf0c056a679273dea504eaa5f2bee6f1b960c8de2d1248aa85
1,0,k16,F16,original_full,0.054014858993468806,440391,108,b65ded9f0b0892bf0c056a679273dea504eaa5f2bee6f1b960c8de2d1248aa85
1,1,k16,F16,layout_full,0.05396833400300238,440391,108,b65ded9f0b0892bf0c056a679273dea504eaa5f2bee6f1b960c8de2d1248aa85
1,1,k16,F16,original_full,0.05405402299948037,440391,108,b65ded9f0b0892bf0c056a679273dea504eaa5f2bee6f1b960c8de2d1248aa85
1,1,k16,F16,geometric,0.04912441498890985,367280,90,b65ded9f0b0892bf0c056a679273dea504eaa5f2bee6f1b960c8de2d1248aa85
1,1,k16,F8,layout_full,0.05121413500455674,440391,108,b65ded9f0b0892bf0c056a679273dea504eaa5f2bee6f1b960c8de2d1248aa85
1,1,k16,F8,original_full,0.04946654400555417,440391,108,b65ded9f0b0892bf0c056a679273dea504eaa5f2bee6f1b960c8de2d1248aa85
1,1,k16,F8,geometric,0.04706070800602902,367280,90,b65ded9f0b0892bf0c056a679273dea504eaa5f2bee6f1b960c8de2d1248aa85
1,2,k16,F8,original_full,0.04939545699744485,440391,108,b65ded9f0b0892bf0c056a679273dea504eaa5f2bee6f1b960c8de2d1248aa85
1,2,k16,F8,layout_full,0.051249607000499964,440391,108,b65ded9f0b0892bf0c056a679273dea504eaa5f2bee6f1b960c8de2d1248aa85
1,2,k16,F8,geometric,0.04684118200384546,367280,90,b65ded9f0b0892bf0c056a679273dea504eaa5f2bee6f1b960c8de2d1248aa85
1,2,k16,F16,original_full,0.05386750301113352,440391,108,b65ded9f0b0892bf0c056a679273dea504eaa5f2bee6f1b960c8de2d1248aa85
1,2,k16,F16,layout_full,0.054018162001739256,440391,108,b65ded9f0b0892bf0c056a679273dea504eaa5f2bee6f1b960c8de2d1248aa85
1,2,k16,F16,geometric,0.049261639011092484,367280,90,b65ded9f0b0892bf0c056a679273dea504eaa5f2bee6f1b960c8de2d1248aa85
1,3,k16,F16,original_full,0.05429295300564263,440391,108,b65ded9f0b0892bf0c056a679273dea504eaa5f2bee6f1b960c8de2d1248aa85
1,3,k16,F16,geometric,0.04929749401344452,367280,90,b65ded9f0b0892bf0c056a679273dea504eaa5f2bee6f1b960c8de2d1248aa85
1,3,k16,F16,layout_full,0.05408736699610017,440391,108,b65ded9f0b0892bf0c056a679273dea504eaa5f2bee6f1b960c8de2d1248aa85
1,3,k16,F8,original_full,0.05067753700132016,440391,108,b65ded9f0b0892bf0c056a679273dea504eaa5f2bee6f1b960c8de2d1248aa85
1,3,k16,F8,geometric,0.04759246100729797,367280,90,b65ded9f0b0892bf0c056a679273dea504eaa5f2bee6f1b960c8de2d1248aa85
1,3,k16,F8,layout_full,0.05098475399427116,440391,108,b65ded9f0b0892bf0c056a679273dea504eaa5f2bee6f1b960c8de2d1248aa85
2,0,k64,F8,geometric,0.0692897789995186,384759,94,4863a23e3edeb18d5e72d89fb0e25c0dbaea17762bbc98a7159803be72407a80
2,0,k64,F8,original_full,0.06865573600225616,440391,108,4863a23e3edeb18d5e72d89fb0e25c0dbaea17762bbc98a7159803be72407a80
2,0,k64,F8,layout_full,0.06973798500257544,440391,108,4863a23e3edeb18d5e72d89fb0e25c0dbaea17762bbc98a7159803be72407a80
2,0,k64,F16,geometric,0.06882896499882918,384759,94,4863a23e3edeb18d5e72d89fb0e25c0dbaea17762bbc98a7159803be72407a80
2,0,k64,F16,original_full,0.07015140900330152,440391,108,4863a23e3edeb18d5e72d89fb0e25c0dbaea17762bbc98a7159803be72407a80
2,0,k64,F16,layout_full,0.0710785340052098,440391,108,4863a23e3edeb18d5e72d89fb0e25c0dbaea17762bbc98a7159803be72407a80
2,1,k64,F16,geometric,0.06875552800192963,384759,94,4863a23e3edeb18d5e72d89fb0e25c0dbaea17762bbc98a7159803be72407a80
2,1,k64,F16,layout_full,0.0701904529996682,440391,108,4863a23e3edeb18d5e72d89fb0e25c0dbaea17762bbc98a7159803be72407a80
2,1,k64,F16,original_full,0.06999096799700055,440391,108,4863a23e3edeb18d5e72d89fb0e25c0dbaea17762bbc98a7159803be72407a80
2,1,k64,F8,geometric,0.06797510098840576,384759,94,4863a23e3edeb18d5e72d89fb0e25c0dbaea17762bbc98a7159803be72407a80
2,1,k64,F8,layout_full,0.0700570369954221,440391,108,4863a23e3edeb18d5e72d89fb0e25c0dbaea17762bbc98a7159803be72407a80
2,1,k64,F8,original_full,0.06816775299375877,440391,108,4863a23e3edeb18d5e72d89fb0e25c0dbaea17762bbc98a7159803be72407a80
2,2,k64,F8,layout_full,0.06973531999392435,440391,108,4863a23e3edeb18d5e72d89fb0e25c0dbaea17762bbc98a7159803be72407a80
2,2,k64,F8,geometric,0.067765240004519,384759,94,4863a23e3edeb18d5e72d89fb0e25c0dbaea17762bbc98a7159803be72407a80
2,2,k64,F8,original_full,0.06784729300125036,440391,108,4863a23e3edeb18d5e72d89fb0e25c0dbaea17762bbc98a7159803be72407a80
2,2,k64,F16,layout_full,0.07044359100109432,440391,108,4863a23e3edeb18d5e72d89fb0e25c0dbaea17762bbc98a7159803be72407a80
2,2,k64,F16,geometric,0.06824037600017618,384759,94,4863a23e3edeb18d5e72d89fb0e25c0dbaea17762bbc98a7159803be72407a80
2,2,k64,F16,original_full,0.07013311400078237,440391,108,4863a23e3edeb18d5e72d89fb0e25c0dbaea17762bbc98a7159803be72407a80
2,3,k64,F16,layout_full,0.07421969198912848,440391,108,4863a23e3edeb18d5e72d89fb0e25c0dbaea17762bbc98a7159803be72407a80
2,3,k64,F16,original_full,0.07009244798973668,440391,108,4863a23e3edeb18d5e72d89fb0e25c0dbaea17762bbc98a7159803be72407a80
2,3,k64,F16,geometric,0.06821159699757118,384759,94,4863a23e3edeb18d5e72d89fb0e25c0dbaea17762bbc98a7159803be72407a80
2,3,k64,F8,layout_full,0.06938673900731374,440391,108,4863a23e3edeb18d5e72d89fb0e25c0dbaea17762bbc98a7159803be72407a80
2,3,k64,F8,original_full,0.06782125699101016,440391,108,4863a23e3edeb18d5e72d89fb0e25c0dbaea17762bbc98a7159803be72407a80
2,3,k64,F8,geometric,0.06773016499937512,384759,94,4863a23e3edeb18d5e72d89fb0e25c0dbaea17762bbc98a7159803be72407a80
2,0,original,F16,geometric,0.07048719500016887,384971,94,13cae87e6a0f75a13f3e9a7881b33c42ab77680f6d13e99dcc00fa2de5963495
2,0,original,F16,original_full,0.07079429099394474,440391,108,13cae87e6a0f75a13f3e9a7881b33c42ab77680f6d13e99dcc00fa2de5963495
2,0,original,F16,layout_full,0.07606011400639545,440391,108,13cae87e6a0f75a13f3e9a7881b33c42ab77680f6d13e99dcc00fa2de5963495
2,0,original,F8,geometric,0.07811419700738043,384971,94,13cae87e6a0f75a13f3e9a7881b33c42ab77680f6d13e99dcc00fa2de5963495
2,0,original,F8,original_full,0.07668760899105109,440391,108,13cae87e6a0f75a13f3e9a7881b33c42ab77680f6d13e99dcc00fa2de5963495
2,0,original,F8,layout_full,0.07949547200405505,440391,108,13cae87e6a0f75a13f3e9a7881b33c42ab77680f6d13e99dcc00fa2de5963495
2,1,original,F8,geometric,0.07735139899887145,384971,94,13cae87e6a0f75a13f3e9a7881b33c42ab77680f6d13e99dcc00fa2de5963495
2,1,original,F8,layout_full,0.07906857100897469,440391,108,13cae87e6a0f75a13f3e9a7881b33c42ab77680f6d13e99dcc00fa2de5963495
2,1,original,F8,original_full,0.07628525799373165,440391,108,13cae87e6a0f75a13f3e9a7881b33c42ab77680f6d13e99dcc00fa2de5963495
2,1,original,F16,geometric,0.07788629400602076,384971,94,13cae87e6a0f75a13f3e9a7881b33c42ab77680f6d13e99dcc00fa2de5963495
2,1,original,F16,layout_full,0.08316677999391686,440391,108,13cae87e6a0f75a13f3e9a7881b33c42ab77680f6d13e99dcc00fa2de5963495
2,1,original,F16,original_full,0.07904970800154842,440391,108,13cae87e6a0f75a13f3e9a7881b33c42ab77680f6d13e99dcc00fa2de5963495
2,2,original,F16,layout_full,0.08010065898997709,440391,108,13cae87e6a0f75a13f3e9a7881b33c42ab77680f6d13e99dcc00fa2de5963495
2,2,original,F16,geometric,0.06891671099583618,384971,94,13cae87e6a0f75a13f3e9a7881b33c42ab77680f6d13e99dcc00fa2de5963495
2,2,original,F16,original_full,0.07005121899419464,440391,108,13cae87e6a0f75a13f3e9a7881b33c42ab77680f6d13e99dcc00fa2de5963495
2,2,original,F8,layout_full,0.07015182700706646,440391,108,13cae87e6a0f75a13f3e9a7881b33c42ab77680f6d13e99dcc00fa2de5963495
2,2,original,F8,geometric,0.06828200600284617,384971,94,13cae87e6a0f75a13f3e9a7881b33c42ab77680f6d13e99dcc00fa2de5963495
2,2,original,F8,original_full,0.06800727600057144,440391,108,13cae87e6a0f75a13f3e9a7881b33c42ab77680f6d13e99dcc00fa2de5963495
2,3,original,F8,layout_full,0.06996702100150287,440391,108,13cae87e6a0f75a13f3e9a7881b33c42ab77680f6d13e99dcc00fa2de5963495
2,3,original,F8,original_full,0.0679290229891194,440391,108,13cae87e6a0f75a13f3e9a7881b33c42ab77680f6d13e99dcc00fa2de5963495
2,3,original,F8,geometric,0.06821132799086627,384971,94,13cae87e6a0f75a13f3e9a7881b33c42ab77680f6d13e99dcc00fa2de5963495
2,3,original,F16,layout_full,0.07098350299929734,440391,108,13cae87e6a0f75a13f3e9a7881b33c42ab77680f6d13e99dcc00fa2de5963495
2,3,original,F16,original_full,0.07007688700105064,440391,108,13cae87e6a0f75a13f3e9a7881b33c42ab77680f6d13e99dcc00fa2de5963495
2,3,original,F16,geometric,0.06869041800382547,384971,94,13cae87e6a0f75a13f3e9a7881b33c42ab77680f6d13e99dcc00fa2de5963495
2,0,k256,F8,geometric,0.13227428900427185,400071,98,49160b0fece513842a1194c0aaca5b2d06de6de417533c401ac0c383b2e70611
2,0,k256,F8,original_full,0.13132597600633744,440391,108,49160b0fece513842a1194c0aaca5b2d06de6de417533c401ac0c383b2e70611
2,0,k256,F8,layout_full,0.1333959519979544,440391,108,49160b0fece513842a1194c0aaca5b2d06de6de417533c401ac0c383b2e70611
2,0,k256,F16,geometric,0.12383895200036932,400071,98,49160b0fece513842a1194c0aaca5b2d06de6de417533c401ac0c383b2e70611
2,0,k256,F16,original_full,0.1250936080032261,440391,108,49160b0fece513842a1194c0aaca5b2d06de6de417533c401ac0c383b2e70611
2,0,k256,F16,layout_full,0.1256571720005013,440391,108,49160b0fece513842a1194c0aaca5b2d06de6de417533c401ac0c383b2e70611
2,1,k256,F16,geometric,0.123932522998075,400071,98,49160b0fece513842a1194c0aaca5b2d06de6de417533c401ac0c383b2e70611
2,1,k256,F16,layout_full,0.1256590499979211,440391,108,49160b0fece513842a1194c0aaca5b2d06de6de417533c401ac0c383b2e70611
2,1,k256,F16,original_full,0.12511411900050007,440391,108,49160b0fece513842a1194c0aaca5b2d06de6de417533c401ac0c383b2e70611
2,1,k256,F8,geometric,0.1315339499997208,400071,98,49160b0fece513842a1194c0aaca5b2d06de6de417533c401ac0c383b2e70611
2,1,k256,F8,layout_full,0.1331988920137519,440391,108,49160b0fece513842a1194c0aaca5b2d06de6de417533c401ac0c383b2e70611
2,1,k256,F8,original_full,0.13138086099934299,440391,108,49160b0fece513842a1194c0aaca5b2d06de6de417533c401ac0c383b2e70611
2,2,k256,F8,layout_full,0.13297070999396965,440391,108,49160b0fece513842a1194c0aaca5b2d06de6de417533c401ac0c383b2e70611
2,2,k256,F8,geometric,0.13164641699404456,400071,98,49160b0fece513842a1194c0aaca5b2d06de6de417533c401ac0c383b2e70611
2,2,k256,F8,original_full,0.13108745000499766,440391,108,49160b0fece513842a1194c0aaca5b2d06de6de417533c401ac0c383b2e70611
2,2,k256,F16,layout_full,0.12526354999863543,440391,108,49160b0fece513842a1194c0aaca5b2d06de6de417533c401ac0c383b2e70611
2,2,k256,F16,geometric,0.1233643319865223,400071,98,49160b0fece513842a1194c0aaca5b2d06de6de417533c401ac0c383b2e70611
2,2,k256,F16,original_full,0.1249288550025085,440391,108,49160b0fece513842a1194c0aaca5b2d06de6de417533c401ac0c383b2e70611
2,3,k256,F16,layout_full,0.12549180300266016,440391,108,49160b0fece513842a1194c0aaca5b2d06de6de417533c401ac0c383b2e70611
2,3,k256,F16,original_full,0.1292824389965972,440391,108,49160b0fece513842a1194c0aaca5b2d06de6de417533c401ac0c383b2e70611
2,3,k256,F16,geometric,0.12592773699725512,400071,98,49160b0fece513842a1194c0aaca5b2d06de6de417533c401ac0c383b2e70611
2,3,k256,F8,layout_full,0.13396696001291275,440391,108,49160b0fece513842a1194c0aaca5b2d06de6de417533c401ac0c383b2e70611
2,3,k256,F8,original_full,0.13162798699340783,440391,108,49160b0fece513842a1194c0aaca5b2d06de6de417533c401ac0c383b2e70611
2,3,k256,F8,geometric,0.1321209839952644,400071,98,49160b0fece513842a1194c0aaca5b2d06de6de417533c401ac0c383b2e70611
2,0,k1024,F16,geometric,0.3417106520064408,413156,101,1aa5d88ffa1f87e75ad08af781637cb073d2c862378f6b4dcf84f2a56c3d6fe3
2,0,k1024,F16,original_full,0.34400090599956457,440391,108,1aa5d88ffa1f87e75ad08af781637cb073d2c862378f6b4dcf84f2a56c3d6fe3
2,0,k1024,F16,layout_full,0.34607372400932945,440391,108,1aa5d88ffa1f87e75ad08af781637cb073d2c862378f6b4dcf84f2a56c3d6fe3
2,0,k1024,F8,geometric,0.3798053240025183,413156,101,1aa5d88ffa1f87e75ad08af781637cb073d2c862378f6b4dcf84f2a56c3d6fe3
2,0,k1024,F8,original_full,0.38336436200188473,440391,108,1aa5d88ffa1f87e75ad08af781637cb073d2c862378f6b4dcf84f2a56c3d6fe3
2,0,k1024,F8,layout_full,0.39340027200523764,440391,108,1aa5d88ffa1f87e75ad08af781637cb073d2c862378f6b4dcf84f2a56c3d6fe3
2,1,k1024,F8,geometric,0.3757629149913555,413156,101,1aa5d88ffa1f87e75ad08af781637cb073d2c862378f6b4dcf84f2a56c3d6fe3
2,1,k1024,F8,layout_full,0.37556647599558346,440391,108,1aa5d88ffa1f87e75ad08af781637cb073d2c862378f6b4dcf84f2a56c3d6fe3
2,1,k1024,F8,original_full,0.37900855200132355,440391,108,1aa5d88ffa1f87e75ad08af781637cb073d2c862378f6b4dcf84f2a56c3d6fe3
2,1,k1024,F16,geometric,0.33975741900212597,413156,101,1aa5d88ffa1f87e75ad08af781637cb073d2c862378f6b4dcf84f2a56c3d6fe3
2,1,k1024,F16,layout_full,0.34141723900393117,440391,108,1aa5d88ffa1f87e75ad08af781637cb073d2c862378f6b4dcf84f2a56c3d6fe3
2,1,k1024,F16,original_full,0.3420426189986756,440391,108,1aa5d88ffa1f87e75ad08af781637cb073d2c862378f6b4dcf84f2a56c3d6fe3
2,2,k1024,F16,layout_full,0.3868364939989988,440391,108,1aa5d88ffa1f87e75ad08af781637cb073d2c862378f6b4dcf84f2a56c3d6fe3
2,2,k1024,F16,geometric,0.3426225169969257,413156,101,1aa5d88ffa1f87e75ad08af781637cb073d2c862378f6b4dcf84f2a56c3d6fe3
2,2,k1024,F16,original_full,0.3405630399938673,440391,108,1aa5d88ffa1f87e75ad08af781637cb073d2c862378f6b4dcf84f2a56c3d6fe3
2,2,k1024,F8,layout_full,0.37460014899261296,440391,108,1aa5d88ffa1f87e75ad08af781637cb073d2c862378f6b4dcf84f2a56c3d6fe3
2,2,k1024,F8,geometric,0.37354489500285126,413156,101,1aa5d88ffa1f87e75ad08af781637cb073d2c862378f6b4dcf84f2a56c3d6fe3
2,2,k1024,F8,original_full,0.3769049639959121,440391,108,1aa5d88ffa1f87e75ad08af781637cb073d2c862378f6b4dcf84f2a56c3d6fe3
2,3,k1024,F8,layout_full,0.37608132300374564,440391,108,1aa5d88ffa1f87e75ad08af781637cb073d2c862378f6b4dcf84f2a56c3d6fe3
2,3,k1024,F8,original_full,0.3773181260039564,440391,108,1aa5d88ffa1f87e75ad08af781637cb073d2c862378f6b4dcf84f2a56c3d6fe3
2,3,k1024,F8,geometric,0.37428388600528706,413156,101,1aa5d88ffa1f87e75ad08af781637cb073d2c862378f6b4dcf84f2a56c3d6fe3
2,3,k1024,F16,layout_full,0.34959540399722755,440391,108,1aa5d88ffa1f87e75ad08af781637cb073d2c862378f6b4dcf84f2a56c3d6fe3
2,3,k1024,F16,original_full,0.3435159150103573,440391,108,1aa5d88ffa1f87e75ad08af781637cb073d2c862378f6b4dcf84f2a56c3d6fe3
2,3,k1024,F16,geometric,0.34067166000022553,413156,101,1aa5d88ffa1f87e75ad08af781637cb073d2c862378f6b4dcf84f2a56c3d6fe3
2,0,k4,F8,geometric,0.04366418399149552,346802,85,0b1503dbe8814b114412ba0d04f6d10d958ae15ab7817d3a8dab4413f8f7579a
2,0,k4,F8,original_full,0.047459536988753825,440391,108,0b1503dbe8814b114412ba0d04f6d10d958ae15ab7817d3a8dab4413f8f7579a
2,0,k4,F8,layout_full,0.049058201009756885,440391,108,0b1503dbe8814b114412ba0d04f6d10d958ae15ab7817d3a8dab4413f8f7579a
2,0,k4,F16,geometric,0.04573295099544339,346802,85,0b1503dbe8814b114412ba0d04f6d10d958ae15ab7817d3a8dab4413f8f7579a
2,0,k4,F16,original_full,0.052082576003158465,440391,108,0b1503dbe8814b114412ba0d04f6d10d958ae15ab7817d3a8dab4413f8f7579a
2,0,k4,F16,layout_full,0.05186021300323773,440391,108,0b1503dbe8814b114412ba0d04f6d10d958ae15ab7817d3a8dab4413f8f7579a
2,1,k4,F16,geometric,0.04567266099911649,346802,85,0b1503dbe8814b114412ba0d04f6d10d958ae15ab7817d3a8dab4413f8f7579a
2,1,k4,F16,layout_full,0.05169245599245187,440391,108,0b1503dbe8814b114412ba0d04f6d10d958ae15ab7817d3a8dab4413f8f7579a
2,1,k4,F16,original_full,0.052007386009790935,440391,108,0b1503dbe8814b114412ba0d04f6d10d958ae15ab7817d3a8dab4413f8f7579a
2,1,k4,F8,geometric,0.04366762199788354,346802,85,0b1503dbe8814b114412ba0d04f6d10d958ae15ab7817d3a8dab4413f8f7579a
2,1,k4,F8,layout_full,0.048964971996610984,440391,108,0b1503dbe8814b114412ba0d04f6d10d958ae15ab7817d3a8dab4413f8f7579a
2,1,k4,F8,original_full,0.04724841999995988,440391,108,0b1503dbe8814b114412ba0d04f6d10d958ae15ab7817d3a8dab4413f8f7579a
2,2,k4,F8,layout_full,0.04865677599445917,440391,108,0b1503dbe8814b114412ba0d04f6d10d958ae15ab7817d3a8dab4413f8f7579a
2,2,k4,F8,geometric,0.043295521012623794,346802,85,0b1503dbe8814b114412ba0d04f6d10d958ae15ab7817d3a8dab4413f8f7579a
2,2,k4,F8,original_full,0.04782774699560832,440391,108,0b1503dbe8814b114412ba0d04f6d10d958ae15ab7817d3a8dab4413f8f7579a
2,2,k4,F16,layout_full,0.05135344801237807,440391,108,0b1503dbe8814b114412ba0d04f6d10d958ae15ab7817d3a8dab4413f8f7579a
2,2,k4,F16,geometric,0.0457500189950224,346802,85,0b1503dbe8814b114412ba0d04f6d10d958ae15ab7817d3a8dab4413f8f7579a
2,2,k4,F16,original_full,0.06274091399973258,440391,108,0b1503dbe8814b114412ba0d04f6d10d958ae15ab7817d3a8dab4413f8f7579a
2,3,k4,F16,layout_full,0.05416908899496775,440391,108,0b1503dbe8814b114412ba0d04f6d10d958ae15ab7817d3a8dab4413f8f7579a
2,3,k4,F16,original_full,0.05231122000259347,440391,108,0b1503dbe8814b114412ba0d04f6d10d958ae15ab7817d3a8dab4413f8f7579a
2,3,k4,F16,geometric,0.04564362100791186,346802,85,0b1503dbe8814b114412ba0d04f6d10d958ae15ab7817d3a8dab4413f8f7579a
2,3,k4,F8,layout_full,0.04906622599810362,440391,108,0b1503dbe8814b114412ba0d04f6d10d958ae15ab7817d3a8dab4413f8f7579a
2,3,k4,F8,original_full,0.04734364300384186,440391,108,0b1503dbe8814b114412ba0d04f6d10d958ae15ab7817d3a8dab4413f8f7579a
2,3,k4,F8,geometric,0.04374861900578253,346802,85,0b1503dbe8814b114412ba0d04f6d10d958ae15ab7817d3a8dab4413f8f7579a
2,0,k16,F16,geometric,0.049121793010272086,367280,90,b65ded9f0b0892bf0c056a679273dea504eaa5f2bee6f1b960c8de2d1248aa85
2,0,k16,F16,original_full,0.053997793002054095,440391,108,b65ded9f0b0892bf0c056a679273dea504eaa5f2bee6f1b960c8de2d1248aa85
2,0,k16,F16,layout_full,0.05421784099598881,440391,108,b65ded9f0b0892bf0c056a679273dea504eaa5f2bee6f1b960c8de2d1248aa85
2,0,k16,F8,geometric,0.04688644099223893,367280,90,b65ded9f0b0892bf0c056a679273dea504eaa5f2bee6f1b960c8de2d1248aa85
2,0,k16,F8,original_full,0.04952937400958035,440391,108,b65ded9f0b0892bf0c056a679273dea504eaa5f2bee6f1b960c8de2d1248aa85
2,0,k16,F8,layout_full,0.05116796099173371,440391,108,b65ded9f0b0892bf0c056a679273dea504eaa5f2bee6f1b960c8de2d1248aa85
2,1,k16,F8,geometric,0.04673390100651886,367280,90,b65ded9f0b0892bf0c056a679273dea504eaa5f2bee6f1b960c8de2d1248aa85
2,1,k16,F8,layout_full,0.05107629999110941,440391,108,b65ded9f0b0892bf0c056a679273dea504eaa5f2bee6f1b960c8de2d1248aa85
2,1,k16,F8,original_full,0.0494501439970918,440391,108,b65ded9f0b0892bf0c056a679273dea504eaa5f2bee6f1b960c8de2d1248aa85
2,1,k16,F16,geometric,0.04911740000534337,367280,90,b65ded9f0b0892bf0c056a679273dea504eaa5f2bee6f1b960c8de2d1248aa85
2,1,k16,F16,layout_full,0.05386867199558765,440391,108,b65ded9f0b0892bf0c056a679273dea504eaa5f2bee6f1b960c8de2d1248aa85
2,1,k16,F16,original_full,0.054166677000466734,440391,108,b65ded9f0b0892bf0c056a679273dea504eaa5f2bee6f1b960c8de2d1248aa85
2,2,k16,F16,layout_full,0.05414137699699495,440391,108,b65ded9f0b0892bf0c056a679273dea504eaa5f2bee6f1b960c8de2d1248aa85
2,2,k16,F16,geometric,0.049474095008918084,367280,90,b65ded9f0b0892bf0c056a679273dea504eaa5f2bee6f1b960c8de2d1248aa85
2,2,k16,F16,original_full,0.053954388000420295,440391,108,b65ded9f0b0892bf0c056a679273dea504eaa5f2bee6f1b960c8de2d1248aa85
2,2,k16,F8,layout_full,0.05211791799229104,440391,108,b65ded9f0b0892bf0c056a679273dea504eaa5f2bee6f1b960c8de2d1248aa85
2,2,k16,F8,geometric,0.046624369992059655,367280,90,b65ded9f0b0892bf0c056a679273dea504eaa5f2bee6f1b960c8de2d1248aa85
2,2,k16,F8,original_full,0.04946146500878967,440391,108,b65ded9f0b0892bf0c056a679273dea504eaa5f2bee6f1b960c8de2d1248aa85
2,3,k16,F8,layout_full,0.050688579998677596,440391,108,b65ded9f0b0892bf0c056a679273dea504eaa5f2bee6f1b960c8de2d1248aa85
2,3,k16,F8,original_full,0.04963418000261299,440391,108,b65ded9f0b0892bf0c056a679273dea504eaa5f2bee6f1b960c8de2d1248aa85
2,3,k16,F8,geometric,0.04659320900100283,367280,90,b65ded9f0b0892bf0c056a679273dea504eaa5f2bee6f1b960c8de2d1248aa85
2,3,k16,F16,layout_full,0.053643474995624274,440391,108,b65ded9f0b0892bf0c056a679273dea504eaa5f2bee6f1b960c8de2d1248aa85
2,3,k16,F16,original_full,0.0535304099903442,440391,108,b65ded9f0b0892bf0c056a679273dea504eaa5f2bee6f1b960c8de2d1248aa85
2,3,k16,F16,geometric,0.048875820997636765,367280,90,b65ded9f0b0892bf0c056a679273dea504eaa5f2bee6f1b960c8de2d1248aa85
