cell,method,configuration,baseline,saving_fraction,saving_ci95,process_savings,passes_5pct_gate,primary
k4,F8,all,pca,-0.25040424509183024,"[-0.28487280611986754, -0.2002371736159936]","[-0.22685409504088216, -0.2630709260647732, -0.2623049098035859]",False,False
k4,F8,heuristic25,pca,-0.09884343035409127,"[-0.13880450013548715, -0.05443651200443709]","[-0.05223349018976253, -0.11519272018512816, -0.13098312740154405]",False,False
k4,F8,random25,pca,-0.21010940415974022,"[-0.25106814421698065, -0.17250858544699904]","[-0.1815793315689509, -0.23461113179469817, -0.21551091718144533]",False,False
k4,F8,direct25,pca,-0.4809314713888133,"[-0.5513943286225353, -0.40637131958604755]","[-0.47137974784519443, -0.5257259376926491, -0.44671142697440636]",False,False
k4,F8,fm05,pca,-0.5278329127062737,"[-0.5891007350744568, -0.46611038572141855]","[-0.4963966221187497, -0.5579216092329109, -0.5307411100781156]",False,False
k4,F8,fm10,pca,-0.5106357810223248,"[-0.5630310672621861, -0.4569194285570515]","[-0.454264683380158, -0.5348284697700574, -0.5451547458772161]",False,False
k4,F8,fm25,pca,-0.5374198740718157,"[-0.5778439452948614, -0.49604048003719015]","[-0.5191564073645842, -0.5520944815751185, -0.5418722229557653]",False,True
k4,F8,fm25,heuristic25,-0.39912550924238355,"[-0.4411021329033964, -0.36042053949881203]","[-0.44374458856143795, -0.39177242953797453, -0.36330258657195613]",False,True
k4,F8,fm25,direct25,-0.03814383296887325,"[-0.08322582187273686, -0.0034479729560238444]","[-0.03247065184182252, -0.017282621492524575, -0.06577731689060795]",False,True
k4,F16,all,pca,-0.23456455506211094,"[-0.2696896178714354, -0.1938616874400897]","[-0.22261696779908413, -0.23681133260176668, -0.2444778689191227]",False,False
k4,F16,heuristic25,pca,-0.0847151150694716,"[-0.13170998790942762, -0.04624154215434835]","[-0.09493267413135897, -0.07216486288377189, -0.0868263162156786]",False,False
k4,F16,random25,pca,-0.2014817745584323,"[-0.22930893531576246, -0.1596031331368393]","[-0.18221134361184843, -0.19718266901473958, -0.22536442483848873]",False,False
k4,F16,direct25,pca,-0.42149331133121404,"[-0.478605844986961, -0.3742281876710307]","[-0.4246706166349805, -0.417418127231145, -0.4223216685950322]",False,False
k4,F16,fm05,pca,-0.47638227961801416,"[-0.5146119191756036, -0.4249451854836277]","[-0.4493509166630174, -0.4831449567378512, -0.49713803699491477]",False,False
k4,F16,fm10,pca,-0.5026659941039431,"[-0.5606032947828806, -0.4365056657313888]","[-0.48168618483239545, -0.5293846491949652, -0.4973854901057442]",False,False
k4,F16,fm25,pca,-0.5360850820639851,"[-0.5892512658354289, -0.4829134535411468]","[-0.5280460551913473, -0.543247497426222, -0.5371258157973475]",False,True
k4,F16,fm25,heuristic25,-0.4161184450403874,"[-0.450497642255141, -0.3690454543536054]","[-0.3955616553351917, -0.43937518459184766, -0.41432517124687274]",False,True
k4,F16,fm25,direct25,-0.08061365454154479,"[-0.0997298797783214, -0.046658160364235514]","[-0.07256093959496113, -0.08877364256719256, -0.08071602207658057]",False,True
k16,F8,all,pca,-0.28243175730258896,"[-0.30382093312081904, -0.26417132443176394]","[-0.3014936775107788, -0.2762223995162647, -0.2694701562453128]",False,False
k16,F8,heuristic25,pca,-0.10304861941628518,"[-0.12627627262333663, -0.09216244048787844]","[-0.10091135974421905, -0.10900063432257356, -0.09963950729721294]",False,False
k16,F8,random25,pca,-0.21744080655289988,"[-0.25763642556330874, -0.19009441347345968]","[-0.23451969634627656, -0.2256917546133972, -0.1930473297670663]",False,False
k16,F8,direct25,pca,-0.46293730267897004,"[-0.4876819837946336, -0.4443068953415725]","[-0.4691856435514019, -0.46422401760406395, -0.45561517618542613]",False,False
k16,F8,fm05,pca,-0.49555783167255885,"[-0.5252780672164536, -0.4640855211213686]","[-0.49926658247355604, -0.5114462458530795, -0.4772191923772582]",False,False
k16,F8,fm10,pca,-0.5095265917702212,"[-0.5567535810238844, -0.47923692753550357]","[-0.5052421472375266, -0.5176923259777475, -0.506176577337869]",False,False
k16,F8,fm25,pca,-0.5484504886334116,"[-0.6005890475328325, -0.5104670992026967]","[-0.5915865570080081, -0.5476833987882888, -0.5068291456643752]",False,True
k16,F8,fm25,heuristic25,-0.4037916927477101,"[-0.44471910164127837, -0.3594680010415898]","[-0.4456990955001048, -0.39556583728527994, -0.37029375142039744]",False,True
k16,F8,fm25,direct25,-0.05845307642224151,"[-0.09961350186879336, -0.03368429903090393]","[-0.08331208107964572, -0.05699905218109369, -0.03518372871953712]",False,True
k16,F16,all,pca,-0.23589096767880657,"[-0.26010163441593104, -0.19746677764790863]","[-0.19667990945509106, -0.2524291539188035, -0.2606643961295123]",False,False
k16,F16,heuristic25,pca,-0.0825349527032071,"[-0.10349688945135574, -0.045450949162673115]","[-0.05344144470839751, -0.09828824642221079, -0.09764905163491822]",False,False
k16,F16,random25,pca,-0.18978004905916213,"[-0.21546877820573584, -0.16060918925145215]","[-0.16893056121592975, -0.21272080181954522, -0.18968046055097476]",False,False
k16,F16,direct25,pca,-0.4454008165792376,"[-0.464603452991805, -0.43291226435253494]","[-0.44066805865420733, -0.44617056928861576, -0.44954152543830905]",False,False
k16,F16,fm05,pca,-0.46940249515048493,"[-0.4929225103620387, -0.4304349208268685]","[-0.44474657273248086, -0.49147471909902096, -0.4740288075785404]",False,False
k16,F16,fm10,pca,-0.4794299022030726,"[-0.5080443505520871, -0.44278714959845844]","[-0.45419369459650083, -0.49056674301055336, -0.49491166187418156]",False,False
k16,F16,fm25,pca,-0.5310284056733756,"[-0.5895451242044891, -0.4979405030387751]","[-0.5586420044252605, -0.5105592946224788, -0.5218591214133275]",False,True
k16,F16,fm25,heuristic25,-0.41429928137676475,"[-0.507134892056436, -0.36589185915151556]","[-0.4795715625719541, -0.3753759994639696, -0.3864714948248349]",False,True
k16,F16,fm25,direct25,-0.05924141463873589,"[-0.09350553916956232, -0.03990366124452914]","[-0.08188836079371242, -0.044523603716770666, -0.04988997880081514]",False,True
k64,F8,all,pca,-0.2692083413581663,"[-0.2947110041154096, -0.2415431112676354]","[-0.27065039349369835, -0.29024403485606354, -0.24807390662971818]",False,False
k64,F8,heuristic25,pca,-0.11903338471678615,"[-0.15419351878813722, -0.09609031265768642]","[-0.1028258261415329, -0.15441390394326127, -0.10240113227798076]",False,False
k64,F8,random25,pca,-0.21227147967087,"[-0.26915388948630353, -0.18235529153795893]","[-0.19062119729049076, -0.2612005541794329, -0.18849479733489294]",False,False
k64,F8,direct25,pca,-0.42377848497195814,"[-0.4959932881504498, -0.3559696954897942]","[-0.40852494822628227, -0.5125868681262591, -0.3562170773872433]",False,False
k64,F8,fm05,pca,-0.41598027354069633,"[-0.4934120408999376, -0.3803359349084596]","[-0.41038219997281544, -0.4526553295561997, -0.38736780457312303]",False,False
k64,F8,fm10,pca,-0.4319253960066427,"[-0.4646281885933696, -0.38678012362933495]","[-0.44345180892202807, -0.46240994625945975, -0.3917186430080011]",False,False
k64,F8,fm25,pca,-0.4671842625469349,"[-0.5129784029257147, -0.41250574995517275]","[-0.49440769720575783, -0.4968731979808263, -0.411787448768407]",False,True
k64,F8,fm25,heuristic25,-0.311117507828653,"[-0.36394534308436977, -0.2763931910330272]","[-0.35507136465443145, -0.2966520871481091, -0.2806476766321131]",False,True
k64,F8,fm25,direct25,-0.03048632777719762,"[-0.06583790681077308, 0.002461465307766697]","[-0.060973537662663, 0.010388606748185203, -0.040974540365042555]",False,True
k64,F16,all,pca,-0.2446398162621699,"[-0.27719141910821854, -0.19743156905586967]","[-0.22440673582134374, -0.2723678877021549, -0.23981333800404547]",False,False
k64,F16,heuristic25,pca,-0.08900028534964965,"[-0.129914301370039, -0.06620220425094911]","[-0.08963672260026168, -0.09211388422350208, -0.08542398586312205]",False,False
k64,F16,random25,pca,-0.1896483610207027,"[-0.23230698157588536, -0.15606433971414657]","[-0.18876065163099476, -0.1938058827481024, -0.18668575704896173]",False,False
k64,F16,direct25,pca,-0.3737860801107802,"[-0.42124161714770425, -0.3177273474178117]","[-0.3531334728606157, -0.4226201775961185, -0.3496557373065321]",False,False
k64,F16,fm05,pca,-0.40410775877926386,"[-0.44906123987090385, -0.3582548553165851]","[-0.3881739615490578, -0.44700632774247917, -0.38060612379392866]",False,False
k64,F16,fm10,pca,-0.4192276140157538,"[-0.473651626480839, -0.3630585216352191]","[-0.38579625137508056, -0.48342948077614367, -0.39405498101050096]",False,False
k64,F16,fm25,pca,-0.44408320210285734,"[-0.5021338115710676, -0.3934025597821944]","[-0.4274627022681041, -0.5014623978461863, -0.40775352229560724]",False,True
k64,F16,fm25,heuristic25,-0.3260631990001728,"[-0.35722924055945604, -0.2922152458531053]","[-0.3100354206690732, -0.3748221861621446, -0.29696186985970363]",False,True
k64,F16,fm25,direct25,-0.05117035542128123,"[-0.0743379117942009, -0.035210629221655895]","[-0.054931188163094724, -0.055420428791676635, -0.0430463735181974]",False,True
original,F8,all,pca,-0.23846891546027438,"[-0.2630328019935999, -0.2066712501479948]","[-0.21569944241306294, -0.26405000845055393, -0.23837677584717643]",False,False
original,F8,heuristic25,pca,-0.09316548313871631,"[-0.12481753831753509, -0.04968089592042557]","[-0.06730513909958025, -0.09867385114242766, -0.11437606625399255]",False,False
original,F8,random25,pca,-0.18608324163332068,"[-0.23055866854431692, -0.1457522294506939]","[-0.15962714480305729, -0.1967901375912937, -0.20319117673436526]",False,False
original,F8,direct25,pca,-0.3743042272341184,"[-0.40813493742289575, -0.32503836393512214]","[-0.34710208309609714, -0.3951032993662804, -0.38303160861811003]",False,False
original,F8,fm05,pca,-0.4018693740817605,"[-0.44572158799553785, -0.3526332458502821]","[-0.3773541147265691, -0.4361401341906297, -0.3956791176473349]",False,False
original,F8,fm10,pca,-0.431686169556021,"[-0.44940607368731383, -0.3838512712627622]","[-0.4075481694984504, -0.440354394520569, -0.4482913921117704]",False,False
original,F8,fm25,pca,-0.4357200698895869,"[-0.48995134694628906, -0.39791446560604227]","[-0.41745194723297385, -0.47575002514776976, -0.41798756532521186]",False,True
original,F8,fm25,heuristic25,-0.31336022956681875,"[-0.3637863791422806, -0.27267607157586415]","[-0.32806626268921657, -0.343210292675346, -0.27244976652434594]",False,True
original,F8,fm25,direct25,-0.044688680598088615,"[-0.07482444088690506, -0.020727250123638408]","[-0.052223112872922695, -0.05780699236975706, -0.025274879105640302]",False,True
original,F16,all,pca,-0.2384944036734884,"[-0.2864165742184084, -0.2102938509899907]","[-0.23617270652393008, -0.25907069932197846, -0.22237604604777972]",False,False
original,F16,heuristic25,pca,-0.08798327358605063,"[-0.10988388338485602, -0.06855104273423196]","[-0.10402522552146753, -0.09397552972912426, -0.06693350119573016]",False,False
original,F16,random25,pca,-0.18081771438575323,"[-0.19248963489625837, -0.16298364574550894]","[-0.1836392659420567, -0.193348763484829, -0.16685788510909672]",False,False
original,F16,direct25,pca,-0.3609782523939291,"[-0.40118698926816077, -0.3209747520385138]","[-0.3660154162026621, -0.4036186742859591, -0.31794105252520843]",False,False
original,F16,fm05,pca,-0.43033259170630567,"[-0.48162709991881114, -0.3839599769515736]","[-0.46606997303397546, -0.44488671279495673, -0.3823622009910712]",False,False
original,F16,fm10,pca,-0.4062767043758322,"[-0.4467388794366094, -0.3688440049604901]","[-0.40339478972541554, -0.4469567653576787, -0.3727390010235485]",False,False
original,F16,fm25,pca,-0.42576461022813517,"[-0.4714120439992522, -0.37928848022838846]","[-0.43571762470092334, -0.46350721632769587, -0.3822954421167515]",False,True
original,F16,fm25,heuristic25,-0.3104655603102604,"[-0.33750095524167784, -0.286591231384555]","[-0.30043914895403456, -0.3377878906396288, -0.2955778786284149]",False,True
original,F16,fm25,direct25,-0.04760278698079734,"[-0.06259088255281808, -0.033798196207374544]","[-0.051025931092361976, -0.04266724512781428, -0.04882949011129023]",False,True
k256,F8,all,pca,-0.1836142746088314,"[-0.20597418193667597, -0.16530062885047034]","[-0.18943426432056, -0.19250284965365583, -0.16957368594357214]",False,False
k256,F8,heuristic25,pca,-0.07797387803568268,"[-0.09909132246702734, -0.061591449152522015]","[-0.06927224610668259, -0.09985098256132163, -0.0657000881249361]",False,False
k256,F8,random25,pca,-0.11735531445885417,"[-0.1311921627601296, -0.08806441136088192]","[-0.13036177401579652, -0.11176929249192136, -0.11005234884858606]",False,False
k256,F8,direct25,pca,-0.2564570362408771,"[-0.2745961112790727, -0.22636252656033307]","[-0.26753409870188327, -0.24405637966436333, -0.25746763690687824]",False,False
k256,F8,fm05,pca,-0.2967106705403977,"[-0.3143514485705372, -0.2656895564798489]","[-0.29338840089129237, -0.2923190048372635, -0.3040801694484425]",False,False
k256,F8,fm10,pca,-0.3081107072140008,"[-0.32557156779576135, -0.2723180016996357]","[-0.3143952927424958, -0.28968265969936313, -0.31946094473150266]",False,False
k256,F8,fm25,pca,-0.33080101246655347,"[-0.3453759825962539, -0.2960044494106666]","[-0.33113689271386715, -0.3166503740341249, -0.3438619047822604]",False,True
k256,F8,fm25,heuristic25,-0.23453920320553623,"[-0.26296944113578435, -0.18644716257201455]","[-0.2448998817285848, -0.19711705941101498, -0.2610132247870418]",False,True
k256,F8,fm25,direct25,-0.059169533124747264,"[-0.06865100709507173, -0.04133584792408513]","[-0.05017836922661201, -0.05835265632362008, -0.06870496332445963]",False,True
k256,F16,all,pca,-0.2032871752088159,"[-0.22163265657729703, -0.18709746700635188]","[-0.213428093560875, -0.18418155520146784, -0.21133718705121485]",False,False
k256,F16,heuristic25,pca,-0.07526619334303253,"[-0.09380304492719294, -0.0604565872203251]","[-0.09222933654727816, -0.06852256768446763, -0.06522353515885171]",False,False
k256,F16,random25,pca,-0.13771102886160969,"[-0.15043345998873692, -0.12816293808646417]","[-0.14913141035636945, -0.1311339534309781, -0.13284890462051613]",False,False
k256,F16,direct25,pca,-0.319194030219377,"[-0.34350825595910517, -0.28147815355767203]","[-0.3317408252361853, -0.31393590489020906, -0.3120178838518004]",False,False
k256,F16,fm05,pca,-0.34744086518450645,"[-0.3681024536787709, -0.3237909440912179]","[-0.3516828471087803, -0.33969450088691255, -0.3505792539975343]",False,False
k256,F16,fm10,pca,-0.35426614356219766,"[-0.3713657628429346, -0.33905931100235387]","[-0.35335703577842303, -0.3535809495898714, -0.355780118549623]",False,False
k256,F16,fm25,pca,-0.35850743890041326,"[-0.3717761564193227, -0.35173047372065247]","[-0.3575042769310939, -0.35997938207895697, -0.35810084316062785]",False,True
k256,F16,fm25,heuristic25,-0.2634150011512739,"[-0.28620842409734437, -0.24527760273458749]","[-0.2428747622018601, -0.2727661756607429, -0.2749444584493719]",False,True
k256,F16,fm25,direct25,-0.02980108140308868,"[-0.06383056710937596, -0.011859939247627072]","[-0.019345694903014854, -0.035042407333099934, -0.035123728019268885]",False,True
k1024,F8,all,pca,-0.08984179209853682,"[-0.10235572839582607, -0.07870774974406736]","[-0.07926802722281989, -0.10231551001646366, -0.08880598465706835]",False,False
k1024,F8,heuristic25,pca,-0.03427208083805411,"[-0.04465482403892824, -0.017959788120811743]","[-0.029465265633451976, -0.04332243479415898, -0.03061471915180225]",False,False
k1024,F8,random25,pca,-0.06533023316267683,"[-0.07379549098154303, -0.04573734932468948]","[-0.05527434531871145, -0.07656269413201544, -0.06493942507406314]",False,False
k1024,F8,direct25,pca,-0.1365856602976263,"[-0.15594478004825074, -0.11686376706020307]","[-0.14773259375234393, -0.13711883401413472, -0.12477728442932357]",False,False
k1024,F8,fm05,pca,-0.14673774246079385,"[-0.16241555982717748, -0.12086619277448651]","[-0.1353004608398427, -0.16391344142366115, -0.1421447400842557]",False,False
k1024,F8,fm10,pca,-0.1495776982581143,"[-0.16812265880337596, -0.13449691954233245]","[-0.13707714084655565, -0.16516265087786008, -0.147562866104622]",False,False
k1024,F8,fm25,pca,-0.1683247679102744,"[-0.18775772159922788, -0.15042773613505656]","[-0.15015045399493077, -0.1933968667644428, -0.16312005719891265]",False,True
k1024,F8,fm25,heuristic25,-0.1296106600533966,"[-0.15184357456005237, -0.11054443421188664]","[-0.11723094735713935, -0.1438428111630634, -0.12856922726289288]",False,True
k1024,F8,fm25,direct25,-0.027924958691047275,"[-0.05151281595902102, -0.0003174869916776978]","[-0.002106640741709853, -0.04949177787482539, -0.03408921330505277]",False,True
k1024,F16,all,pca,-0.10654241759173977,"[-0.1177817764919924, -0.09552148443701558]","[-0.12003166047677616, -0.09984280399465195, -0.10004669622020934]",False,False
k1024,F16,heuristic25,pca,-0.05777515403028666,"[-0.09844218047897592, -0.03984637692335231]","[-0.08582054011210438, -0.04303401954334607, -0.04503404927081944]",False,False
k1024,F16,random25,pca,-0.08578792788031331,"[-0.15577294323419738, -0.05886918548504623]","[-0.11571375005563511, -0.087345652331422, -0.055925361523499584]",False,False
k1024,F16,direct25,pca,-0.1714632687552058,"[-0.23762490874538833, -0.15839585843386517]","[-0.18499742812246578, -0.17307574206138332, -0.15710331316887238]",False,False
k1024,F16,fm05,pca,-0.18463745892098848,"[-0.26919815017000026, -0.16628573630530874]","[-0.20627900735001825, -0.18364604988445232, -0.16503459635107665]",False,False
k1024,F16,fm10,pca,-0.18467227712463985,"[-0.2151427946489952, -0.17264444555518388]","[-0.1893325735104665, -0.18478421454314042, -0.1801447667929128]",False,False
k1024,F16,fm25,pca,-0.19723358621803055,"[-0.23344713292127586, -0.18001425936133375]","[-0.22360200646428452, -0.19110647878325193, -0.1779780263369457]",False,True
k1024,F16,fm25,heuristic25,-0.1318412818228767,"[-0.14505012479151436, -0.11532672404260502]","[-0.12689156381030986, -0.1419632116167544, -0.12721497175990493]",False,True
k1024,F16,fm25,direct25,-0.021998399907329658,"[-0.03585640740755469, 0.026745791506814998]","[-0.03257777394756434, -0.015370479565270267, -0.018040492089600235]",False,True
