cell,method,process,repetition,query_seconds,output_count,output_sha256,peak_allocated_bytes,peak_reserved_bytes,output_finalize_seconds,batches
k4,original_full,0,0,0.058906545003992505,297318,0b1503dbe8814b114412ba0d04f6d10d958ae15ab7817d3a8dab4413f8f7579a,608008192,614465536,0.0010465490049682558,108
k4,original_full,0,1,0.05354883600375615,297318,0b1503dbe8814b114412ba0d04f6d10d958ae15ab7817d3a8dab4413f8f7579a,608008192,614465536,0.0006918530125403777,108
k4,original_full,0,2,0.05746086900762748,297318,0b1503dbe8814b114412ba0d04f6d10d958ae15ab7817d3a8dab4413f8f7579a,608008192,614465536,0.0010412839910713956,108
k4,original_full,0,3,0.05246548700961284,297318,0b1503dbe8814b114412ba0d04f6d10d958ae15ab7817d3a8dab4413f8f7579a,608008192,614465536,0.0006985930085647851,108
k4,project64,0,0,0.039227964996825904,297318,0b1503dbe8814b114412ba0d04f6d10d958ae15ab7817d3a8dab4413f8f7579a,607260160,616562688,0.0005705829971702769,51
k4,project64,0,1,0.03757474799931515,297318,0b1503dbe8814b114412ba0d04f6d10d958ae15ab7817d3a8dab4413f8f7579a,607260160,616562688,0.0005546379979932681,51
k4,project64,0,2,0.03854531799152028,297318,0b1503dbe8814b114412ba0d04f6d10d958ae15ab7817d3a8dab4413f8f7579a,607260160,616562688,0.0005745539965573698,51
k4,project64,0,3,0.03741945400543045,297318,0b1503dbe8814b114412ba0d04f6d10d958ae15ab7817d3a8dab4413f8f7579a,607260160,616562688,0.0005510560004040599,51
k4,packed16,0,0,0.029747364009381272,297318,0b1503dbe8814b114412ba0d04f6d10d958ae15ab7817d3a8dab4413f8f7579a,661790720,675282944,0.0005165170005057007,16
k4,packed16,0,1,0.0293369759892812,297318,0b1503dbe8814b114412ba0d04f6d10d958ae15ab7817d3a8dab4413f8f7579a,661790720,675282944,0.0005193060060264543,16
k4,packed16,0,2,0.02947621799830813,297318,0b1503dbe8814b114412ba0d04f6d10d958ae15ab7817d3a8dab4413f8f7579a,661790720,675282944,0.0005289130058372393,16
k4,packed16,0,3,0.02912739598832559,297318,0b1503dbe8814b114412ba0d04f6d10d958ae15ab7817d3a8dab4413f8f7579a,661790720,675282944,0.0005160680011613294,16
k4,sequential,0,0,0.04866333100653719,297318,0b1503dbe8814b114412ba0d04f6d10d958ae15ab7817d3a8dab4413f8f7579a,617307648,641728512,0.0024160869943443686,108
k4,sequential,0,1,0.045740050001768395,297318,0b1503dbe8814b114412ba0d04f6d10d958ae15ab7817d3a8dab4413f8f7579a,617307648,641728512,0.0008147869957610965,108
k4,sequential,0,2,0.04589686599501874,297318,0b1503dbe8814b114412ba0d04f6d10d958ae15ab7817d3a8dab4413f8f7579a,617307648,641728512,0.0008043319976422936,108
k4,sequential,0,3,0.04566761199384928,297318,0b1503dbe8814b114412ba0d04f6d10d958ae15ab7817d3a8dab4413f8f7579a,617307648,641728512,0.000804494004114531,108
k4,pipeline,0,0,0.05315565400815103,297318,0b1503dbe8814b114412ba0d04f6d10d958ae15ab7817d3a8dab4413f8f7579a,617307648,641728512,0.0008311720011988655,108
k4,pipeline,0,1,0.05178403799072839,297318,0b1503dbe8814b114412ba0d04f6d10d958ae15ab7817d3a8dab4413f8f7579a,617307648,641728512,0.0008340320055140182,108
k4,pipeline,0,2,0.05191579699749127,297318,0b1503dbe8814b114412ba0d04f6d10d958ae15ab7817d3a8dab4413f8f7579a,617307648,641728512,0.0008101190032903105,108
k4,pipeline,0,3,0.055242073998670094,297318,0b1503dbe8814b114412ba0d04f6d10d958ae15ab7817d3a8dab4413f8f7579a,617307648,641728512,0.0008080729894572869,108
k4,draft_serial,0,0,0.04787381300411653,297318,0b1503dbe8814b114412ba0d04f6d10d958ae15ab7817d3a8dab4413f8f7579a,617307648,641728512,0.0008147670014295727,108
k4,draft_serial,0,1,0.047736880005686544,297318,0b1503dbe8814b114412ba0d04f6d10d958ae15ab7817d3a8dab4413f8f7579a,617307648,641728512,0.0008192740060621873,108
k4,draft_serial,0,2,0.047749835008289665,297318,0b1503dbe8814b114412ba0d04f6d10d958ae15ab7817d3a8dab4413f8f7579a,617307648,641728512,0.0008023590053198859,108
k4,draft_serial,0,3,0.05040175600151997,297318,0b1503dbe8814b114412ba0d04f6d10d958ae15ab7817d3a8dab4413f8f7579a,617307648,641728512,0.0008275589934783056,108
k4,speculative,0,0,0.053578278006170876,297318,0b1503dbe8814b114412ba0d04f6d10d958ae15ab7817d3a8dab4413f8f7579a,617307648,641728512,0.0008265399956144392,108
k4,speculative,0,1,0.05334197499905713,297318,0b1503dbe8814b114412ba0d04f6d10d958ae15ab7817d3a8dab4413f8f7579a,617307648,641728512,0.0008197700080927461,108
k4,speculative,0,2,0.05345314199803397,297318,0b1503dbe8814b114412ba0d04f6d10d958ae15ab7817d3a8dab4413f8f7579a,617307648,641728512,0.0008162440062733367,108
k4,speculative,0,3,0.053458608002983965,297318,0b1503dbe8814b114412ba0d04f6d10d958ae15ab7817d3a8dab4413f8f7579a,617307648,641728512,0.000837767991470173,108
k16,original_full,0,0,0.05729642500227783,1016858,b65ded9f0b0892bf0c056a679273dea504eaa5f2bee6f1b960c8de2d1248aa85,625402880,637534208,0.0030897419928805903,108
k16,original_full,0,1,0.0626714819954941,1016858,b65ded9f0b0892bf0c056a679273dea504eaa5f2bee6f1b960c8de2d1248aa85,625402880,637534208,0.001463644002797082,108
k16,original_full,0,2,0.05633932699856814,1016858,b65ded9f0b0892bf0c056a679273dea504eaa5f2bee6f1b960c8de2d1248aa85,625402880,637534208,0.0030734780011698604,108
k16,original_full,0,3,0.05553638399578631,1016858,b65ded9f0b0892bf0c056a679273dea504eaa5f2bee6f1b960c8de2d1248aa85,625402880,637534208,0.001429323005140759,108
k16,project64,0,0,0.044420655991416425,1016858,b65ded9f0b0892bf0c056a679273dea504eaa5f2bee6f1b960c8de2d1248aa85,625788928,656408576,0.0014945760049158707,67
k16,project64,0,1,0.046907950003515,1016858,b65ded9f0b0892bf0c056a679273dea504eaa5f2bee6f1b960c8de2d1248aa85,625788928,656408576,0.002835560997482389,67
k16,project64,0,2,0.04580993500712793,1016858,b65ded9f0b0892bf0c056a679273dea504eaa5f2bee6f1b960c8de2d1248aa85,625788928,656408576,0.002185745004680939,67
k16,project64,0,3,0.04394064599182457,1016858,b65ded9f0b0892bf0c056a679273dea504eaa5f2bee6f1b960c8de2d1248aa85,625788928,656408576,0.0014518800016958266,67
k16,packed16,0,0,0.0364734290051274,1016858,b65ded9f0b0892bf0c056a679273dea504eaa5f2bee6f1b960c8de2d1248aa85,680314368,719323136,0.0014454690099228173,35
k16,packed16,0,1,0.03634706200682558,1016858,b65ded9f0b0892bf0c056a679273dea504eaa5f2bee6f1b960c8de2d1248aa85,680314368,719323136,0.0014161439903546125,35
k16,packed16,0,2,0.0370765519910492,1016858,b65ded9f0b0892bf0c056a679273dea504eaa5f2bee6f1b960c8de2d1248aa85,680314368,719323136,0.001422173998435028,35
k16,packed16,0,3,0.03608842600078788,1016858,b65ded9f0b0892bf0c056a679273dea504eaa5f2bee6f1b960c8de2d1248aa85,680314368,719323136,0.0013902139908168465,35
k16,sequential,0,0,0.0505127829965204,1016858,b65ded9f0b0892bf0c056a679273dea504eaa5f2bee6f1b960c8de2d1248aa85,634702336,666894336,0.0015254519967129454,108
k16,sequential,0,1,0.050276380992727354,1016858,b65ded9f0b0892bf0c056a679273dea504eaa5f2bee6f1b960c8de2d1248aa85,634702336,666894336,0.00150556699372828,108
k16,sequential,0,2,0.050189233996206895,1016858,b65ded9f0b0892bf0c056a679273dea504eaa5f2bee6f1b960c8de2d1248aa85,634702336,666894336,0.0015304389962693676,108
k16,sequential,0,3,0.050159160993644036,1016858,b65ded9f0b0892bf0c056a679273dea504eaa5f2bee6f1b960c8de2d1248aa85,634702336,666894336,0.0015183899959083647,108
k16,pipeline,0,0,0.05679670900281053,1016858,b65ded9f0b0892bf0c056a679273dea504eaa5f2bee6f1b960c8de2d1248aa85,634702336,666894336,0.0015630800044164062,108
k16,pipeline,0,1,0.05635008600074798,1016858,b65ded9f0b0892bf0c056a679273dea504eaa5f2bee6f1b960c8de2d1248aa85,634702336,666894336,0.00153820299601648,108
k16,pipeline,0,2,0.05630472999473568,1016858,b65ded9f0b0892bf0c056a679273dea504eaa5f2bee6f1b960c8de2d1248aa85,634702336,666894336,0.001522862003184855,108
k16,pipeline,0,3,0.056142197994631715,1016858,b65ded9f0b0892bf0c056a679273dea504eaa5f2bee6f1b960c8de2d1248aa85,634702336,666894336,0.0015289939910871908,108
k16,draft_serial,0,0,0.05446792099974118,1016858,b65ded9f0b0892bf0c056a679273dea504eaa5f2bee6f1b960c8de2d1248aa85,634702336,666894336,0.0015349210007116199,108
k16,draft_serial,0,1,0.052130537005723454,1016858,b65ded9f0b0892bf0c056a679273dea504eaa5f2bee6f1b960c8de2d1248aa85,634702336,666894336,0.0015098269941518083,108
k16,draft_serial,0,2,0.051992285007145256,1016858,b65ded9f0b0892bf0c056a679273dea504eaa5f2bee6f1b960c8de2d1248aa85,634702336,666894336,0.0015179239999270067,108
k16,draft_serial,0,3,0.053542358000413515,1016858,b65ded9f0b0892bf0c056a679273dea504eaa5f2bee6f1b960c8de2d1248aa85,634702336,666894336,0.001513864001026377,108
k16,speculative,0,0,0.0579565520019969,1016858,b65ded9f0b0892bf0c056a679273dea504eaa5f2bee6f1b960c8de2d1248aa85,634702336,666894336,0.0015461570001207292,108
k16,speculative,0,1,0.05827812400821131,1016858,b65ded9f0b0892bf0c056a679273dea504eaa5f2bee6f1b960c8de2d1248aa85,634702336,666894336,0.0015473399980692193,108
k16,speculative,0,2,0.057887671995558776,1016858,b65ded9f0b0892bf0c056a679273dea504eaa5f2bee6f1b960c8de2d1248aa85,634702336,666894336,0.0015266130067175254,108
k16,speculative,0,3,0.058362384006613865,1016858,b65ded9f0b0892bf0c056a679273dea504eaa5f2bee6f1b960c8de2d1248aa85,634702336,666894336,0.001549299995531328,108
k64,original_full,0,0,0.06595706999360118,3862998,4863a23e3edeb18d5e72d89fb0e25c0dbaea17762bbc98a7159803be72407a80,694363648,742391808,0.011314212009892799,108
k64,original_full,0,1,0.058913203989504836,3862998,4863a23e3edeb18d5e72d89fb0e25c0dbaea17762bbc98a7159803be72407a80,694363648,742391808,0.004179031995590776,108
k64,original_full,0,2,0.05904227899736725,3862998,4863a23e3edeb18d5e72d89fb0e25c0dbaea17762bbc98a7159803be72407a80,694363648,742391808,0.004251430989825167,108
k64,original_full,0,3,0.05850412200379651,3862998,4863a23e3edeb18d5e72d89fb0e25c0dbaea17762bbc98a7159803be72407a80,694363648,742391808,0.004167437989963219,108
k64,project64,0,0,0.05160886299563572,3862998,4863a23e3edeb18d5e72d89fb0e25c0dbaea17762bbc98a7159803be72407a80,695290368,734003200,0.004256692001945339,78
k64,project64,0,1,0.05269486899487674,3862998,4863a23e3edeb18d5e72d89fb0e25c0dbaea17762bbc98a7159803be72407a80,695290368,734003200,0.004193177999695763,78
k64,project64,0,2,0.052753479991224594,3862998,4863a23e3edeb18d5e72d89fb0e25c0dbaea17762bbc98a7159803be72407a80,695290368,734003200,0.004098801000509411,78
k64,project64,0,3,0.05110974000126589,3862998,4863a23e3edeb18d5e72d89fb0e25c0dbaea17762bbc98a7159803be72407a80,695290368,734003200,0.004073732998222113,78
k64,packed16,0,0,0.047910579000017606,3862998,4863a23e3edeb18d5e72d89fb0e25c0dbaea17762bbc98a7159803be72407a80,750727680,792723456,0.004276742009096779,62
k64,packed16,0,1,0.047606193998944946,3862998,4863a23e3edeb18d5e72d89fb0e25c0dbaea17762bbc98a7159803be72407a80,750727680,792723456,0.004133111011469737,62
k64,packed16,0,2,0.04783270000189077,3862998,4863a23e3edeb18d5e72d89fb0e25c0dbaea17762bbc98a7159803be72407a80,750727680,792723456,0.004138379008509219,62
k64,packed16,0,3,0.04751783999381587,3862998,4863a23e3edeb18d5e72d89fb0e25c0dbaea17762bbc98a7159803be72407a80,750727680,792723456,0.004138253993005492,62
k64,sequential,0,0,0.05755524001142476,3862998,4863a23e3edeb18d5e72d89fb0e25c0dbaea17762bbc98a7159803be72407a80,703663104,744488960,0.0052580549963749945,108
k64,sequential,0,1,0.05594649900740478,3862998,4863a23e3edeb18d5e72d89fb0e25c0dbaea17762bbc98a7159803be72407a80,703663104,744488960,0.004187539991107769,108
k64,sequential,0,2,0.05616724900028203,3862998,4863a23e3edeb18d5e72d89fb0e25c0dbaea17762bbc98a7159803be72407a80,703663104,744488960,0.004163916004472412,108
k64,sequential,0,3,0.055789520003600046,3862998,4863a23e3edeb18d5e72d89fb0e25c0dbaea17762bbc98a7159803be72407a80,703663104,744488960,0.004194230001303367,108
k64,pipeline,0,0,0.06518047901045065,3862998,4863a23e3edeb18d5e72d89fb0e25c0dbaea17762bbc98a7159803be72407a80,703663104,744488960,0.0049468369979877025,108
k64,pipeline,0,1,0.06185735900362488,3862998,4863a23e3edeb18d5e72d89fb0e25c0dbaea17762bbc98a7159803be72407a80,703663104,744488960,0.004223491006996483,108
k64,pipeline,0,2,0.06231940700672567,3862998,4863a23e3edeb18d5e72d89fb0e25c0dbaea17762bbc98a7159803be72407a80,703663104,744488960,0.0042799580114660785,108
k64,pipeline,0,3,0.06648758999654092,3862998,4863a23e3edeb18d5e72d89fb0e25c0dbaea17762bbc98a7159803be72407a80,703663104,744488960,0.004247308999765664,108
k64,draft_serial,0,0,0.058039684998220764,3862998,4863a23e3edeb18d5e72d89fb0e25c0dbaea17762bbc98a7159803be72407a80,703663104,744488960,0.004285674003767781,108
k64,draft_serial,0,1,0.05770559600205161,3862998,4863a23e3edeb18d5e72d89fb0e25c0dbaea17762bbc98a7159803be72407a80,703663104,744488960,0.004203315998893231,108
k64,draft_serial,0,2,0.05795250400842633,3862998,4863a23e3edeb18d5e72d89fb0e25c0dbaea17762bbc98a7159803be72407a80,703663104,744488960,0.004197280999505892,108
k64,draft_serial,0,3,0.059042932000011206,3862998,4863a23e3edeb18d5e72d89fb0e25c0dbaea17762bbc98a7159803be72407a80,703663104,744488960,0.004253219987731427,108
k64,speculative,0,0,0.06377488300495315,3862998,4863a23e3edeb18d5e72d89fb0e25c0dbaea17762bbc98a7159803be72407a80,703663104,744488960,0.0042657209996832535,108
k64,speculative,0,1,0.08102814400626812,3862998,4863a23e3edeb18d5e72d89fb0e25c0dbaea17762bbc98a7159803be72407a80,703663104,744488960,0.018350783007917926,108
k64,speculative,0,2,0.06364965900138486,3862998,4863a23e3edeb18d5e72d89fb0e25c0dbaea17762bbc98a7159803be72407a80,703663104,744488960,0.004199046001303941,108
k64,speculative,0,3,0.07029011100530624,3862998,4863a23e3edeb18d5e72d89fb0e25c0dbaea17762bbc98a7159803be72407a80,703663104,744488960,0.011004497006069869,108
original,original_full,0,0,0.05896690400550142,3926078,13cae87e6a0f75a13f3e9a7881b33c42ab77680f6d13e99dcc00fa2de5963495,696690176,746586112,0.00430857200990431,108
original,original_full,0,1,0.07390734599903226,3926078,13cae87e6a0f75a13f3e9a7881b33c42ab77680f6d13e99dcc00fa2de5963495,696690176,746586112,0.018140013999072835,108
original,original_full,0,2,0.05895987499388866,3926078,13cae87e6a0f75a13f3e9a7881b33c42ab77680f6d13e99dcc00fa2de5963495,696690176,746586112,0.004238029010593891,108
original,original_full,0,3,0.07283672298945021,3926078,13cae87e6a0f75a13f3e9a7881b33c42ab77680f6d13e99dcc00fa2de5963495,696690176,746586112,0.017760025992174633,108
original,project64,0,0,0.0666501070081722,3926078,13cae87e6a0f75a13f3e9a7881b33c42ab77680f6d13e99dcc00fa2de5963495,697622016,738197504,0.01786234999599401,78
original,project64,0,1,0.0658906000026036,3926078,13cae87e6a0f75a13f3e9a7881b33c42ab77680f6d13e99dcc00fa2de5963495,697622016,738197504,0.018513339993660338,78
original,project64,0,2,0.06618876900756732,3926078,13cae87e6a0f75a13f3e9a7881b33c42ab77680f6d13e99dcc00fa2de5963495,697622016,738197504,0.01856245299859438,78
original,project64,0,3,0.06595564000599552,3926078,13cae87e6a0f75a13f3e9a7881b33c42ab77680f6d13e99dcc00fa2de5963495,697622016,738197504,0.018365197989623994,78
original,packed16,0,0,0.07074953299888875,3926078,13cae87e6a0f75a13f3e9a7881b33c42ab77680f6d13e99dcc00fa2de5963495,753066496,796917760,0.01819446300214622,62
original,packed16,0,1,0.0623073180031497,3926078,13cae87e6a0f75a13f3e9a7881b33c42ab77680f6d13e99dcc00fa2de5963495,753066496,796917760,0.018659797991858795,62
original,packed16,0,2,0.06983815200510435,3926078,13cae87e6a0f75a13f3e9a7881b33c42ab77680f6d13e99dcc00fa2de5963495,753066496,796917760,0.02485083500505425,62
original,packed16,0,3,0.06195409000793006,3926078,13cae87e6a0f75a13f3e9a7881b33c42ab77680f6d13e99dcc00fa2de5963495,753066496,796917760,0.018387785996310413,62
original,sequential,0,0,0.07067677700251807,3926078,13cae87e6a0f75a13f3e9a7881b33c42ab77680f6d13e99dcc00fa2de5963495,705989632,748683264,0.01845053199212998,108
original,sequential,0,1,0.07066713500535116,3926078,13cae87e6a0f75a13f3e9a7881b33c42ab77680f6d13e99dcc00fa2de5963495,705989632,748683264,0.018639885005541146,108
original,sequential,0,2,0.08106877400132362,3926078,13cae87e6a0f75a13f3e9a7881b33c42ab77680f6d13e99dcc00fa2de5963495,705989632,748683264,0.022064952994696796,108
original,sequential,0,3,0.07403137999062892,3926078,13cae87e6a0f75a13f3e9a7881b33c42ab77680f6d13e99dcc00fa2de5963495,705989632,748683264,0.018571524997241795,108
original,pipeline,0,0,0.0772014670073986,3926078,13cae87e6a0f75a13f3e9a7881b33c42ab77680f6d13e99dcc00fa2de5963495,705989632,748683264,0.018479377002222463,108
original,pipeline,0,1,0.08690776499861386,3926078,13cae87e6a0f75a13f3e9a7881b33c42ab77680f6d13e99dcc00fa2de5963495,705989632,748683264,0.020339594993856736,108
original,pipeline,0,2,0.0871010889968602,3926078,13cae87e6a0f75a13f3e9a7881b33c42ab77680f6d13e99dcc00fa2de5963495,705989632,748683264,0.022027511993655935,108
original,pipeline,0,3,0.07635023599141277,3926078,13cae87e6a0f75a13f3e9a7881b33c42ab77680f6d13e99dcc00fa2de5963495,705989632,748683264,0.018375656989519484,108
original,draft_serial,0,0,0.07258341000124346,3926078,13cae87e6a0f75a13f3e9a7881b33c42ab77680f6d13e99dcc00fa2de5963495,705989632,748683264,0.018522500002291054,108
original,draft_serial,0,1,0.07236803900741506,3926078,13cae87e6a0f75a13f3e9a7881b33c42ab77680f6d13e99dcc00fa2de5963495,705989632,748683264,0.018601885007228702,108
original,draft_serial,0,2,0.08135626900184434,3926078,13cae87e6a0f75a13f3e9a7881b33c42ab77680f6d13e99dcc00fa2de5963495,705989632,748683264,0.02192389300034847,108
original,draft_serial,0,3,0.07211516100505833,3926078,13cae87e6a0f75a13f3e9a7881b33c42ab77680f6d13e99dcc00fa2de5963495,705989632,748683264,0.0183863270067377,108
original,speculative,0,0,0.07934574200771749,3926078,13cae87e6a0f75a13f3e9a7881b33c42ab77680f6d13e99dcc00fa2de5963495,705989632,748683264,0.019587205999414437,108
original,speculative,0,1,0.07730063099006657,3926078,13cae87e6a0f75a13f3e9a7881b33c42ab77680f6d13e99dcc00fa2de5963495,705989632,748683264,0.017910944006871432,108
original,speculative,0,2,0.08536470700346399,3926078,13cae87e6a0f75a13f3e9a7881b33c42ab77680f6d13e99dcc00fa2de5963495,705989632,748683264,0.024887976003810763,108
original,speculative,0,3,0.06960475900268648,3926078,13cae87e6a0f75a13f3e9a7881b33c42ab77680f6d13e99dcc00fa2de5963495,705989632,748683264,0.009858143006567843,108
k256,original_full,0,0,0.13819362501089927,15429428,49160b0fece513842a1194c0aaca5b2d06de6de417533c401ac0c383b2e70611,973868544,1124073472,0.07151442399481311,108
k256,original_full,0,1,0.13591192400781438,15429428,49160b0fece513842a1194c0aaca5b2d06de6de417533c401ac0c383b2e70611,973868544,1124073472,0.07332924799993634,108
k256,original_full,0,2,0.1323430409975117,15429428,49160b0fece513842a1194c0aaca5b2d06de6de417533c401ac0c383b2e70611,973868544,1124073472,0.07198310700186994,108
k256,original_full,0,3,0.13403623399790376,15429428,49160b0fece513842a1194c0aaca5b2d06de6de417533c401ac0c383b2e70611,973868544,1124073472,0.07134099600079935,108
k256,project64,0,0,0.12463983599445783,15429428,49160b0fece513842a1194c0aaca5b2d06de6de417533c401ac0c383b2e70611,975213568,1119879168,0.07190588398952968,87
k256,project64,0,1,0.12504776699643116,15429428,49160b0fece513842a1194c0aaca5b2d06de6de417533c401ac0c383b2e70611,975213568,1119879168,0.07248920199344866,87
k256,project64,0,2,0.1257901859935373,15429428,49160b0fece513842a1194c0aaca5b2d06de6de417533c401ac0c383b2e70611,975213568,1119879168,0.07184670800052118,87
k256,project64,0,3,0.12378400599118322,15429428,49160b0fece513842a1194c0aaca5b2d06de6de417533c401ac0c383b2e70611,975213568,1119879168,0.07121011699200608,87
k256,packed16,0,0,0.12771354599681217,15429428,49160b0fece513842a1194c0aaca5b2d06de6de417533c401ac0c383b2e70611,1031367680,1166016512,0.07135905198811088,78
k256,packed16,0,1,0.12387931800913066,15429428,49160b0fece513842a1194c0aaca5b2d06de6de417533c401ac0c383b2e70611,1031367680,1166016512,0.07190024199371692,78
k256,packed16,0,2,0.12658169300993904,15429428,49160b0fece513842a1194c0aaca5b2d06de6de417533c401ac0c383b2e70611,1031367680,1166016512,0.07186843400995713,78
k256,packed16,0,3,0.12194377099513076,15429428,49160b0fece513842a1194c0aaca5b2d06de6de417533c401ac0c383b2e70611,1031367680,1166016512,0.0717541890044231,78
k256,sequential,0,0,0.1275868100055959,15429428,49160b0fece513842a1194c0aaca5b2d06de6de417533c401ac0c383b2e70611,983168000,1136656384,0.07174321298953146,108
k256,sequential,0,1,0.12828857600106858,15429428,49160b0fece513842a1194c0aaca5b2d06de6de417533c401ac0c383b2e70611,983168000,1136656384,0.07252473400149029,108
k256,sequential,0,2,0.12847504400997423,15429428,49160b0fece513842a1194c0aaca5b2d06de6de417533c401ac0c383b2e70611,983168000,1136656384,0.07227775899809785,108
k256,sequential,0,3,0.12663805999909528,15429428,49160b0fece513842a1194c0aaca5b2d06de6de417533c401ac0c383b2e70611,983168000,1136656384,0.07074414999806322,108
k256,pipeline,0,0,0.1475668890052475,15429428,49160b0fece513842a1194c0aaca5b2d06de6de417533c401ac0c383b2e70611,983168000,1136656384,0.07782535499427468,108
k256,pipeline,0,1,0.13468573699356057,15429428,49160b0fece513842a1194c0aaca5b2d06de6de417533c401ac0c383b2e70611,983168000,1136656384,0.07203451001259964,108
k256,pipeline,0,2,0.1339680589881027,15429428,49160b0fece513842a1194c0aaca5b2d06de6de417533c401ac0c383b2e70611,983168000,1136656384,0.07145133199810516,108
k256,pipeline,0,3,0.133554294006899,15429428,49160b0fece513842a1194c0aaca5b2d06de6de417533c401ac0c383b2e70611,983168000,1136656384,0.07110042299609631,108
k256,draft_serial,0,0,0.13187998000648804,15429428,49160b0fece513842a1194c0aaca5b2d06de6de417533c401ac0c383b2e70611,983168000,1136656384,0.07271687299362384,108
k256,draft_serial,0,1,0.1418071280058939,15429428,49160b0fece513842a1194c0aaca5b2d06de6de417533c401ac0c383b2e70611,983168000,1136656384,0.07878512000024784,108
k256,draft_serial,0,2,0.1287691229954362,15429428,49160b0fece513842a1194c0aaca5b2d06de6de417533c401ac0c383b2e70611,983168000,1136656384,0.07152652900549583,108
k256,draft_serial,0,3,0.1279389720002655,15429428,49160b0fece513842a1194c0aaca5b2d06de6de417533c401ac0c383b2e70611,983168000,1136656384,0.07071584698860534,108
k256,speculative,0,0,0.14273822501127142,15429428,49160b0fece513842a1194c0aaca5b2d06de6de417533c401ac0c383b2e70611,983168000,1136656384,0.07172555099532474,108
k256,speculative,0,1,0.15850601199781522,15429428,49160b0fece513842a1194c0aaca5b2d06de6de417533c401ac0c383b2e70611,983168000,1136656384,0.08590803798870184,108
k256,speculative,0,2,0.13450489500246476,15429428,49160b0fece513842a1194c0aaca5b2d06de6de417533c401ac0c383b2e70611,983168000,1136656384,0.07119823500397615,108
k256,speculative,0,3,0.13788335700519383,15429428,49160b0fece513842a1194c0aaca5b2d06de6de417533c401ac0c383b2e70611,983168000,1136656384,0.07138261799991596,108
k1024,original_full,0,0,0.34545244500623085,61458806,1aa5d88ffa1f87e75ad08af781637cb073d2c862378f6b4dcf84f2a56c3d6fe3,2088335872,2600468480,0.28378973199869506,108
k1024,original_full,0,1,0.34802124500856735,61458806,1aa5d88ffa1f87e75ad08af781637cb073d2c862378f6b4dcf84f2a56c3d6fe3,2088335872,2600468480,0.2860396670002956,108
k1024,original_full,0,2,0.3435424180061091,61458806,1aa5d88ffa1f87e75ad08af781637cb073d2c862378f6b4dcf84f2a56c3d6fe3,2088335872,2600468480,0.2820628040062729,108
k1024,original_full,0,3,0.34394372400129214,61458806,1aa5d88ffa1f87e75ad08af781637cb073d2c862378f6b4dcf84f2a56c3d6fe3,2088335872,2600468480,0.28252868200070225,108
k1024,project64,0,0,0.3440968619979685,61458806,1aa5d88ffa1f87e75ad08af781637cb073d2c862378f6b4dcf84f2a56c3d6fe3,2090067968,2596274176,0.28458184099872597,93
k1024,project64,0,1,0.35199518100125715,61458806,1aa5d88ffa1f87e75ad08af781637cb073d2c862378f6b4dcf84f2a56c3d6fe3,2090067968,2596274176,0.2849183470098069,93
k1024,project64,0,2,0.3433325060032075,61458806,1aa5d88ffa1f87e75ad08af781637cb073d2c862378f6b4dcf84f2a56c3d6fe3,2090067968,2596274176,0.2838886780082248,93
k1024,project64,0,3,0.3422931679961039,61458806,1aa5d88ffa1f87e75ad08af781637cb073d2c862378f6b4dcf84f2a56c3d6fe3,2090067968,2596274176,0.28327197600447107,93
k1024,packed16,0,0,0.34413660800782964,61458806,1aa5d88ffa1f87e75ad08af781637cb073d2c862378f6b4dcf84f2a56c3d6fe3,2146255360,2654994432,0.2850336999981664,88
k1024,packed16,0,1,0.34392432299500797,61458806,1aa5d88ffa1f87e75ad08af781637cb073d2c862378f6b4dcf84f2a56c3d6fe3,2146255360,2654994432,0.28521426500810776,88
k1024,packed16,0,2,0.3427136320096906,61458806,1aa5d88ffa1f87e75ad08af781637cb073d2c862378f6b4dcf84f2a56c3d6fe3,2146255360,2654994432,0.28351849599857815,88
k1024,packed16,0,3,0.3481115070026135,61458806,1aa5d88ffa1f87e75ad08af781637cb073d2c862378f6b4dcf84f2a56c3d6fe3,2146255360,2654994432,0.2827321130025666,88
k1024,sequential,0,0,0.3454554360068869,61458806,1aa5d88ffa1f87e75ad08af781637cb073d2c862378f6b4dcf84f2a56c3d6fe3,2097635328,2602565632,0.28489047900075093,108
k1024,sequential,0,1,0.3486928310012445,61458806,1aa5d88ffa1f87e75ad08af781637cb073d2c862378f6b4dcf84f2a56c3d6fe3,2097635328,2602565632,0.2849004190065898,108
k1024,sequential,0,2,0.34512224201171193,61458806,1aa5d88ffa1f87e75ad08af781637cb073d2c862378f6b4dcf84f2a56c3d6fe3,2097635328,2602565632,0.28477641999779735,108
k1024,sequential,0,3,0.3434011770004872,61458806,1aa5d88ffa1f87e75ad08af781637cb073d2c862378f6b4dcf84f2a56c3d6fe3,2097635328,2602565632,0.2831291770125972,108
k1024,pipeline,0,0,0.3628374639956746,61458806,1aa5d88ffa1f87e75ad08af781637cb073d2c862378f6b4dcf84f2a56c3d6fe3,2097635328,2602565632,0.29301467900222633,108
k1024,pipeline,0,1,0.35587903700070456,61458806,1aa5d88ffa1f87e75ad08af781637cb073d2c862378f6b4dcf84f2a56c3d6fe3,2097635328,2602565632,0.2870151149982121,108
k1024,pipeline,0,2,0.3567715029930696,61458806,1aa5d88ffa1f87e75ad08af781637cb073d2c862378f6b4dcf84f2a56c3d6fe3,2097635328,2602565632,0.28349980599887203,108
k1024,pipeline,0,3,0.3531089339958271,61458806,1aa5d88ffa1f87e75ad08af781637cb073d2c862378f6b4dcf84f2a56c3d6fe3,2097635328,2602565632,0.28491486099665053,108
k1024,draft_serial,0,0,0.34690059498825576,61458806,1aa5d88ffa1f87e75ad08af781637cb073d2c862378f6b4dcf84f2a56c3d6fe3,2097635328,2602565632,0.2849333860067418,108
k1024,draft_serial,0,1,0.3473168570053531,61458806,1aa5d88ffa1f87e75ad08af781637cb073d2c862378f6b4dcf84f2a56c3d6fe3,2097635328,2602565632,0.28580285400676075,108
k1024,draft_serial,0,2,0.3470211410021875,61458806,1aa5d88ffa1f87e75ad08af781637cb073d2c862378f6b4dcf84f2a56c3d6fe3,2097635328,2602565632,0.28502679499797523,108
k1024,draft_serial,0,3,0.3451696480042301,61458806,1aa5d88ffa1f87e75ad08af781637cb073d2c862378f6b4dcf84f2a56c3d6fe3,2097635328,2602565632,0.2834806769969873,108
k1024,speculative,0,0,0.357908840989694,61458806,1aa5d88ffa1f87e75ad08af781637cb073d2c862378f6b4dcf84f2a56c3d6fe3,2097635328,2602565632,0.28646728600142524,108
k1024,speculative,0,1,0.3564676770038204,61458806,1aa5d88ffa1f87e75ad08af781637cb073d2c862378f6b4dcf84f2a56c3d6fe3,2097635328,2602565632,0.28713561400945764,108
k1024,speculative,0,2,0.3512683430017205,61458806,1aa5d88ffa1f87e75ad08af781637cb073d2c862378f6b4dcf84f2a56c3d6fe3,2097635328,2602565632,0.28305617299338337,108
k1024,speculative,0,3,0.3532361010002205,61458806,1aa5d88ffa1f87e75ad08af781637cb073d2c862378f6b4dcf84f2a56c3d6fe3,2097635328,2602565632,0.28571935500076506,108
k4,original_full,1,0,0.05259541700070258,297318,0b1503dbe8814b114412ba0d04f6d10d958ae15ab7817d3a8dab4413f8f7579a,608008192,614465536,0.0006871160003356636,108
k4,original_full,1,1,0.053535707003902644,297318,0b1503dbe8814b114412ba0d04f6d10d958ae15ab7817d3a8dab4413f8f7579a,608008192,614465536,0.0009962100011762232,108
k4,original_full,1,2,0.05271146399900317,297318,0b1503dbe8814b114412ba0d04f6d10d958ae15ab7817d3a8dab4413f8f7579a,608008192,614465536,0.0006897229905007407,108
k4,original_full,1,3,0.0529428810114041,297318,0b1503dbe8814b114412ba0d04f6d10d958ae15ab7817d3a8dab4413f8f7579a,608008192,614465536,0.0007242840074468404,108
k4,project64,1,0,0.03888153399748262,297318,0b1503dbe8814b114412ba0d04f6d10d958ae15ab7817d3a8dab4413f8f7579a,607260160,616562688,0.0005960389971733093,51
k4,project64,1,1,0.039313903005677275,297318,0b1503dbe8814b114412ba0d04f6d10d958ae15ab7817d3a8dab4413f8f7579a,607260160,616562688,0.0006124200008343905,51
k4,project64,1,2,0.03882993900333531,297318,0b1503dbe8814b114412ba0d04f6d10d958ae15ab7817d3a8dab4413f8f7579a,607260160,616562688,0.0005940820119576529,51
k4,project64,1,3,0.03918091599189211,297318,0b1503dbe8814b114412ba0d04f6d10d958ae15ab7817d3a8dab4413f8f7579a,607260160,616562688,0.0006004890019539744,51
k4,packed16,1,0,0.03053637099219486,297318,0b1503dbe8814b114412ba0d04f6d10d958ae15ab7817d3a8dab4413f8f7579a,661790720,675282944,0.0005495609948411584,16
k4,packed16,1,1,0.030481055000564083,297318,0b1503dbe8814b114412ba0d04f6d10d958ae15ab7817d3a8dab4413f8f7579a,661790720,675282944,0.0005536660028155893,16
k4,packed16,1,2,0.0329982370021753,297318,0b1503dbe8814b114412ba0d04f6d10d958ae15ab7817d3a8dab4413f8f7579a,661790720,675282944,0.0005488489987328649,16
k4,packed16,1,3,0.03057068301131949,297318,0b1503dbe8814b114412ba0d04f6d10d958ae15ab7817d3a8dab4413f8f7579a,661790720,675282944,0.0005646999925374985,16
k4,sequential,1,0,0.04686463199323043,297318,0b1503dbe8814b114412ba0d04f6d10d958ae15ab7817d3a8dab4413f8f7579a,617307648,641728512,0.0008563320006942376,108
k4,sequential,1,1,0.04685100700589828,297318,0b1503dbe8814b114412ba0d04f6d10d958ae15ab7817d3a8dab4413f8f7579a,617307648,641728512,0.0008513929933542386,108
k4,sequential,1,2,0.046978462996776216,297318,0b1503dbe8814b114412ba0d04f6d10d958ae15ab7817d3a8dab4413f8f7579a,617307648,641728512,0.0008844559924909845,108
k4,sequential,1,3,0.04679018699971493,297318,0b1503dbe8814b114412ba0d04f6d10d958ae15ab7817d3a8dab4413f8f7579a,617307648,641728512,0.0008505190053256229,108
k4,pipeline,1,0,0.05272939900169149,297318,0b1503dbe8814b114412ba0d04f6d10d958ae15ab7817d3a8dab4413f8f7579a,617307648,641728512,0.0008638660074211657,108
k4,pipeline,1,1,0.052758660007384606,297318,0b1503dbe8814b114412ba0d04f6d10d958ae15ab7817d3a8dab4413f8f7579a,617307648,641728512,0.0008718140015844256,108
k4,pipeline,1,2,0.052962576010031626,297318,0b1503dbe8814b114412ba0d04f6d10d958ae15ab7817d3a8dab4413f8f7579a,617307648,641728512,0.0008653330005472526,108
k4,pipeline,1,3,0.0540127999993274,297318,0b1503dbe8814b114412ba0d04f6d10d958ae15ab7817d3a8dab4413f8f7579a,617307648,641728512,0.00154034499428235,108
k4,draft_serial,1,0,0.05005220900056884,297318,0b1503dbe8814b114412ba0d04f6d10d958ae15ab7817d3a8dab4413f8f7579a,617307648,641728512,0.0008543169969925657,108
k4,draft_serial,1,1,0.04868418799014762,297318,0b1503dbe8814b114412ba0d04f6d10d958ae15ab7817d3a8dab4413f8f7579a,617307648,641728512,0.0008571859943913296,108
k4,draft_serial,1,2,0.04876498399244156,297318,0b1503dbe8814b114412ba0d04f6d10d958ae15ab7817d3a8dab4413f8f7579a,617307648,641728512,0.0008672640105942264,108
k4,draft_serial,1,3,0.04845143499551341,297318,0b1503dbe8814b114412ba0d04f6d10d958ae15ab7817d3a8dab4413f8f7579a,617307648,641728512,0.0008991340000648052,108
k4,speculative,1,0,0.05716859000676777,297318,0b1503dbe8814b114412ba0d04f6d10d958ae15ab7817d3a8dab4413f8f7579a,617307648,641728512,0.0029389999981503934,108
k4,speculative,1,1,0.06009153900959063,297318,0b1503dbe8814b114412ba0d04f6d10d958ae15ab7817d3a8dab4413f8f7579a,617307648,641728512,0.0008605440089013427,108
k4,speculative,1,2,0.05507493099139538,297318,0b1503dbe8814b114412ba0d04f6d10d958ae15ab7817d3a8dab4413f8f7579a,617307648,641728512,0.0009489099902566522,108
k4,speculative,1,3,0.05426642800739501,297318,0b1503dbe8814b114412ba0d04f6d10d958ae15ab7817d3a8dab4413f8f7579a,617307648,641728512,0.00085867200687062,108
k16,original_full,1,0,0.05515365400060546,1016858,b65ded9f0b0892bf0c056a679273dea504eaa5f2bee6f1b960c8de2d1248aa85,625402880,637534208,0.001461990992538631,108
k16,original_full,1,1,0.05644046299858019,1016858,b65ded9f0b0892bf0c056a679273dea504eaa5f2bee6f1b960c8de2d1248aa85,625402880,637534208,0.0030738299974473193,108
k16,original_full,1,2,0.05596359599439893,1016858,b65ded9f0b0892bf0c056a679273dea504eaa5f2bee6f1b960c8de2d1248aa85,625402880,637534208,0.0014593679952668026,108
k16,original_full,1,3,0.05492090999905486,1016858,b65ded9f0b0892bf0c056a679273dea504eaa5f2bee6f1b960c8de2d1248aa85,625402880,637534208,0.0017058689991245046,108
k16,project64,1,0,0.04483654600335285,1016858,b65ded9f0b0892bf0c056a679273dea504eaa5f2bee6f1b960c8de2d1248aa85,625788928,656408576,0.00152266000804957,67
k16,project64,1,1,0.04507773100340273,1016858,b65ded9f0b0892bf0c056a679273dea504eaa5f2bee6f1b960c8de2d1248aa85,625788928,656408576,0.0015312430041376501,67
k16,project64,1,2,0.04498443499323912,1016858,b65ded9f0b0892bf0c056a679273dea504eaa5f2bee6f1b960c8de2d1248aa85,625788928,656408576,0.0015225459937937558,67
k16,project64,1,3,0.044912355006090365,1016858,b65ded9f0b0892bf0c056a679273dea504eaa5f2bee6f1b960c8de2d1248aa85,625788928,656408576,0.001524546998552978,67
k16,packed16,1,0,0.03766999300569296,1016858,b65ded9f0b0892bf0c056a679273dea504eaa5f2bee6f1b960c8de2d1248aa85,680314368,719323136,0.0014927149895811453,35
k16,packed16,1,1,0.037560466007562354,1016858,b65ded9f0b0892bf0c056a679273dea504eaa5f2bee6f1b960c8de2d1248aa85,680314368,719323136,0.0014942050038371235,35
k16,packed16,1,2,0.04628148699703161,1016858,b65ded9f0b0892bf0c056a679273dea504eaa5f2bee6f1b960c8de2d1248aa85,680314368,719323136,0.0019800220034085214,35
k16,packed16,1,3,0.037201455008471385,1016858,b65ded9f0b0892bf0c056a679273dea504eaa5f2bee6f1b960c8de2d1248aa85,680314368,719323136,0.0014797190087847412,35
k16,sequential,1,0,0.051240385000710376,1016858,b65ded9f0b0892bf0c056a679273dea504eaa5f2bee6f1b960c8de2d1248aa85,634702336,666894336,0.0015899060090305284,108
k16,sequential,1,1,0.051361272009671666,1016858,b65ded9f0b0892bf0c056a679273dea504eaa5f2bee6f1b960c8de2d1248aa85,634702336,666894336,0.001575027999933809,108
k16,sequential,1,2,0.05266889400081709,1016858,b65ded9f0b0892bf0c056a679273dea504eaa5f2bee6f1b960c8de2d1248aa85,634702336,666894336,0.0016487569955643266,108
k16,sequential,1,3,0.051046296997810714,1016858,b65ded9f0b0892bf0c056a679273dea504eaa5f2bee6f1b960c8de2d1248aa85,634702336,666894336,0.001588083992828615,108
k16,pipeline,1,0,0.05742397300491575,1016858,b65ded9f0b0892bf0c056a679273dea504eaa5f2bee6f1b960c8de2d1248aa85,634702336,666894336,0.0016121009975904599,108
k16,pipeline,1,1,0.05725034201168455,1016858,b65ded9f0b0892bf0c056a679273dea504eaa5f2bee6f1b960c8de2d1248aa85,634702336,666894336,0.0016020260081859306,108
k16,pipeline,1,2,0.058823406987357885,1016858,b65ded9f0b0892bf0c056a679273dea504eaa5f2bee6f1b960c8de2d1248aa85,634702336,666894336,0.0016402869950979948,108
k16,pipeline,1,3,0.06464152099215426,1016858,b65ded9f0b0892bf0c056a679273dea504eaa5f2bee6f1b960c8de2d1248aa85,634702336,666894336,0.00160914400476031,108
k16,draft_serial,1,0,0.059696704003727064,1016858,b65ded9f0b0892bf0c056a679273dea504eaa5f2bee6f1b960c8de2d1248aa85,634702336,666894336,0.001599681010702625,108
k16,draft_serial,1,1,0.056842673002392985,1016858,b65ded9f0b0892bf0c056a679273dea504eaa5f2bee6f1b960c8de2d1248aa85,634702336,666894336,0.004725840990431607,108
k16,draft_serial,1,2,0.05324587300128769,1016858,b65ded9f0b0892bf0c056a679273dea504eaa5f2bee6f1b960c8de2d1248aa85,634702336,666894336,0.0016263910074485466,108
k16,draft_serial,1,3,0.05318668899417389,1016858,b65ded9f0b0892bf0c056a679273dea504eaa5f2bee6f1b960c8de2d1248aa85,634702336,666894336,0.0017647619970375672,108
k16,speculative,1,0,0.059703282997361384,1016858,b65ded9f0b0892bf0c056a679273dea504eaa5f2bee6f1b960c8de2d1248aa85,634702336,666894336,0.0018350239988649264,108
k16,speculative,1,1,0.06085440100287087,1016858,b65ded9f0b0892bf0c056a679273dea504eaa5f2bee6f1b960c8de2d1248aa85,634702336,666894336,0.0016309289931086823,108
k16,speculative,1,2,0.0596779290062841,1016858,b65ded9f0b0892bf0c056a679273dea504eaa5f2bee6f1b960c8de2d1248aa85,634702336,666894336,0.0016292509972117841,108
k16,speculative,1,3,0.05898674899071921,1016858,b65ded9f0b0892bf0c056a679273dea504eaa5f2bee6f1b960c8de2d1248aa85,634702336,666894336,0.0016012859996408224,108
k64,original_full,1,0,0.058862600999418646,3862998,4863a23e3edeb18d5e72d89fb0e25c0dbaea17762bbc98a7159803be72407a80,694363648,742391808,0.004165819002082571,108
k64,original_full,1,1,0.0657631899957778,3862998,4863a23e3edeb18d5e72d89fb0e25c0dbaea17762bbc98a7159803be72407a80,694363648,742391808,0.011127339006634429,108
k64,original_full,1,2,0.058878957002889365,3862998,4863a23e3edeb18d5e72d89fb0e25c0dbaea17762bbc98a7159803be72407a80,694363648,742391808,0.004181180993327871,108
k64,original_full,1,3,0.05873889000213239,3862998,4863a23e3edeb18d5e72d89fb0e25c0dbaea17762bbc98a7159803be72407a80,694363648,742391808,0.004382686005556025,108
k64,project64,1,0,0.05233276399667375,3862998,4863a23e3edeb18d5e72d89fb0e25c0dbaea17762bbc98a7159803be72407a80,695290368,734003200,0.004240870999637991,78
k64,project64,1,1,0.05271134500799235,3862998,4863a23e3edeb18d5e72d89fb0e25c0dbaea17762bbc98a7159803be72407a80,695290368,734003200,0.004276883002603427,78
k64,project64,1,2,0.052497986995149404,3862998,4863a23e3edeb18d5e72d89fb0e25c0dbaea17762bbc98a7159803be72407a80,695290368,734003200,0.004248469005688094,78
k64,project64,1,3,0.05243873399740551,3862998,4863a23e3edeb18d5e72d89fb0e25c0dbaea17762bbc98a7159803be72407a80,695290368,734003200,0.0042333229939686134,78
k64,packed16,1,0,0.04885633400408551,3862998,4863a23e3edeb18d5e72d89fb0e25c0dbaea17762bbc98a7159803be72407a80,750727680,792723456,0.004320188003475778,62
k64,packed16,1,1,0.04878270500921644,3862998,4863a23e3edeb18d5e72d89fb0e25c0dbaea17762bbc98a7159803be72407a80,750727680,792723456,0.004324520006775856,62
k64,packed16,1,2,0.05427966799470596,3862998,4863a23e3edeb18d5e72d89fb0e25c0dbaea17762bbc98a7159803be72407a80,750727680,792723456,0.004354094999143854,62
k64,packed16,1,3,0.04863376800494734,3862998,4863a23e3edeb18d5e72d89fb0e25c0dbaea17762bbc98a7159803be72407a80,750727680,792723456,0.004316552003729157,62
k64,sequential,1,0,0.05869997300032992,3862998,4863a23e3edeb18d5e72d89fb0e25c0dbaea17762bbc98a7159803be72407a80,703663104,744488960,0.006289184995694086,108
k64,sequential,1,1,0.05697951899492182,3862998,4863a23e3edeb18d5e72d89fb0e25c0dbaea17762bbc98a7159803be72407a80,703663104,744488960,0.004354762000730261,108
k64,sequential,1,2,0.056654849991900846,3862998,4863a23e3edeb18d5e72d89fb0e25c0dbaea17762bbc98a7159803be72407a80,703663104,744488960,0.004311637007049285,108
k64,sequential,1,3,0.06138203199952841,3862998,4863a23e3edeb18d5e72d89fb0e25c0dbaea17762bbc98a7159803be72407a80,703663104,744488960,0.005308521998813376,108
k64,pipeline,1,0,0.06648692100134213,3862998,4863a23e3edeb18d5e72d89fb0e25c0dbaea17762bbc98a7159803be72407a80,703663104,744488960,0.004358744990895502,108
k64,pipeline,1,1,0.06632951300707646,3862998,4863a23e3edeb18d5e72d89fb0e25c0dbaea17762bbc98a7159803be72407a80,703663104,744488960,0.004381996011943556,108
k64,pipeline,1,2,0.062467783005558886,3862998,4863a23e3edeb18d5e72d89fb0e25c0dbaea17762bbc98a7159803be72407a80,703663104,744488960,0.004320089996326715,108
k64,pipeline,1,3,0.06256521999603137,3862998,4863a23e3edeb18d5e72d89fb0e25c0dbaea17762bbc98a7159803be72407a80,703663104,744488960,0.0043053330009570345,108
k64,draft_serial,1,0,0.05873518800945021,3862998,4863a23e3edeb18d5e72d89fb0e25c0dbaea17762bbc98a7159803be72407a80,703663104,744488960,0.004329460003646091,108
k64,draft_serial,1,1,0.05872028399608098,3862998,4863a23e3edeb18d5e72d89fb0e25c0dbaea17762bbc98a7159803be72407a80,703663104,744488960,0.004325575006077997,108
k64,draft_serial,1,2,0.05854727199766785,3862998,4863a23e3edeb18d5e72d89fb0e25c0dbaea17762bbc98a7159803be72407a80,703663104,744488960,0.0043379849958000705,108
k64,draft_serial,1,3,0.05843206999998074,3862998,4863a23e3edeb18d5e72d89fb0e25c0dbaea17762bbc98a7159803be72407a80,703663104,744488960,0.004321792992413975,108
k64,speculative,1,0,0.07953064799949061,3862998,4863a23e3edeb18d5e72d89fb0e25c0dbaea17762bbc98a7159803be72407a80,703663104,744488960,0.018985253002028912,108
k64,speculative,1,1,0.06465979399217758,3862998,4863a23e3edeb18d5e72d89fb0e25c0dbaea17762bbc98a7159803be72407a80,703663104,744488960,0.004358336009318009,108
k64,speculative,1,2,0.0788878159946762,3862998,4863a23e3edeb18d5e72d89fb0e25c0dbaea17762bbc98a7159803be72407a80,703663104,744488960,0.018550576001871377,108
k64,speculative,1,3,0.06426872900919989,3862998,4863a23e3edeb18d5e72d89fb0e25c0dbaea17762bbc98a7159803be72407a80,703663104,744488960,0.0043454020051285625,108
original,original_full,1,0,0.07345145399449393,3926078,13cae87e6a0f75a13f3e9a7881b33c42ab77680f6d13e99dcc00fa2de5963495,696690176,746586112,0.01808646699646488,108
original,original_full,1,1,0.05917655299708713,3926078,13cae87e6a0f75a13f3e9a7881b33c42ab77680f6d13e99dcc00fa2de5963495,696690176,746586112,0.0042288599943276495,108
original,original_full,1,2,0.07304636000480969,3926078,13cae87e6a0f75a13f3e9a7881b33c42ab77680f6d13e99dcc00fa2de5963495,696690176,746586112,0.018041907998849638,108
original,original_full,1,3,0.058503931999439374,3926078,13cae87e6a0f75a13f3e9a7881b33c42ab77680f6d13e99dcc00fa2de5963495,696690176,746586112,0.004193337008473463,108
original,project64,1,0,0.0675954790058313,3926078,13cae87e6a0f75a13f3e9a7881b33c42ab77680f6d13e99dcc00fa2de5963495,697622016,738197504,0.01921675399353262,78
original,project64,1,1,0.06756086100358516,3926078,13cae87e6a0f75a13f3e9a7881b33c42ab77680f6d13e99dcc00fa2de5963495,697622016,738197504,0.0190299679961754,78
original,project64,1,2,0.06697471499501262,3926078,13cae87e6a0f75a13f3e9a7881b33c42ab77680f6d13e99dcc00fa2de5963495,697622016,738197504,0.018825238003046252,78
original,project64,1,3,0.0675846540107159,3926078,13cae87e6a0f75a13f3e9a7881b33c42ab77680f6d13e99dcc00fa2de5963495,697622016,738197504,0.01894497001194395,78
original,packed16,1,0,0.06401327998901252,3926078,13cae87e6a0f75a13f3e9a7881b33c42ab77680f6d13e99dcc00fa2de5963495,753066496,796917760,0.01895241100282874,62
original,packed16,1,1,0.06411864201072603,3926078,13cae87e6a0f75a13f3e9a7881b33c42ab77680f6d13e99dcc00fa2de5963495,753066496,796917760,0.019290553987957537,62
original,packed16,1,2,0.0655894149967935,3926078,13cae87e6a0f75a13f3e9a7881b33c42ab77680f6d13e99dcc00fa2de5963495,753066496,796917760,0.021085846005007625,62
original,packed16,1,3,0.06342248599685263,3926078,13cae87e6a0f75a13f3e9a7881b33c42ab77680f6d13e99dcc00fa2de5963495,753066496,796917760,0.018844395002815872,62
original,sequential,1,0,0.0718668009940302,3926078,13cae87e6a0f75a13f3e9a7881b33c42ab77680f6d13e99dcc00fa2de5963495,705989632,748683264,0.01924511000106577,108
original,sequential,1,1,0.07180458899529185,3926078,13cae87e6a0f75a13f3e9a7881b33c42ab77680f6d13e99dcc00fa2de5963495,705989632,748683264,0.019098261996987276,108
original,sequential,1,2,0.07427023501077201,3926078,13cae87e6a0f75a13f3e9a7881b33c42ab77680f6d13e99dcc00fa2de5963495,705989632,748683264,0.020578848008881323,108
original,sequential,1,3,0.0715847209939966,3926078,13cae87e6a0f75a13f3e9a7881b33c42ab77680f6d13e99dcc00fa2de5963495,705989632,748683264,0.0189746020041639,108
original,pipeline,1,0,0.07767754700034857,3926078,13cae87e6a0f75a13f3e9a7881b33c42ab77680f6d13e99dcc00fa2de5963495,705989632,748683264,0.018964458999107592,108
original,pipeline,1,1,0.07824532000813633,3926078,13cae87e6a0f75a13f3e9a7881b33c42ab77680f6d13e99dcc00fa2de5963495,705989632,748683264,0.019282916997326538,108
original,pipeline,1,2,0.07734896799956914,3926078,13cae87e6a0f75a13f3e9a7881b33c42ab77680f6d13e99dcc00fa2de5963495,705989632,748683264,0.019021432992303744,108
original,pipeline,1,3,0.07741206900391262,3926078,13cae87e6a0f75a13f3e9a7881b33c42ab77680f6d13e99dcc00fa2de5963495,705989632,748683264,0.018915495005785488,108
original,draft_serial,1,0,0.07408130900876131,3926078,13cae87e6a0f75a13f3e9a7881b33c42ab77680f6d13e99dcc00fa2de5963495,705989632,748683264,0.019240718000219204,108
original,draft_serial,1,1,0.07447303298977204,3926078,13cae87e6a0f75a13f3e9a7881b33c42ab77680f6d13e99dcc00fa2de5963495,705989632,748683264,0.019769057995290495,108
original,draft_serial,1,2,0.07328404799045529,3926078,13cae87e6a0f75a13f3e9a7881b33c42ab77680f6d13e99dcc00fa2de5963495,705989632,748683264,0.018895412009442225,108
original,draft_serial,1,3,0.07327839100616984,3926078,13cae87e6a0f75a13f3e9a7881b33c42ab77680f6d13e99dcc00fa2de5963495,705989632,748683264,0.018975747996591963,108
original,speculative,1,0,0.08055425900965929,3926078,13cae87e6a0f75a13f3e9a7881b33c42ab77680f6d13e99dcc00fa2de5963495,705989632,748683264,0.01856144999328535,108
original,speculative,1,1,0.07956606399966404,3926078,13cae87e6a0f75a13f3e9a7881b33c42ab77680f6d13e99dcc00fa2de5963495,705989632,748683264,0.019274627993581817,108
original,speculative,1,2,0.06502647600427736,3926078,13cae87e6a0f75a13f3e9a7881b33c42ab77680f6d13e99dcc00fa2de5963495,705989632,748683264,0.0043707940058084205,108
original,speculative,1,3,0.08020984799077269,3926078,13cae87e6a0f75a13f3e9a7881b33c42ab77680f6d13e99dcc00fa2de5963495,705989632,748683264,0.019096762989647686,108
k256,original_full,1,0,0.13387295899156015,15429428,49160b0fece513842a1194c0aaca5b2d06de6de417533c401ac0c383b2e70611,973868544,1124073472,0.07349712599534541,108
k256,original_full,1,1,0.13577717899170239,15429428,49160b0fece513842a1194c0aaca5b2d06de6de417533c401ac0c383b2e70611,973868544,1124073472,0.07301051499962341,108
k256,original_full,1,2,0.13219793999451213,15429428,49160b0fece513842a1194c0aaca5b2d06de6de417533c401ac0c383b2e70611,973868544,1124073472,0.07157339299737941,108
k256,original_full,1,3,0.13211676799983252,15429428,49160b0fece513842a1194c0aaca5b2d06de6de417533c401ac0c383b2e70611,973868544,1124073472,0.07286883699998725,108
k256,project64,1,0,0.13027811399661005,15429428,49160b0fece513842a1194c0aaca5b2d06de6de417533c401ac0c383b2e70611,975213568,1119879168,0.07217256599687971,87
k256,project64,1,1,0.12970308000512887,15429428,49160b0fece513842a1194c0aaca5b2d06de6de417533c401ac0c383b2e70611,975213568,1119879168,0.07411447999766096,87
k256,project64,1,2,0.12544524800614454,15429428,49160b0fece513842a1194c0aaca5b2d06de6de417533c401ac0c383b2e70611,975213568,1119879168,0.07193063000158872,87
k256,project64,1,3,0.12591881399566773,15429428,49160b0fece513842a1194c0aaca5b2d06de6de417533c401ac0c383b2e70611,975213568,1119879168,0.07227842400607187,87
k256,packed16,1,0,0.12631865599541925,15429428,49160b0fece513842a1194c0aaca5b2d06de6de417533c401ac0c383b2e70611,1031367680,1166016512,0.07430829500663094,78
k256,packed16,1,1,0.12420108499645721,15429428,49160b0fece513842a1194c0aaca5b2d06de6de417533c401ac0c383b2e70611,1031367680,1166016512,0.07299832200806122,78
k256,packed16,1,2,0.12355574998946395,15429428,49160b0fece513842a1194c0aaca5b2d06de6de417533c401ac0c383b2e70611,1031367680,1166016512,0.07235899800434709,78
k256,packed16,1,3,0.1241410399961751,15429428,49160b0fece513842a1194c0aaca5b2d06de6de417533c401ac0c383b2e70611,1031367680,1166016512,0.07276083699252922,78
k256,sequential,1,0,0.12925258300674614,15429428,49160b0fece513842a1194c0aaca5b2d06de6de417533c401ac0c383b2e70611,983168000,1136656384,0.07205332799640018,108
k256,sequential,1,1,0.134057748990017,15429428,49160b0fece513842a1194c0aaca5b2d06de6de417533c401ac0c383b2e70611,983168000,1136656384,0.07427050500700716,108
k256,sequential,1,2,0.12845599799766205,15429428,49160b0fece513842a1194c0aaca5b2d06de6de417533c401ac0c383b2e70611,983168000,1136656384,0.07189711500541307,108
k256,sequential,1,3,0.1289411660109181,15429428,49160b0fece513842a1194c0aaca5b2d06de6de417533c401ac0c383b2e70611,983168000,1136656384,0.07225180699606426,108
k256,pipeline,1,0,0.1359266409999691,15429428,49160b0fece513842a1194c0aaca5b2d06de6de417533c401ac0c383b2e70611,983168000,1136656384,0.0725780670036329,108
k256,pipeline,1,1,0.1364555339969229,15429428,49160b0fece513842a1194c0aaca5b2d06de6de417533c401ac0c383b2e70611,983168000,1136656384,0.07291659300972242,108
k256,pipeline,1,2,0.13493330399796832,15429428,49160b0fece513842a1194c0aaca5b2d06de6de417533c401ac0c383b2e70611,983168000,1136656384,0.07205851099570282,108
k256,pipeline,1,3,0.13633221600321122,15429428,49160b0fece513842a1194c0aaca5b2d06de6de417533c401ac0c383b2e70611,983168000,1136656384,0.07384245500725228,108
k256,draft_serial,1,0,0.1307262790069217,15429428,49160b0fece513842a1194c0aaca5b2d06de6de417533c401ac0c383b2e70611,983168000,1136656384,0.07209464900370222,108
k256,draft_serial,1,1,0.14005553199967835,15429428,49160b0fece513842a1194c0aaca5b2d06de6de417533c401ac0c383b2e70611,983168000,1136656384,0.07413783599622548,108
k256,draft_serial,1,2,0.12968241599446628,15429428,49160b0fece513842a1194c0aaca5b2d06de6de417533c401ac0c383b2e70611,983168000,1136656384,0.07178209000267088,108
k256,draft_serial,1,3,0.13192742700630333,15429428,49160b0fece513842a1194c0aaca5b2d06de6de417533c401ac0c383b2e70611,983168000,1136656384,0.07399257700308226,108
k256,speculative,1,0,0.13752964600280393,15429428,49160b0fece513842a1194c0aaca5b2d06de6de417533c401ac0c383b2e70611,983168000,1136656384,0.07258275600906927,108
k256,speculative,1,1,0.13733878900529817,15429428,49160b0fece513842a1194c0aaca5b2d06de6de417533c401ac0c383b2e70611,983168000,1136656384,0.07294504099991173,108
k256,speculative,1,2,0.13673301400558557,15429428,49160b0fece513842a1194c0aaca5b2d06de6de417533c401ac0c383b2e70611,983168000,1136656384,0.07206069699896034,108
k256,speculative,1,3,0.136895301999175,15429428,49160b0fece513842a1194c0aaca5b2d06de6de417533c401ac0c383b2e70611,983168000,1136656384,0.07275129700428806,108
k1024,original_full,1,0,0.3492663899960462,61458806,1aa5d88ffa1f87e75ad08af781637cb073d2c862378f6b4dcf84f2a56c3d6fe3,2088335872,2600468480,0.28793807700276375,108
k1024,original_full,1,1,0.35091198100417387,61458806,1aa5d88ffa1f87e75ad08af781637cb073d2c862378f6b4dcf84f2a56c3d6fe3,2088335872,2600468480,0.28856832900783047,108
k1024,original_full,1,2,0.3496796700055711,61458806,1aa5d88ffa1f87e75ad08af781637cb073d2c862378f6b4dcf84f2a56c3d6fe3,2088335872,2600468480,0.28767231199890375,108
k1024,original_full,1,3,0.3485465300036594,61458806,1aa5d88ffa1f87e75ad08af781637cb073d2c862378f6b4dcf84f2a56c3d6fe3,2088335872,2600468480,0.28728450600465294,108
k1024,project64,1,0,0.35813473600137513,61458806,1aa5d88ffa1f87e75ad08af781637cb073d2c862378f6b4dcf84f2a56c3d6fe3,2090067968,2596274176,0.2957086290116422,93
k1024,project64,1,1,0.35152459199889563,61458806,1aa5d88ffa1f87e75ad08af781637cb073d2c862378f6b4dcf84f2a56c3d6fe3,2090067968,2596274176,0.2910971370001789,93
k1024,project64,1,2,0.35893874599423725,61458806,1aa5d88ffa1f87e75ad08af781637cb073d2c862378f6b4dcf84f2a56c3d6fe3,2090067968,2596274176,0.29887639499793295,93
k1024,project64,1,3,0.3483132450055564,61458806,1aa5d88ffa1f87e75ad08af781637cb073d2c862378f6b4dcf84f2a56c3d6fe3,2090067968,2596274176,0.28796442299790215,93
k1024,packed16,1,0,0.3499966579984175,61458806,1aa5d88ffa1f87e75ad08af781637cb073d2c862378f6b4dcf84f2a56c3d6fe3,2146255360,2654994432,0.28920003000530414,88
k1024,packed16,1,1,0.34948346999590285,61458806,1aa5d88ffa1f87e75ad08af781637cb073d2c862378f6b4dcf84f2a56c3d6fe3,2146255360,2654994432,0.28962809799122624,88
k1024,packed16,1,2,0.34935446399322245,61458806,1aa5d88ffa1f87e75ad08af781637cb073d2c862378f6b4dcf84f2a56c3d6fe3,2146255360,2654994432,0.28885814499517437,88
k1024,packed16,1,3,0.3490089440019801,61458806,1aa5d88ffa1f87e75ad08af781637cb073d2c862378f6b4dcf84f2a56c3d6fe3,2146255360,2654994432,0.28919813700485975,88
k1024,sequential,1,0,0.3495358979998855,61458806,1aa5d88ffa1f87e75ad08af781637cb073d2c862378f6b4dcf84f2a56c3d6fe3,2097635328,2602565632,0.28815346700139344,108
k1024,sequential,1,1,0.35245439599384554,61458806,1aa5d88ffa1f87e75ad08af781637cb073d2c862378f6b4dcf84f2a56c3d6fe3,2097635328,2602565632,0.2909778689936502,108
k1024,sequential,1,2,0.3480932149977889,61458806,1aa5d88ffa1f87e75ad08af781637cb073d2c862378f6b4dcf84f2a56c3d6fe3,2097635328,2602565632,0.28692109799885657,108
k1024,sequential,1,3,0.3539665860007517,61458806,1aa5d88ffa1f87e75ad08af781637cb073d2c862378f6b4dcf84f2a56c3d6fe3,2097635328,2602565632,0.2874272570043104,108
k1024,pipeline,1,0,0.3610491819999879,61458806,1aa5d88ffa1f87e75ad08af781637cb073d2c862378f6b4dcf84f2a56c3d6fe3,2097635328,2602565632,0.2891275680012768,108
k1024,pipeline,1,1,0.35919915200793184,61458806,1aa5d88ffa1f87e75ad08af781637cb073d2c862378f6b4dcf84f2a56c3d6fe3,2097635328,2602565632,0.291316086993902,108
k1024,pipeline,1,2,0.3566026970074745,61458806,1aa5d88ffa1f87e75ad08af781637cb073d2c862378f6b4dcf84f2a56c3d6fe3,2097635328,2602565632,0.2887545470002806,108
k1024,pipeline,1,3,0.35729936001007445,61458806,1aa5d88ffa1f87e75ad08af781637cb073d2c862378f6b4dcf84f2a56c3d6fe3,2097635328,2602565632,0.28965253100614063,108
k1024,draft_serial,1,0,0.35094692299026065,61458806,1aa5d88ffa1f87e75ad08af781637cb073d2c862378f6b4dcf84f2a56c3d6fe3,2097635328,2602565632,0.2881479549978394,108
k1024,draft_serial,1,1,0.35767006799869705,61458806,1aa5d88ffa1f87e75ad08af781637cb073d2c862378f6b4dcf84f2a56c3d6fe3,2097635328,2602565632,0.2909864829998696,108
k1024,draft_serial,1,2,0.3578467079933034,61458806,1aa5d88ffa1f87e75ad08af781637cb073d2c862378f6b4dcf84f2a56c3d6fe3,2097635328,2602565632,0.2868733939976664,108
k1024,draft_serial,1,3,0.3504239100002451,61458806,1aa5d88ffa1f87e75ad08af781637cb073d2c862378f6b4dcf84f2a56c3d6fe3,2097635328,2602565632,0.287802777995239,108
k1024,speculative,1,0,0.3573286130122142,61458806,1aa5d88ffa1f87e75ad08af781637cb073d2c862378f6b4dcf84f2a56c3d6fe3,2097635328,2602565632,0.28830851599923335,108
k1024,speculative,1,1,0.36013454099884257,61458806,1aa5d88ffa1f87e75ad08af781637cb073d2c862378f6b4dcf84f2a56c3d6fe3,2097635328,2602565632,0.2911049450049177,108
k1024,speculative,1,2,0.3553928939945763,61458806,1aa5d88ffa1f87e75ad08af781637cb073d2c862378f6b4dcf84f2a56c3d6fe3,2097635328,2602565632,0.28660469099122565,108
k1024,speculative,1,3,0.3622866910009179,61458806,1aa5d88ffa1f87e75ad08af781637cb073d2c862378f6b4dcf84f2a56c3d6fe3,2097635328,2602565632,0.2898411100031808,108
k4,original_full,2,0,0.05474858300294727,297318,0b1503dbe8814b114412ba0d04f6d10d958ae15ab7817d3a8dab4413f8f7579a,608008192,614465536,0.0010058230109279975,108
k4,original_full,2,1,0.05318802999681793,297318,0b1503dbe8814b114412ba0d04f6d10d958ae15ab7817d3a8dab4413f8f7579a,608008192,614465536,0.0007049459964036942,108
k4,original_full,2,2,0.053514821993303485,297318,0b1503dbe8814b114412ba0d04f6d10d958ae15ab7817d3a8dab4413f8f7579a,608008192,614465536,0.0006958320009289309,108
k4,original_full,2,3,0.05298008098907303,297318,0b1503dbe8814b114412ba0d04f6d10d958ae15ab7817d3a8dab4413f8f7579a,608008192,614465536,0.0007421139889629558,108
k4,project64,2,0,0.038598372993874364,297318,0b1503dbe8814b114412ba0d04f6d10d958ae15ab7817d3a8dab4413f8f7579a,607260160,616562688,0.0005672959960065782,51
k4,project64,2,1,0.037890434003202245,297318,0b1503dbe8814b114412ba0d04f6d10d958ae15ab7817d3a8dab4413f8f7579a,607260160,616562688,0.0005630390078295022,51
k4,project64,2,2,0.03820199999609031,297318,0b1503dbe8814b114412ba0d04f6d10d958ae15ab7817d3a8dab4413f8f7579a,607260160,616562688,0.0005759320047218353,51
k4,project64,2,3,0.038019212006474845,297318,0b1503dbe8814b114412ba0d04f6d10d958ae15ab7817d3a8dab4413f8f7579a,607260160,616562688,0.0005596940027317032,51
k4,packed16,2,0,0.03449147500214167,297318,0b1503dbe8814b114412ba0d04f6d10d958ae15ab7817d3a8dab4413f8f7579a,661790720,675282944,0.0005175160040380433,16
k4,packed16,2,1,0.029398137994576246,297318,0b1503dbe8814b114412ba0d04f6d10d958ae15ab7817d3a8dab4413f8f7579a,661790720,675282944,0.0005207630019867793,16
k4,packed16,2,2,0.032086421007988974,297318,0b1503dbe8814b114412ba0d04f6d10d958ae15ab7817d3a8dab4413f8f7579a,661790720,675282944,0.0005202539905440062,16
k4,packed16,2,3,0.030850876006297767,297318,0b1503dbe8814b114412ba0d04f6d10d958ae15ab7817d3a8dab4413f8f7579a,661790720,675282944,0.0005171969969524071,16
k4,sequential,2,0,0.046341395995114,297318,0b1503dbe8814b114412ba0d04f6d10d958ae15ab7817d3a8dab4413f8f7579a,617307648,641728512,0.0008286869997391477,108
k4,sequential,2,1,0.047672116008470766,297318,0b1503dbe8814b114412ba0d04f6d10d958ae15ab7817d3a8dab4413f8f7579a,617307648,641728512,0.0008216730057029054,108
k4,sequential,2,2,0.04644848499447107,297318,0b1503dbe8814b114412ba0d04f6d10d958ae15ab7817d3a8dab4413f8f7579a,617307648,641728512,0.000830015997053124,108
k4,sequential,2,3,0.04611196099722292,297318,0b1503dbe8814b114412ba0d04f6d10d958ae15ab7817d3a8dab4413f8f7579a,617307648,641728512,0.0008214609988499433,108
k4,pipeline,2,0,0.052555169007973745,297318,0b1503dbe8814b114412ba0d04f6d10d958ae15ab7817d3a8dab4413f8f7579a,617307648,641728512,0.0008337920007761568,108
k4,pipeline,2,1,0.05243333100224845,297318,0b1503dbe8814b114412ba0d04f6d10d958ae15ab7817d3a8dab4413f8f7579a,617307648,641728512,0.0008241539908340201,108
k4,pipeline,2,2,0.05251968999800738,297318,0b1503dbe8814b114412ba0d04f6d10d958ae15ab7817d3a8dab4413f8f7579a,617307648,641728512,0.0008357449987670407,108
k4,pipeline,2,3,0.0557840700057568,297318,0b1503dbe8814b114412ba0d04f6d10d958ae15ab7817d3a8dab4413f8f7579a,617307648,641728512,0.003096817003097385,108
k4,draft_serial,2,0,0.04812315700110048,297318,0b1503dbe8814b114412ba0d04f6d10d958ae15ab7817d3a8dab4413f8f7579a,617307648,641728512,0.0008277879969682544,108
k4,draft_serial,2,1,0.048191406996920705,297318,0b1503dbe8814b114412ba0d04f6d10d958ae15ab7817d3a8dab4413f8f7579a,617307648,641728512,0.0008746230014367029,108
k4,draft_serial,2,2,0.04821925199939869,297318,0b1503dbe8814b114412ba0d04f6d10d958ae15ab7817d3a8dab4413f8f7579a,617307648,641728512,0.0008093609940260649,108
k4,draft_serial,2,3,0.047940414006006904,297318,0b1503dbe8814b114412ba0d04f6d10d958ae15ab7817d3a8dab4413f8f7579a,617307648,641728512,0.0008085180015768856,108
k4,speculative,2,0,0.05404289699799847,297318,0b1503dbe8814b114412ba0d04f6d10d958ae15ab7817d3a8dab4413f8f7579a,617307648,641728512,0.0008264610078185797,108
k4,speculative,2,1,0.05429330399783794,297318,0b1503dbe8814b114412ba0d04f6d10d958ae15ab7817d3a8dab4413f8f7579a,617307648,641728512,0.0008323689980898052,108
k4,speculative,2,2,0.05408054799772799,297318,0b1503dbe8814b114412ba0d04f6d10d958ae15ab7817d3a8dab4413f8f7579a,617307648,641728512,0.0008292200072901323,108
k4,speculative,2,3,0.05413341299572494,297318,0b1503dbe8814b114412ba0d04f6d10d958ae15ab7817d3a8dab4413f8f7579a,617307648,641728512,0.0008234980050474405,108
k16,original_full,2,0,0.05695007200120017,1016858,b65ded9f0b0892bf0c056a679273dea504eaa5f2bee6f1b960c8de2d1248aa85,625402880,637534208,0.003103584997006692,108
k16,original_full,2,1,0.05549807100032922,1016858,b65ded9f0b0892bf0c056a679273dea504eaa5f2bee6f1b960c8de2d1248aa85,625402880,637534208,0.0014775340096093714,108
k16,original_full,2,2,0.05534548399737105,1016858,b65ded9f0b0892bf0c056a679273dea504eaa5f2bee6f1b960c8de2d1248aa85,625402880,637534208,0.0015227889962261543,108
k16,original_full,2,3,0.05599787400569767,1016858,b65ded9f0b0892bf0c056a679273dea504eaa5f2bee6f1b960c8de2d1248aa85,625402880,637534208,0.001461747000575997,108
k16,project64,2,0,0.04424227699928451,1016858,b65ded9f0b0892bf0c056a679273dea504eaa5f2bee6f1b960c8de2d1248aa85,625788928,656408576,0.0014885159907862544,67
k16,project64,2,1,0.04424962800112553,1016858,b65ded9f0b0892bf0c056a679273dea504eaa5f2bee6f1b960c8de2d1248aa85,625788928,656408576,0.0014959139953134581,67
k16,project64,2,2,0.04431778300204314,1016858,b65ded9f0b0892bf0c056a679273dea504eaa5f2bee6f1b960c8de2d1248aa85,625788928,656408576,0.0015015110111562535,67
k16,project64,2,3,0.04630033500143327,1016858,b65ded9f0b0892bf0c056a679273dea504eaa5f2bee6f1b960c8de2d1248aa85,625788928,656408576,0.0014772389986319467,67
k16,packed16,2,0,0.03660769799898844,1016858,b65ded9f0b0892bf0c056a679273dea504eaa5f2bee6f1b960c8de2d1248aa85,680314368,719323136,0.001438261999282986,35
k16,packed16,2,1,0.03655262099346146,1016858,b65ded9f0b0892bf0c056a679273dea504eaa5f2bee6f1b960c8de2d1248aa85,680314368,719323136,0.0014476119977189228,35
k16,packed16,2,2,0.038202558003831655,1016858,b65ded9f0b0892bf0c056a679273dea504eaa5f2bee6f1b960c8de2d1248aa85,680314368,719323136,0.0014331990096252412,35
k16,packed16,2,3,0.03654184899642132,1016858,b65ded9f0b0892bf0c056a679273dea504eaa5f2bee6f1b960c8de2d1248aa85,680314368,719323136,0.001450451003620401,35
k16,sequential,2,0,0.05260320400702767,1016858,b65ded9f0b0892bf0c056a679273dea504eaa5f2bee6f1b960c8de2d1248aa85,634702336,666894336,0.0033444480068283156,108
k16,sequential,2,1,0.05083189099968877,1016858,b65ded9f0b0892bf0c056a679273dea504eaa5f2bee6f1b960c8de2d1248aa85,634702336,666894336,0.0015408769977511838,108
k16,sequential,2,2,0.05330093900556676,1016858,b65ded9f0b0892bf0c056a679273dea504eaa5f2bee6f1b960c8de2d1248aa85,634702336,666894336,0.0032410929998150095,108
k16,sequential,2,3,0.050623610004549846,1016858,b65ded9f0b0892bf0c056a679273dea504eaa5f2bee6f1b960c8de2d1248aa85,634702336,666894336,0.001513209004770033,108
k16,pipeline,2,0,0.05889779199787881,1016858,b65ded9f0b0892bf0c056a679273dea504eaa5f2bee6f1b960c8de2d1248aa85,634702336,666894336,0.001581584001542069,108
k16,pipeline,2,1,0.058673929001088254,1016858,b65ded9f0b0892bf0c056a679273dea504eaa5f2bee6f1b960c8de2d1248aa85,634702336,666894336,0.0015877580008236691,108
k16,pipeline,2,2,0.05894438500399701,1016858,b65ded9f0b0892bf0c056a679273dea504eaa5f2bee6f1b960c8de2d1248aa85,634702336,666894336,0.0015459639980690554,108
k16,pipeline,2,3,0.05700257499120198,1016858,b65ded9f0b0892bf0c056a679273dea504eaa5f2bee6f1b960c8de2d1248aa85,634702336,666894336,0.0015167880046647042,108
k16,draft_serial,2,0,0.05266375000064727,1016858,b65ded9f0b0892bf0c056a679273dea504eaa5f2bee6f1b960c8de2d1248aa85,634702336,666894336,0.0015391310007544234,108
k16,draft_serial,2,1,0.060067274011089467,1016858,b65ded9f0b0892bf0c056a679273dea504eaa5f2bee6f1b960c8de2d1248aa85,634702336,666894336,0.00790466699982062,108
k16,draft_serial,2,2,0.05254277899803128,1016858,b65ded9f0b0892bf0c056a679273dea504eaa5f2bee6f1b960c8de2d1248aa85,634702336,666894336,0.0015406229940708727,108
k16,draft_serial,2,3,0.05273389400099404,1016858,b65ded9f0b0892bf0c056a679273dea504eaa5f2bee6f1b960c8de2d1248aa85,634702336,666894336,0.001533982009277679,108
k16,speculative,2,0,0.06018822899204679,1016858,b65ded9f0b0892bf0c056a679273dea504eaa5f2bee6f1b960c8de2d1248aa85,634702336,666894336,0.0016507800028193742,108
k16,speculative,2,1,0.059880628003156744,1016858,b65ded9f0b0892bf0c056a679273dea504eaa5f2bee6f1b960c8de2d1248aa85,634702336,666894336,0.002368225992540829,108
k16,speculative,2,2,0.058716547006042674,1016858,b65ded9f0b0892bf0c056a679273dea504eaa5f2bee6f1b960c8de2d1248aa85,634702336,666894336,0.0015595389995723963,108
k16,speculative,2,3,0.05859328299993649,1016858,b65ded9f0b0892bf0c056a679273dea504eaa5f2bee6f1b960c8de2d1248aa85,634702336,666894336,0.001537412012112327,108
k64,original_full,2,0,0.06724620699242223,3862998,4863a23e3edeb18d5e72d89fb0e25c0dbaea17762bbc98a7159803be72407a80,694363648,742391808,0.011939745003473945,108
k64,original_full,2,1,0.059579690991085954,3862998,4863a23e3edeb18d5e72d89fb0e25c0dbaea17762bbc98a7159803be72407a80,694363648,742391808,0.004212429004837759,108
k64,original_full,2,2,0.05961416198988445,3862998,4863a23e3edeb18d5e72d89fb0e25c0dbaea17762bbc98a7159803be72407a80,694363648,742391808,0.004401908998261206,108
k64,original_full,2,3,0.05946008699538652,3862998,4863a23e3edeb18d5e72d89fb0e25c0dbaea17762bbc98a7159803be72407a80,694363648,742391808,0.004160411990596913,108
k64,project64,2,0,0.05199477401038166,3862998,4863a23e3edeb18d5e72d89fb0e25c0dbaea17762bbc98a7159803be72407a80,695290368,734003200,0.0042507209873292595,78
k64,project64,2,1,0.051766176999080926,3862998,4863a23e3edeb18d5e72d89fb0e25c0dbaea17762bbc98a7159803be72407a80,695290368,734003200,0.004117383999982849,78
k64,project64,2,2,0.05177680899214465,3862998,4863a23e3edeb18d5e72d89fb0e25c0dbaea17762bbc98a7159803be72407a80,695290368,734003200,0.004195977991912514,78
k64,project64,2,3,0.055800836998969316,3862998,4863a23e3edeb18d5e72d89fb0e25c0dbaea17762bbc98a7159803be72407a80,695290368,734003200,0.004060106992255896,78
k64,packed16,2,0,0.05029800099146087,3862998,4863a23e3edeb18d5e72d89fb0e25c0dbaea17762bbc98a7159803be72407a80,750727680,792723456,0.005371244013076648,62
k64,packed16,2,1,0.04807081900071353,3862998,4863a23e3edeb18d5e72d89fb0e25c0dbaea17762bbc98a7159803be72407a80,750727680,792723456,0.004185443991445936,62
k64,packed16,2,2,0.048012611994636245,3862998,4863a23e3edeb18d5e72d89fb0e25c0dbaea17762bbc98a7159803be72407a80,750727680,792723456,0.004220183996949345,62
k64,packed16,2,3,0.04792930500116199,3862998,4863a23e3edeb18d5e72d89fb0e25c0dbaea17762bbc98a7159803be72407a80,750727680,792723456,0.004104070001631044,62
k64,sequential,2,0,0.05901060199539643,3862998,4863a23e3edeb18d5e72d89fb0e25c0dbaea17762bbc98a7159803be72407a80,703663104,744488960,0.004256368993083015,108
k64,sequential,2,1,0.05629309400683269,3862998,4863a23e3edeb18d5e72d89fb0e25c0dbaea17762bbc98a7159803be72407a80,703663104,744488960,0.004199476999929175,108
k64,sequential,2,2,0.05712052200397011,3862998,4863a23e3edeb18d5e72d89fb0e25c0dbaea17762bbc98a7159803be72407a80,703663104,744488960,0.004995739000150934,108
k64,sequential,2,3,0.056179854000220075,3862998,4863a23e3edeb18d5e72d89fb0e25c0dbaea17762bbc98a7159803be72407a80,703663104,744488960,0.004142336998484097,108
k64,pipeline,2,0,0.0625854590034578,3862998,4863a23e3edeb18d5e72d89fb0e25c0dbaea17762bbc98a7159803be72407a80,703663104,744488960,0.004211960011161864,108
k64,pipeline,2,1,0.06250482899486087,3862998,4863a23e3edeb18d5e72d89fb0e25c0dbaea17762bbc98a7159803be72407a80,703663104,744488960,0.004233788000419736,108
k64,pipeline,2,2,0.06252171400410589,3862998,4863a23e3edeb18d5e72d89fb0e25c0dbaea17762bbc98a7159803be72407a80,703663104,744488960,0.004202481999527663,108
k64,pipeline,2,3,0.062491916003637016,3862998,4863a23e3edeb18d5e72d89fb0e25c0dbaea17762bbc98a7159803be72407a80,703663104,744488960,0.004168979998212308,108
k64,draft_serial,2,0,0.05825061099312734,3862998,4863a23e3edeb18d5e72d89fb0e25c0dbaea17762bbc98a7159803be72407a80,703663104,744488960,0.004216617002384737,108
k64,draft_serial,2,1,0.06303801700414624,3862998,4863a23e3edeb18d5e72d89fb0e25c0dbaea17762bbc98a7159803be72407a80,703663104,744488960,0.004896047001238912,108
k64,draft_serial,2,2,0.058306955004809424,3862998,4863a23e3edeb18d5e72d89fb0e25c0dbaea17762bbc98a7159803be72407a80,703663104,744488960,0.004242311988491565,108
k64,draft_serial,2,3,0.05833714301115833,3862998,4863a23e3edeb18d5e72d89fb0e25c0dbaea17762bbc98a7159803be72407a80,703663104,744488960,0.004194099994492717,108
k64,speculative,2,0,0.06419175199698657,3862998,4863a23e3edeb18d5e72d89fb0e25c0dbaea17762bbc98a7159803be72407a80,703663104,744488960,0.004221432012855075,108
k64,speculative,2,1,0.07839615999546368,3862998,4863a23e3edeb18d5e72d89fb0e25c0dbaea17762bbc98a7159803be72407a80,703663104,744488960,0.018177072997787036,108
k64,speculative,2,2,0.07008887799747754,3862998,4863a23e3edeb18d5e72d89fb0e25c0dbaea17762bbc98a7159803be72407a80,703663104,744488960,0.0042335479956818745,108
k64,speculative,2,3,0.07915814200532623,3862998,4863a23e3edeb18d5e72d89fb0e25c0dbaea17762bbc98a7159803be72407a80,703663104,744488960,0.018271391993039288,108
original,original_full,2,0,0.06001693299913313,3926078,13cae87e6a0f75a13f3e9a7881b33c42ab77680f6d13e99dcc00fa2de5963495,696690176,746586112,0.004260200003045611,108
original,original_full,2,1,0.07367094101209659,3926078,13cae87e6a0f75a13f3e9a7881b33c42ab77680f6d13e99dcc00fa2de5963495,696690176,746586112,0.01780722699186299,108
original,original_full,2,2,0.05936810300045181,3926078,13cae87e6a0f75a13f3e9a7881b33c42ab77680f6d13e99dcc00fa2de5963495,696690176,746586112,0.004292180994525552,108
original,original_full,2,3,0.07542696999735199,3926078,13cae87e6a0f75a13f3e9a7881b33c42ab77680f6d13e99dcc00fa2de5963495,696690176,746586112,0.019094632007181644,108
original,project64,2,0,0.0681987029965967,3926078,13cae87e6a0f75a13f3e9a7881b33c42ab77680f6d13e99dcc00fa2de5963495,697622016,738197504,0.018702161993132904,78
original,project64,2,1,0.06613200799620245,3926078,13cae87e6a0f75a13f3e9a7881b33c42ab77680f6d13e99dcc00fa2de5963495,697622016,738197504,0.018335134998778813,78
original,project64,2,2,0.06703447399195284,3926078,13cae87e6a0f75a13f3e9a7881b33c42ab77680f6d13e99dcc00fa2de5963495,697622016,738197504,0.018454328004736453,78
original,project64,2,3,0.0663064359978307,3926078,13cae87e6a0f75a13f3e9a7881b33c42ab77680f6d13e99dcc00fa2de5963495,697622016,738197504,0.018337860994506627,78
original,packed16,2,0,0.06261408800492063,3926078,13cae87e6a0f75a13f3e9a7881b33c42ab77680f6d13e99dcc00fa2de5963495,753066496,796917760,0.018487648994778283,62
original,packed16,2,1,0.062366988000576384,3926078,13cae87e6a0f75a13f3e9a7881b33c42ab77680f6d13e99dcc00fa2de5963495,753066496,796917760,0.01841686300758738,62
original,packed16,2,2,0.0645892280008411,3926078,13cae87e6a0f75a13f3e9a7881b33c42ab77680f6d13e99dcc00fa2de5963495,753066496,796917760,0.018177669000579044,62
original,packed16,2,3,0.062435975996777415,3926078,13cae87e6a0f75a13f3e9a7881b33c42ab77680f6d13e99dcc00fa2de5963495,753066496,796917760,0.01833165599964559,62
original,sequential,2,0,0.07199928800400812,3926078,13cae87e6a0f75a13f3e9a7881b33c42ab77680f6d13e99dcc00fa2de5963495,705989632,748683264,0.01855082700785715,108
original,sequential,2,1,0.07262779300799593,3926078,13cae87e6a0f75a13f3e9a7881b33c42ab77680f6d13e99dcc00fa2de5963495,705989632,748683264,0.0184684819978429,108
original,sequential,2,2,0.07073296900489368,3926078,13cae87e6a0f75a13f3e9a7881b33c42ab77680f6d13e99dcc00fa2de5963495,705989632,748683264,0.018323740994674154,108
original,sequential,2,3,0.0706488550058566,3926078,13cae87e6a0f75a13f3e9a7881b33c42ab77680f6d13e99dcc00fa2de5963495,705989632,748683264,0.018374673993093893,108
original,pipeline,2,0,0.07720884399896022,3926078,13cae87e6a0f75a13f3e9a7881b33c42ab77680f6d13e99dcc00fa2de5963495,705989632,748683264,0.01851674501085654,108
original,pipeline,2,1,0.07692397900973447,3926078,13cae87e6a0f75a13f3e9a7881b33c42ab77680f6d13e99dcc00fa2de5963495,705989632,748683264,0.01848573399183806,108
original,pipeline,2,2,0.07692019200476352,3926078,13cae87e6a0f75a13f3e9a7881b33c42ab77680f6d13e99dcc00fa2de5963495,705989632,748683264,0.01831548700283747,108
original,pipeline,2,3,0.07756458700168878,3926078,13cae87e6a0f75a13f3e9a7881b33c42ab77680f6d13e99dcc00fa2de5963495,705989632,748683264,0.018478711004718207,108
original,draft_serial,2,0,0.07265211000049021,3926078,13cae87e6a0f75a13f3e9a7881b33c42ab77680f6d13e99dcc00fa2de5963495,705989632,748683264,0.018469579008524306,108
original,draft_serial,2,1,0.07285542700265069,3926078,13cae87e6a0f75a13f3e9a7881b33c42ab77680f6d13e99dcc00fa2de5963495,705989632,748683264,0.018454148987075314,108
original,draft_serial,2,2,0.07256972299364861,3926078,13cae87e6a0f75a13f3e9a7881b33c42ab77680f6d13e99dcc00fa2de5963495,705989632,748683264,0.01848353201057762,108
original,draft_serial,2,3,0.07522781001171097,3926078,13cae87e6a0f75a13f3e9a7881b33c42ab77680f6d13e99dcc00fa2de5963495,705989632,748683264,0.018387076997896656,108
original,speculative,2,0,0.07880665300763212,3926078,13cae87e6a0f75a13f3e9a7881b33c42ab77680f6d13e99dcc00fa2de5963495,705989632,748683264,0.018494103002012707,108
original,speculative,2,1,0.0746817920007743,3926078,13cae87e6a0f75a13f3e9a7881b33c42ab77680f6d13e99dcc00fa2de5963495,705989632,748683264,0.01424320400110446,108
original,speculative,2,2,0.08374213200295344,3926078,13cae87e6a0f75a13f3e9a7881b33c42ab77680f6d13e99dcc00fa2de5963495,705989632,748683264,0.019897589008905925,108
original,speculative,2,3,0.07769564900081605,3926078,13cae87e6a0f75a13f3e9a7881b33c42ab77680f6d13e99dcc00fa2de5963495,705989632,748683264,0.017593197990208864,108
k256,original_full,2,0,0.14436776300135534,15429428,49160b0fece513842a1194c0aaca5b2d06de6de417533c401ac0c383b2e70611,973868544,1124073472,0.07400305199553259,108
k256,original_full,2,1,0.1308489070070209,15429428,49160b0fece513842a1194c0aaca5b2d06de6de417533c401ac0c383b2e70611,973868544,1124073472,0.07129150499531534,108
k256,original_full,2,2,0.13193121799849905,15429428,49160b0fece513842a1194c0aaca5b2d06de6de417533c401ac0c383b2e70611,973868544,1124073472,0.07190472600632347,108
k256,original_full,2,3,0.14395700600289274,15429428,49160b0fece513842a1194c0aaca5b2d06de6de417533c401ac0c383b2e70611,973868544,1124073472,0.07154796199756674,108
k256,project64,2,0,0.12570614198921248,15429428,49160b0fece513842a1194c0aaca5b2d06de6de417533c401ac0c383b2e70611,975213568,1119879168,0.07220607499766629,87
k256,project64,2,1,0.12423655101156328,15429428,49160b0fece513842a1194c0aaca5b2d06de6de417533c401ac0c383b2e70611,975213568,1119879168,0.07109875799505971,87
k256,project64,2,2,0.12535793099959847,15429428,49160b0fece513842a1194c0aaca5b2d06de6de417533c401ac0c383b2e70611,975213568,1119879168,0.07225423499767203,87
k256,project64,2,3,0.12458147801226005,15429428,49160b0fece513842a1194c0aaca5b2d06de6de417533c401ac0c383b2e70611,975213568,1119879168,0.07143754500430077,87
k256,packed16,2,0,0.1280506909970427,15429428,49160b0fece513842a1194c0aaca5b2d06de6de417533c401ac0c383b2e70611,1031367680,1166016512,0.07423385699803475,78
k256,packed16,2,1,0.12297980199218728,15429428,49160b0fece513842a1194c0aaca5b2d06de6de417533c401ac0c383b2e70611,1031367680,1166016512,0.0712555789941689,78
k256,packed16,2,2,0.12240242100961041,15429428,49160b0fece513842a1194c0aaca5b2d06de6de417533c401ac0c383b2e70611,1031367680,1166016512,0.07162691799749155,78
k256,packed16,2,3,0.1235654720076127,15429428,49160b0fece513842a1194c0aaca5b2d06de6de417533c401ac0c383b2e70611,1031367680,1166016512,0.07174197299173102,78
k256,sequential,2,0,0.1283063949958887,15429428,49160b0fece513842a1194c0aaca5b2d06de6de417533c401ac0c383b2e70611,983168000,1136656384,0.0719917819951661,108
k256,sequential,2,1,0.1275548150006216,15429428,49160b0fece513842a1194c0aaca5b2d06de6de417533c401ac0c383b2e70611,983168000,1136656384,0.07114676800847519,108
k256,sequential,2,2,0.13574547600001097,15429428,49160b0fece513842a1194c0aaca5b2d06de6de417533c401ac0c383b2e70611,983168000,1136656384,0.07248051700298674,108
k256,sequential,2,3,0.12782655699993484,15429428,49160b0fece513842a1194c0aaca5b2d06de6de417533c401ac0c383b2e70611,983168000,1136656384,0.07153162700706162,108
k256,pipeline,2,0,0.14186609101307113,15429428,49160b0fece513842a1194c0aaca5b2d06de6de417533c401ac0c383b2e70611,983168000,1136656384,0.07310251699527726,108
k256,pipeline,2,1,0.1339467789948685,15429428,49160b0fece513842a1194c0aaca5b2d06de6de417533c401ac0c383b2e70611,983168000,1136656384,0.07130956801120192,108
k256,pipeline,2,2,0.13503483499516733,15429428,49160b0fece513842a1194c0aaca5b2d06de6de417533c401ac0c383b2e70611,983168000,1136656384,0.07198797700402793,108
k256,pipeline,2,3,0.1380478509963723,15429428,49160b0fece513842a1194c0aaca5b2d06de6de417533c401ac0c383b2e70611,983168000,1136656384,0.07099571599974297,108
k256,draft_serial,2,0,0.1293250849994365,15429428,49160b0fece513842a1194c0aaca5b2d06de6de417533c401ac0c383b2e70611,983168000,1136656384,0.07170936300826725,108
k256,draft_serial,2,1,0.12974664400098845,15429428,49160b0fece513842a1194c0aaca5b2d06de6de417533c401ac0c383b2e70611,983168000,1136656384,0.07118813799752388,108
k256,draft_serial,2,2,0.12996462700539269,15429428,49160b0fece513842a1194c0aaca5b2d06de6de417533c401ac0c383b2e70611,983168000,1136656384,0.07195081599638797,108
k256,draft_serial,2,3,0.1295216799917398,15429428,49160b0fece513842a1194c0aaca5b2d06de6de417533c401ac0c383b2e70611,983168000,1136656384,0.0715467990085017,108
k256,speculative,2,0,0.14140610399772413,15429428,49160b0fece513842a1194c0aaca5b2d06de6de417533c401ac0c383b2e70611,983168000,1136656384,0.07198429900745396,108
k256,speculative,2,1,0.13576629701128695,15429428,49160b0fece513842a1194c0aaca5b2d06de6de417533c401ac0c383b2e70611,983168000,1136656384,0.07160808400658425,108
k256,speculative,2,2,0.1368691029929323,15429428,49160b0fece513842a1194c0aaca5b2d06de6de417533c401ac0c383b2e70611,983168000,1136656384,0.07178643500083126,108
k256,speculative,2,3,0.1666903290024493,15429428,49160b0fece513842a1194c0aaca5b2d06de6de417533c401ac0c383b2e70611,983168000,1136656384,0.08521974500035867,108
k1024,original_full,2,0,0.3458043760037981,61458806,1aa5d88ffa1f87e75ad08af781637cb073d2c862378f6b4dcf84f2a56c3d6fe3,2088335872,2600468480,0.28326491900952533,108
k1024,original_full,2,1,0.34700731599878054,61458806,1aa5d88ffa1f87e75ad08af781637cb073d2c862378f6b4dcf84f2a56c3d6fe3,2088335872,2600468480,0.2849783810088411,108
k1024,original_full,2,2,0.34639353600505274,61458806,1aa5d88ffa1f87e75ad08af781637cb073d2c862378f6b4dcf84f2a56c3d6fe3,2088335872,2600468480,0.28416881200973876,108
k1024,original_full,2,3,0.3486314399924595,61458806,1aa5d88ffa1f87e75ad08af781637cb073d2c862378f6b4dcf84f2a56c3d6fe3,2088335872,2600468480,0.28583323600469157,108
k1024,project64,2,0,0.3532873660005862,61458806,1aa5d88ffa1f87e75ad08af781637cb073d2c862378f6b4dcf84f2a56c3d6fe3,2090067968,2596274176,0.285408601994277,93
k1024,project64,2,1,0.34563047499977984,61458806,1aa5d88ffa1f87e75ad08af781637cb073d2c862378f6b4dcf84f2a56c3d6fe3,2090067968,2596274176,0.28585831499367487,93
k1024,project64,2,2,0.34530266899673734,61458806,1aa5d88ffa1f87e75ad08af781637cb073d2c862378f6b4dcf84f2a56c3d6fe3,2090067968,2596274176,0.28601896099280566,93
k1024,project64,2,3,0.3484726569877239,61458806,1aa5d88ffa1f87e75ad08af781637cb073d2c862378f6b4dcf84f2a56c3d6fe3,2090067968,2596274176,0.2867321789963171,93
k1024,packed16,2,0,0.34536114300135523,61458806,1aa5d88ffa1f87e75ad08af781637cb073d2c862378f6b4dcf84f2a56c3d6fe3,2146255360,2654994432,0.28593236100277863,88
k1024,packed16,2,1,0.34945618400524836,61458806,1aa5d88ffa1f87e75ad08af781637cb073d2c862378f6b4dcf84f2a56c3d6fe3,2146255360,2654994432,0.28515957899799105,88
k1024,packed16,2,2,0.3462281009997241,61458806,1aa5d88ffa1f87e75ad08af781637cb073d2c862378f6b4dcf84f2a56c3d6fe3,2146255360,2654994432,0.28483159400639124,88
k1024,packed16,2,3,0.34441929499735124,61458806,1aa5d88ffa1f87e75ad08af781637cb073d2c862378f6b4dcf84f2a56c3d6fe3,2146255360,2654994432,0.28534554300131276,88
k1024,sequential,2,0,0.3452545730106067,61458806,1aa5d88ffa1f87e75ad08af781637cb073d2c862378f6b4dcf84f2a56c3d6fe3,2097635328,2602565632,0.28455821200623177,108
k1024,sequential,2,1,0.34509073599474505,61458806,1aa5d88ffa1f87e75ad08af781637cb073d2c862378f6b4dcf84f2a56c3d6fe3,2097635328,2602565632,0.28464442999393214,108
k1024,sequential,2,2,0.347012235011789,61458806,1aa5d88ffa1f87e75ad08af781637cb073d2c862378f6b4dcf84f2a56c3d6fe3,2097635328,2602565632,0.28627418899850454,108
k1024,sequential,2,3,0.34597242300515063,61458806,1aa5d88ffa1f87e75ad08af781637cb073d2c862378f6b4dcf84f2a56c3d6fe3,2097635328,2602565632,0.28521958900091704,108
k1024,pipeline,2,0,0.3620819399948232,61458806,1aa5d88ffa1f87e75ad08af781637cb073d2c862378f6b4dcf84f2a56c3d6fe3,2097635328,2602565632,0.2845337689941516,108
k1024,pipeline,2,1,0.35217848399770446,61458806,1aa5d88ffa1f87e75ad08af781637cb073d2c862378f6b4dcf84f2a56c3d6fe3,2097635328,2602565632,0.2850127880083164,108
k1024,pipeline,2,2,0.3579246759909438,61458806,1aa5d88ffa1f87e75ad08af781637cb073d2c862378f6b4dcf84f2a56c3d6fe3,2097635328,2602565632,0.28664153401041403,108
k1024,pipeline,2,3,0.35422401399409864,61458806,1aa5d88ffa1f87e75ad08af781637cb073d2c862378f6b4dcf84f2a56c3d6fe3,2097635328,2602565632,0.28515380099997856,108
k1024,draft_serial,2,0,0.3468087799992645,61458806,1aa5d88ffa1f87e75ad08af781637cb073d2c862378f6b4dcf84f2a56c3d6fe3,2097635328,2602565632,0.2847638349921908,108
k1024,draft_serial,2,1,0.3465871030057315,61458806,1aa5d88ffa1f87e75ad08af781637cb073d2c862378f6b4dcf84f2a56c3d6fe3,2097635328,2602565632,0.28462202798982617,108
k1024,draft_serial,2,2,0.3468164340010844,61458806,1aa5d88ffa1f87e75ad08af781637cb073d2c862378f6b4dcf84f2a56c3d6fe3,2097635328,2602565632,0.28480644900992047,108
k1024,draft_serial,2,3,0.3479115730006015,61458806,1aa5d88ffa1f87e75ad08af781637cb073d2c862378f6b4dcf84f2a56c3d6fe3,2097635328,2602565632,0.2854076229996281,108
k1024,speculative,2,0,0.35422116800327785,61458806,1aa5d88ffa1f87e75ad08af781637cb073d2c862378f6b4dcf84f2a56c3d6fe3,2097635328,2602565632,0.2856131699954858,108
k1024,speculative,2,1,0.3538299730134895,61458806,1aa5d88ffa1f87e75ad08af781637cb073d2c862378f6b4dcf84f2a56c3d6fe3,2097635328,2602565632,0.2858211279963143,108
k1024,speculative,2,2,0.3529022020084085,61458806,1aa5d88ffa1f87e75ad08af781637cb073d2c862378f6b4dcf84f2a56c3d6fe3,2097635328,2602565632,0.2843464820034569,108
k1024,speculative,2,3,0.35607436898862943,61458806,1aa5d88ffa1f87e75ad08af781637cb073d2c862378f6b4dcf84f2a56c3d6fe3,2097635328,2602565632,0.28360489300393965,108
