process,method_order,inner_seconds,seconds,hash,count,layout,method,phase,iteration
0,8_16,0.19891567799641052,0.28592406200186815,13cae87e6a0f75a13f3e9a7881b33c42ab77680f6d13e99dcc00fa2de5963495,3926078,original,F8,warmup,0
0,8_16,0.15797576099430444,0.2432851319972542,13cae87e6a0f75a13f3e9a7881b33c42ab77680f6d13e99dcc00fa2de5963495,3926078,original,F8,warmup,1
0,8_16,0.15690792100213002,0.24192133099859348,13cae87e6a0f75a13f3e9a7881b33c42ab77680f6d13e99dcc00fa2de5963495,3926078,original,F8,retained,0
0,8_16,0.15782093300367706,0.24279137399571482,13cae87e6a0f75a13f3e9a7881b33c42ab77680f6d13e99dcc00fa2de5963495,3926078,original,F8,retained,1
0,8_16,0.1579443920054473,0.24325532000511885,13cae87e6a0f75a13f3e9a7881b33c42ab77680f6d13e99dcc00fa2de5963495,3926078,original,F8,retained,2
0,8_16,0.15749957799562253,0.24318323800252983,13cae87e6a0f75a13f3e9a7881b33c42ab77680f6d13e99dcc00fa2de5963495,3926078,original,F8,retained,3
0,8_16,0.1560756959952414,0.2413532060018042,13cae87e6a0f75a13f3e9a7881b33c42ab77680f6d13e99dcc00fa2de5963495,3926078,original,F8,retained,4
0,8_16,0.15674337100062985,0.24156958499952452,13cae87e6a0f75a13f3e9a7881b33c42ab77680f6d13e99dcc00fa2de5963495,3926078,original,F8,retained,5
0,8_16,0.1582931489974726,0.24384829700284172,13cae87e6a0f75a13f3e9a7881b33c42ab77680f6d13e99dcc00fa2de5963495,3926078,original,F8,retained,6
0,8_16,0.5980663360023755,0.6832878889981657,13cae87e6a0f75a13f3e9a7881b33c42ab77680f6d13e99dcc00fa2de5963495,3926078,original,F16,warmup,0
0,8_16,0.15998508100165054,0.24559019699518103,13cae87e6a0f75a13f3e9a7881b33c42ab77680f6d13e99dcc00fa2de5963495,3926078,original,F16,warmup,1
0,8_16,0.16230082800029777,0.24804445100016892,13cae87e6a0f75a13f3e9a7881b33c42ab77680f6d13e99dcc00fa2de5963495,3926078,original,F16,retained,0
0,8_16,0.16044181100005517,0.24610008899617242,13cae87e6a0f75a13f3e9a7881b33c42ab77680f6d13e99dcc00fa2de5963495,3926078,original,F16,retained,1
0,8_16,0.15928620300110197,0.24492633400222985,13cae87e6a0f75a13f3e9a7881b33c42ab77680f6d13e99dcc00fa2de5963495,3926078,original,F16,retained,2
0,8_16,0.1597376819991041,0.24547707400051877,13cae87e6a0f75a13f3e9a7881b33c42ab77680f6d13e99dcc00fa2de5963495,3926078,original,F16,retained,3
0,8_16,0.15905519599618856,0.2447317900005146,13cae87e6a0f75a13f3e9a7881b33c42ab77680f6d13e99dcc00fa2de5963495,3926078,original,F16,retained,4
0,8_16,0.15941664200363448,0.244930546003161,13cae87e6a0f75a13f3e9a7881b33c42ab77680f6d13e99dcc00fa2de5963495,3926078,original,F16,retained,5
0,8_16,0.16470919900166336,0.2503279310039943,13cae87e6a0f75a13f3e9a7881b33c42ab77680f6d13e99dcc00fa2de5963495,3926078,original,F16,retained,6
0,8_16,0.16186301299603656,0.24756951999734156,13cae87e6a0f75a13f3e9a7881b33c42ab77680f6d13e99dcc00fa2de5963495,3926078,clustered,F8,warmup,0
0,8_16,0.16027807800128357,0.24572059699858073,13cae87e6a0f75a13f3e9a7881b33c42ab77680f6d13e99dcc00fa2de5963495,3926078,clustered,F8,warmup,1
0,8_16,0.15914742500171997,0.24514213699876564,13cae87e6a0f75a13f3e9a7881b33c42ab77680f6d13e99dcc00fa2de5963495,3926078,clustered,F8,retained,0
0,8_16,0.15986112900282023,0.24558598799922038,13cae87e6a0f75a13f3e9a7881b33c42ab77680f6d13e99dcc00fa2de5963495,3926078,clustered,F8,retained,1
0,8_16,0.15971400000125868,0.24543463099689689,13cae87e6a0f75a13f3e9a7881b33c42ab77680f6d13e99dcc00fa2de5963495,3926078,clustered,F8,retained,2
0,8_16,0.16089416499744402,0.246665168000618,13cae87e6a0f75a13f3e9a7881b33c42ab77680f6d13e99dcc00fa2de5963495,3926078,clustered,F8,retained,3
0,8_16,0.15907026400236646,0.24445838099927641,13cae87e6a0f75a13f3e9a7881b33c42ab77680f6d13e99dcc00fa2de5963495,3926078,clustered,F8,retained,4
0,8_16,0.15875509000034072,0.24416765999922063,13cae87e6a0f75a13f3e9a7881b33c42ab77680f6d13e99dcc00fa2de5963495,3926078,clustered,F8,retained,5
0,8_16,0.15884211999946274,0.24422615300136385,13cae87e6a0f75a13f3e9a7881b33c42ab77680f6d13e99dcc00fa2de5963495,3926078,clustered,F8,retained,6
0,8_16,0.16150577500229701,0.24689235700498102,13cae87e6a0f75a13f3e9a7881b33c42ab77680f6d13e99dcc00fa2de5963495,3926078,clustered,F16,warmup,0
0,8_16,0.16193307799403556,0.2706639210009598,13cae87e6a0f75a13f3e9a7881b33c42ab77680f6d13e99dcc00fa2de5963495,3926078,clustered,F16,warmup,1
0,8_16,0.19439353400230175,0.30154271900391905,13cae87e6a0f75a13f3e9a7881b33c42ab77680f6d13e99dcc00fa2de5963495,3926078,clustered,F16,retained,0
0,8_16,0.19310000500263413,0.2996903649982414,13cae87e6a0f75a13f3e9a7881b33c42ab77680f6d13e99dcc00fa2de5963495,3926078,clustered,F16,retained,1
0,8_16,0.19217047300480772,0.2986606210033642,13cae87e6a0f75a13f3e9a7881b33c42ab77680f6d13e99dcc00fa2de5963495,3926078,clustered,F16,retained,2
0,8_16,0.19301250699936645,0.2988786960049765,13cae87e6a0f75a13f3e9a7881b33c42ab77680f6d13e99dcc00fa2de5963495,3926078,clustered,F16,retained,3
0,8_16,0.19546344300033525,0.3000367679996998,13cae87e6a0f75a13f3e9a7881b33c42ab77680f6d13e99dcc00fa2de5963495,3926078,clustered,F16,retained,4
0,8_16,0.16687906999868574,0.2619022569997469,13cae87e6a0f75a13f3e9a7881b33c42ab77680f6d13e99dcc00fa2de5963495,3926078,clustered,F16,retained,5
0,8_16,0.19662847399740713,0.3027747200030717,13cae87e6a0f75a13f3e9a7881b33c42ab77680f6d13e99dcc00fa2de5963495,3926078,clustered,F16,retained,6
0,8_16,0.192980815001647,0.2986546879983507,13cae87e6a0f75a13f3e9a7881b33c42ab77680f6d13e99dcc00fa2de5963495,3926078,interleaved,F8,warmup,0
0,8_16,0.1909002589964075,0.2959257719994639,13cae87e6a0f75a13f3e9a7881b33c42ab77680f6d13e99dcc00fa2de5963495,3926078,interleaved,F8,warmup,1
0,8_16,0.19144211799721234,0.29645450599491596,13cae87e6a0f75a13f3e9a7881b33c42ab77680f6d13e99dcc00fa2de5963495,3926078,interleaved,F8,retained,0
0,8_16,0.19046303499635542,0.2840771000046516,13cae87e6a0f75a13f3e9a7881b33c42ab77680f6d13e99dcc00fa2de5963495,3926078,interleaved,F8,retained,1
0,8_16,0.16195428699575132,0.2469874670059653,13cae87e6a0f75a13f3e9a7881b33c42ab77680f6d13e99dcc00fa2de5963495,3926078,interleaved,F8,retained,2
0,8_16,0.16086574499786366,0.24608600299688987,13cae87e6a0f75a13f3e9a7881b33c42ab77680f6d13e99dcc00fa2de5963495,3926078,interleaved,F8,retained,3
0,8_16,0.16043138099485077,0.24569988500297768,13cae87e6a0f75a13f3e9a7881b33c42ab77680f6d13e99dcc00fa2de5963495,3926078,interleaved,F8,retained,4
0,8_16,0.1601260440002079,0.24527394600590924,13cae87e6a0f75a13f3e9a7881b33c42ab77680f6d13e99dcc00fa2de5963495,3926078,interleaved,F8,retained,5
0,8_16,0.15995111299707787,0.24507590899884235,13cae87e6a0f75a13f3e9a7881b33c42ab77680f6d13e99dcc00fa2de5963495,3926078,interleaved,F8,retained,6
0,8_16,0.16281625800183974,0.24771693400543882,13cae87e6a0f75a13f3e9a7881b33c42ab77680f6d13e99dcc00fa2de5963495,3926078,interleaved,F16,warmup,0
0,8_16,0.16249315400636988,0.24797656299779192,13cae87e6a0f75a13f3e9a7881b33c42ab77680f6d13e99dcc00fa2de5963495,3926078,interleaved,F16,warmup,1
0,8_16,0.16374524000275414,0.24880960299924482,13cae87e6a0f75a13f3e9a7881b33c42ab77680f6d13e99dcc00fa2de5963495,3926078,interleaved,F16,retained,0
0,8_16,0.16257195900107035,0.2482585760008078,13cae87e6a0f75a13f3e9a7881b33c42ab77680f6d13e99dcc00fa2de5963495,3926078,interleaved,F16,retained,1
0,8_16,0.1627780599956168,0.24798233700130368,13cae87e6a0f75a13f3e9a7881b33c42ab77680f6d13e99dcc00fa2de5963495,3926078,interleaved,F16,retained,2
0,8_16,0.16270184599852655,0.24823511900467565,13cae87e6a0f75a13f3e9a7881b33c42ab77680f6d13e99dcc00fa2de5963495,3926078,interleaved,F16,retained,3
0,8_16,0.16319622300215997,0.2482692319972557,13cae87e6a0f75a13f3e9a7881b33c42ab77680f6d13e99dcc00fa2de5963495,3926078,interleaved,F16,retained,4
0,8_16,0.1627474600027199,0.2477558839964331,13cae87e6a0f75a13f3e9a7881b33c42ab77680f6d13e99dcc00fa2de5963495,3926078,interleaved,F16,retained,5
0,8_16,0.1648173779976787,0.25026603099831846,13cae87e6a0f75a13f3e9a7881b33c42ab77680f6d13e99dcc00fa2de5963495,3926078,interleaved,F16,retained,6
0,8_16,0.1671874759995262,0.25257142900227336,13cae87e6a0f75a13f3e9a7881b33c42ab77680f6d13e99dcc00fa2de5963495,3926078,interleaved,F16,repeat8,0
0,8_16,0.16252626100322232,0.24770092399558052,13cae87e6a0f75a13f3e9a7881b33c42ab77680f6d13e99dcc00fa2de5963495,3926078,interleaved,F16,repeat8,1
0,8_16,0.19544307800242677,0.300532913999632,13cae87e6a0f75a13f3e9a7881b33c42ab77680f6d13e99dcc00fa2de5963495,3926078,interleaved,F16,repeat8,2
0,8_16,0.19323841499863192,0.2979865710003651,13cae87e6a0f75a13f3e9a7881b33c42ab77680f6d13e99dcc00fa2de5963495,3926078,interleaved,F16,repeat8,3
0,8_16,0.194468608002353,0.29939061000186484,13cae87e6a0f75a13f3e9a7881b33c42ab77680f6d13e99dcc00fa2de5963495,3926078,interleaved,F16,repeat8,4
0,8_16,0.16243924899754347,0.24685520699858898,13cae87e6a0f75a13f3e9a7881b33c42ab77680f6d13e99dcc00fa2de5963495,3926078,interleaved,F16,repeat8,5
0,8_16,0.16263077299663564,0.24831835000077263,13cae87e6a0f75a13f3e9a7881b33c42ab77680f6d13e99dcc00fa2de5963495,3926078,interleaved,F16,repeat8,6
0,8_16,0.16418761499517132,0.24899670900049387,13cae87e6a0f75a13f3e9a7881b33c42ab77680f6d13e99dcc00fa2de5963495,3926078,interleaved,F16,repeat8,7
0,8_16,0.1596771800032002,0.24594049599545542,13cae87e6a0f75a13f3e9a7881b33c42ab77680f6d13e99dcc00fa2de5963495,3926078,interleaved,F8,repeat8,0
0,8_16,0.16035887399630155,0.24518218600132968,13cae87e6a0f75a13f3e9a7881b33c42ab77680f6d13e99dcc00fa2de5963495,3926078,interleaved,F8,repeat8,1
0,8_16,0.15961838599469047,0.24469686999509577,13cae87e6a0f75a13f3e9a7881b33c42ab77680f6d13e99dcc00fa2de5963495,3926078,interleaved,F8,repeat8,2
0,8_16,0.15958563900494482,0.24429387800046243,13cae87e6a0f75a13f3e9a7881b33c42ab77680f6d13e99dcc00fa2de5963495,3926078,interleaved,F8,repeat8,3
0,8_16,0.1601322930000606,0.24575063699739985,13cae87e6a0f75a13f3e9a7881b33c42ab77680f6d13e99dcc00fa2de5963495,3926078,interleaved,F8,repeat8,4
0,8_16,0.15915339600178413,0.24337983700388577,13cae87e6a0f75a13f3e9a7881b33c42ab77680f6d13e99dcc00fa2de5963495,3926078,interleaved,F8,repeat8,5
0,8_16,0.15935021200129995,0.24453301099856617,13cae87e6a0f75a13f3e9a7881b33c42ab77680f6d13e99dcc00fa2de5963495,3926078,interleaved,F8,repeat8,6
0,8_16,0.15968751499895006,0.24418241000239505,13cae87e6a0f75a13f3e9a7881b33c42ab77680f6d13e99dcc00fa2de5963495,3926078,interleaved,F8,repeat8,7
0,8_16,0.1629356560006272,0.24903149400051916,13cae87e6a0f75a13f3e9a7881b33c42ab77680f6d13e99dcc00fa2de5963495,3926078,clustered,F16,repeat8,0
0,8_16,0.1621435350025422,0.24698739599989494,13cae87e6a0f75a13f3e9a7881b33c42ab77680f6d13e99dcc00fa2de5963495,3926078,clustered,F16,repeat8,1
0,8_16,0.16244028399523813,0.24845463700330583,13cae87e6a0f75a13f3e9a7881b33c42ab77680f6d13e99dcc00fa2de5963495,3926078,clustered,F16,repeat8,2
0,8_16,0.16210045200568857,0.2464648179957294,13cae87e6a0f75a13f3e9a7881b33c42ab77680f6d13e99dcc00fa2de5963495,3926078,clustered,F16,repeat8,3
0,8_16,0.16184292300022207,0.24862731900066137,13cae87e6a0f75a13f3e9a7881b33c42ab77680f6d13e99dcc00fa2de5963495,3926078,clustered,F16,repeat8,4
0,8_16,0.1619315350035322,0.24779087900242303,13cae87e6a0f75a13f3e9a7881b33c42ab77680f6d13e99dcc00fa2de5963495,3926078,clustered,F16,repeat8,5
0,8_16,0.1615864710038295,0.24642918899917277,13cae87e6a0f75a13f3e9a7881b33c42ab77680f6d13e99dcc00fa2de5963495,3926078,clustered,F16,repeat8,6
0,8_16,0.1618084980000276,0.24684441099816468,13cae87e6a0f75a13f3e9a7881b33c42ab77680f6d13e99dcc00fa2de5963495,3926078,clustered,F16,repeat8,7
0,8_16,0.1586190620000707,0.24354941899946425,13cae87e6a0f75a13f3e9a7881b33c42ab77680f6d13e99dcc00fa2de5963495,3926078,clustered,F8,repeat8,0
0,8_16,0.15859274700051174,0.24477831600233912,13cae87e6a0f75a13f3e9a7881b33c42ab77680f6d13e99dcc00fa2de5963495,3926078,clustered,F8,repeat8,1
0,8_16,0.1631075020050048,0.24809571300284006,13cae87e6a0f75a13f3e9a7881b33c42ab77680f6d13e99dcc00fa2de5963495,3926078,clustered,F8,repeat8,2
0,8_16,0.1597484509984497,0.24576461799733806,13cae87e6a0f75a13f3e9a7881b33c42ab77680f6d13e99dcc00fa2de5963495,3926078,clustered,F8,repeat8,3
0,8_16,0.1592527640023036,0.24498277399834478,13cae87e6a0f75a13f3e9a7881b33c42ab77680f6d13e99dcc00fa2de5963495,3926078,clustered,F8,repeat8,4
0,8_16,0.15989568200166104,0.24505889400461456,13cae87e6a0f75a13f3e9a7881b33c42ab77680f6d13e99dcc00fa2de5963495,3926078,clustered,F8,repeat8,5
0,8_16,0.1597453520007548,0.24471776599966688,13cae87e6a0f75a13f3e9a7881b33c42ab77680f6d13e99dcc00fa2de5963495,3926078,clustered,F8,repeat8,6
0,8_16,0.1593314490019111,0.24462740300077712,13cae87e6a0f75a13f3e9a7881b33c42ab77680f6d13e99dcc00fa2de5963495,3926078,clustered,F8,repeat8,7
0,8_16,0.1605081829984556,0.24671867299912265,13cae87e6a0f75a13f3e9a7881b33c42ab77680f6d13e99dcc00fa2de5963495,3926078,original,F16,repeat8,0
0,8_16,0.15876969799865037,0.24388865099899704,13cae87e6a0f75a13f3e9a7881b33c42ab77680f6d13e99dcc00fa2de5963495,3926078,original,F16,repeat8,1
0,8_16,0.15925893199892016,0.24432208699727198,13cae87e6a0f75a13f3e9a7881b33c42ab77680f6d13e99dcc00fa2de5963495,3926078,original,F16,repeat8,2
0,8_16,0.15882519400474848,0.24366311399353435,13cae87e6a0f75a13f3e9a7881b33c42ab77680f6d13e99dcc00fa2de5963495,3926078,original,F16,repeat8,3
0,8_16,0.15935660299874144,0.24492546699912054,13cae87e6a0f75a13f3e9a7881b33c42ab77680f6d13e99dcc00fa2de5963495,3926078,original,F16,repeat8,4
0,8_16,0.1594473340010154,0.24489148399879923,13cae87e6a0f75a13f3e9a7881b33c42ab77680f6d13e99dcc00fa2de5963495,3926078,original,F16,repeat8,5
0,8_16,0.15926798199507175,0.24469935299566714,13cae87e6a0f75a13f3e9a7881b33c42ab77680f6d13e99dcc00fa2de5963495,3926078,original,F16,repeat8,6
0,8_16,0.15911265199974878,0.24490683899784926,13cae87e6a0f75a13f3e9a7881b33c42ab77680f6d13e99dcc00fa2de5963495,3926078,original,F16,repeat8,7
0,8_16,0.15626165700086858,0.24151507199712796,13cae87e6a0f75a13f3e9a7881b33c42ab77680f6d13e99dcc00fa2de5963495,3926078,original,F8,repeat8,0
0,8_16,0.1569686430011643,0.2419793419976486,13cae87e6a0f75a13f3e9a7881b33c42ab77680f6d13e99dcc00fa2de5963495,3926078,original,F8,repeat8,1
0,8_16,0.15630453299672808,0.24178879899409367,13cae87e6a0f75a13f3e9a7881b33c42ab77680f6d13e99dcc00fa2de5963495,3926078,original,F8,repeat8,2
0,8_16,0.15610522799397586,0.24104174600506667,13cae87e6a0f75a13f3e9a7881b33c42ab77680f6d13e99dcc00fa2de5963495,3926078,original,F8,repeat8,3
0,8_16,0.15622831700602546,0.24159750399849145,13cae87e6a0f75a13f3e9a7881b33c42ab77680f6d13e99dcc00fa2de5963495,3926078,original,F8,repeat8,4
0,8_16,0.15631057100108592,0.24262926899973536,13cae87e6a0f75a13f3e9a7881b33c42ab77680f6d13e99dcc00fa2de5963495,3926078,original,F8,repeat8,5
0,8_16,0.15665407599590253,0.24169900299602887,13cae87e6a0f75a13f3e9a7881b33c42ab77680f6d13e99dcc00fa2de5963495,3926078,original,F8,repeat8,6
0,8_16,0.15614570299658226,0.24091404299542774,13cae87e6a0f75a13f3e9a7881b33c42ab77680f6d13e99dcc00fa2de5963495,3926078,original,F8,repeat8,7
1,16_8,0.6217388260047301,0.7085194630053593,13cae87e6a0f75a13f3e9a7881b33c42ab77680f6d13e99dcc00fa2de5963495,3926078,clustered,F16,warmup,0
1,16_8,0.16315760200086515,0.24795472600089852,13cae87e6a0f75a13f3e9a7881b33c42ab77680f6d13e99dcc00fa2de5963495,3926078,clustered,F16,warmup,1
1,16_8,0.1640044560044771,0.24879017200146336,13cae87e6a0f75a13f3e9a7881b33c42ab77680f6d13e99dcc00fa2de5963495,3926078,clustered,F16,retained,0
1,16_8,0.16269819700391963,0.24734402000467526,13cae87e6a0f75a13f3e9a7881b33c42ab77680f6d13e99dcc00fa2de5963495,3926078,clustered,F16,retained,1
1,16_8,0.16224944100395078,0.2470184199992218,13cae87e6a0f75a13f3e9a7881b33c42ab77680f6d13e99dcc00fa2de5963495,3926078,clustered,F16,retained,2
1,16_8,0.16178403399680974,0.2463911829981953,13cae87e6a0f75a13f3e9a7881b33c42ab77680f6d13e99dcc00fa2de5963495,3926078,clustered,F16,retained,3
1,16_8,0.16517503099748865,0.24998438500188058,13cae87e6a0f75a13f3e9a7881b33c42ab77680f6d13e99dcc00fa2de5963495,3926078,clustered,F16,retained,4
1,16_8,0.16321347099437844,0.24796621899440652,13cae87e6a0f75a13f3e9a7881b33c42ab77680f6d13e99dcc00fa2de5963495,3926078,clustered,F16,retained,5
1,16_8,0.1620160809980007,0.24712129900581203,13cae87e6a0f75a13f3e9a7881b33c42ab77680f6d13e99dcc00fa2de5963495,3926078,clustered,F16,retained,6
1,16_8,0.17098764900583774,0.2560962269999436,13cae87e6a0f75a13f3e9a7881b33c42ab77680f6d13e99dcc00fa2de5963495,3926078,clustered,F8,warmup,0
1,16_8,0.15988229399954434,0.24491668999689864,13cae87e6a0f75a13f3e9a7881b33c42ab77680f6d13e99dcc00fa2de5963495,3926078,clustered,F8,warmup,1
1,16_8,0.16110947899869643,0.24593648700101767,13cae87e6a0f75a13f3e9a7881b33c42ab77680f6d13e99dcc00fa2de5963495,3926078,clustered,F8,retained,0
1,16_8,0.15806302599958144,0.2426993359986227,13cae87e6a0f75a13f3e9a7881b33c42ab77680f6d13e99dcc00fa2de5963495,3926078,clustered,F8,retained,1
1,16_8,0.15762134100077674,0.2423738079960458,13cae87e6a0f75a13f3e9a7881b33c42ab77680f6d13e99dcc00fa2de5963495,3926078,clustered,F8,retained,2
1,16_8,0.1582919819993549,0.24281923999660648,13cae87e6a0f75a13f3e9a7881b33c42ab77680f6d13e99dcc00fa2de5963495,3926078,clustered,F8,retained,3
1,16_8,0.1583213340054499,0.24316569999791682,13cae87e6a0f75a13f3e9a7881b33c42ab77680f6d13e99dcc00fa2de5963495,3926078,clustered,F8,retained,4
1,16_8,0.15948013200249989,0.2441298010016908,13cae87e6a0f75a13f3e9a7881b33c42ab77680f6d13e99dcc00fa2de5963495,3926078,clustered,F8,retained,5
1,16_8,0.15986197399615776,0.24512593600229593,13cae87e6a0f75a13f3e9a7881b33c42ab77680f6d13e99dcc00fa2de5963495,3926078,clustered,F8,retained,6
1,16_8,0.16725767699972494,0.2523874680045992,13cae87e6a0f75a13f3e9a7881b33c42ab77680f6d13e99dcc00fa2de5963495,3926078,interleaved,F16,warmup,0
1,16_8,0.16190548200393096,0.24651617900235578,13cae87e6a0f75a13f3e9a7881b33c42ab77680f6d13e99dcc00fa2de5963495,3926078,interleaved,F16,warmup,1
1,16_8,0.163537330001418,0.2486223629966844,13cae87e6a0f75a13f3e9a7881b33c42ab77680f6d13e99dcc00fa2de5963495,3926078,interleaved,F16,retained,0
1,16_8,0.16179026299505495,0.2464747880003415,13cae87e6a0f75a13f3e9a7881b33c42ab77680f6d13e99dcc00fa2de5963495,3926078,interleaved,F16,retained,1
1,16_8,0.16193735900014872,0.24834987299982458,13cae87e6a0f75a13f3e9a7881b33c42ab77680f6d13e99dcc00fa2de5963495,3926078,interleaved,F16,retained,2
1,16_8,0.16182536099950084,0.24738538000383414,13cae87e6a0f75a13f3e9a7881b33c42ab77680f6d13e99dcc00fa2de5963495,3926078,interleaved,F16,retained,3
1,16_8,0.16283268500410486,0.24775312100246083,13cae87e6a0f75a13f3e9a7881b33c42ab77680f6d13e99dcc00fa2de5963495,3926078,interleaved,F16,retained,4
1,16_8,0.16183894999994664,0.24698266299674287,13cae87e6a0f75a13f3e9a7881b33c42ab77680f6d13e99dcc00fa2de5963495,3926078,interleaved,F16,retained,5
1,16_8,0.16188949599745683,0.24688384999899426,13cae87e6a0f75a13f3e9a7881b33c42ab77680f6d13e99dcc00fa2de5963495,3926078,interleaved,F16,retained,6
1,16_8,0.1604578200058313,0.24532552599703195,13cae87e6a0f75a13f3e9a7881b33c42ab77680f6d13e99dcc00fa2de5963495,3926078,interleaved,F8,warmup,0
1,16_8,0.1597436669981107,0.2449102060054429,13cae87e6a0f75a13f3e9a7881b33c42ab77680f6d13e99dcc00fa2de5963495,3926078,interleaved,F8,warmup,1
1,16_8,0.16011384300509235,0.24626207200344652,13cae87e6a0f75a13f3e9a7881b33c42ab77680f6d13e99dcc00fa2de5963495,3926078,interleaved,F8,retained,0
1,16_8,0.15949433200148633,0.24419595200015465,13cae87e6a0f75a13f3e9a7881b33c42ab77680f6d13e99dcc00fa2de5963495,3926078,interleaved,F8,retained,1
1,16_8,0.15962128799583297,0.2445121599957929,13cae87e6a0f75a13f3e9a7881b33c42ab77680f6d13e99dcc00fa2de5963495,3926078,interleaved,F8,retained,2
1,16_8,0.16220099000202026,0.24815032000333304,13cae87e6a0f75a13f3e9a7881b33c42ab77680f6d13e99dcc00fa2de5963495,3926078,interleaved,F8,retained,3
1,16_8,0.159366202999081,0.24429027999576647,13cae87e6a0f75a13f3e9a7881b33c42ab77680f6d13e99dcc00fa2de5963495,3926078,interleaved,F8,retained,4
1,16_8,0.15967926899611484,0.24432553399674362,13cae87e6a0f75a13f3e9a7881b33c42ab77680f6d13e99dcc00fa2de5963495,3926078,interleaved,F8,retained,5
1,16_8,0.1600049390035565,0.24469331400177907,13cae87e6a0f75a13f3e9a7881b33c42ab77680f6d13e99dcc00fa2de5963495,3926078,interleaved,F8,retained,6
1,16_8,0.16069881099974737,0.24547248399903765,13cae87e6a0f75a13f3e9a7881b33c42ab77680f6d13e99dcc00fa2de5963495,3926078,original,F16,warmup,0
1,16_8,0.16004372500174213,0.24704883000231348,13cae87e6a0f75a13f3e9a7881b33c42ab77680f6d13e99dcc00fa2de5963495,3926078,original,F16,warmup,1
1,16_8,0.1637136819990701,0.24934676499833586,13cae87e6a0f75a13f3e9a7881b33c42ab77680f6d13e99dcc00fa2de5963495,3926078,original,F16,retained,0
1,16_8,0.1601250070016249,0.2455259619964636,13cae87e6a0f75a13f3e9a7881b33c42ab77680f6d13e99dcc00fa2de5963495,3926078,original,F16,retained,1
1,16_8,0.16077102800045395,0.2459285520017147,13cae87e6a0f75a13f3e9a7881b33c42ab77680f6d13e99dcc00fa2de5963495,3926078,original,F16,retained,2
1,16_8,0.1599146309963544,0.24574837199907051,13cae87e6a0f75a13f3e9a7881b33c42ab77680f6d13e99dcc00fa2de5963495,3926078,original,F16,retained,3
1,16_8,0.16013402099633822,0.24538485100492835,13cae87e6a0f75a13f3e9a7881b33c42ab77680f6d13e99dcc00fa2de5963495,3926078,original,F16,retained,4
1,16_8,0.16062858999794116,0.24572728299972368,13cae87e6a0f75a13f3e9a7881b33c42ab77680f6d13e99dcc00fa2de5963495,3926078,original,F16,retained,5
1,16_8,0.15984734000085155,0.2449176570007694,13cae87e6a0f75a13f3e9a7881b33c42ab77680f6d13e99dcc00fa2de5963495,3926078,original,F16,retained,6
1,16_8,0.15727818900631974,0.24248793599690543,13cae87e6a0f75a13f3e9a7881b33c42ab77680f6d13e99dcc00fa2de5963495,3926078,original,F8,warmup,0
1,16_8,0.15754036999715026,0.24225401900184806,13cae87e6a0f75a13f3e9a7881b33c42ab77680f6d13e99dcc00fa2de5963495,3926078,original,F8,warmup,1
1,16_8,0.15738750599848572,0.24230435200297507,13cae87e6a0f75a13f3e9a7881b33c42ab77680f6d13e99dcc00fa2de5963495,3926078,original,F8,retained,0
1,16_8,0.15710364499682328,0.2424133750027977,13cae87e6a0f75a13f3e9a7881b33c42ab77680f6d13e99dcc00fa2de5963495,3926078,original,F8,retained,1
1,16_8,0.15715734799596248,0.24222201900556684,13cae87e6a0f75a13f3e9a7881b33c42ab77680f6d13e99dcc00fa2de5963495,3926078,original,F8,retained,2
1,16_8,0.15680716099450365,0.2416436249986873,13cae87e6a0f75a13f3e9a7881b33c42ab77680f6d13e99dcc00fa2de5963495,3926078,original,F8,retained,3
1,16_8,0.15748239600361558,0.24242118599795504,13cae87e6a0f75a13f3e9a7881b33c42ab77680f6d13e99dcc00fa2de5963495,3926078,original,F8,retained,4
1,16_8,0.1573603400029242,0.24217868899722816,13cae87e6a0f75a13f3e9a7881b33c42ab77680f6d13e99dcc00fa2de5963495,3926078,original,F8,retained,5
1,16_8,0.15664124099566834,0.241983441002958,13cae87e6a0f75a13f3e9a7881b33c42ab77680f6d13e99dcc00fa2de5963495,3926078,original,F8,retained,6
1,16_8,0.1580333090023487,0.24310472099750768,13cae87e6a0f75a13f3e9a7881b33c42ab77680f6d13e99dcc00fa2de5963495,3926078,original,F8,repeat8,0
1,16_8,0.15702423799666576,0.24182423599995673,13cae87e6a0f75a13f3e9a7881b33c42ab77680f6d13e99dcc00fa2de5963495,3926078,original,F8,repeat8,1
1,16_8,0.15728267999656964,0.2423208389955107,13cae87e6a0f75a13f3e9a7881b33c42ab77680f6d13e99dcc00fa2de5963495,3926078,original,F8,repeat8,2
1,16_8,0.1569275430010748,0.24187994499516208,13cae87e6a0f75a13f3e9a7881b33c42ab77680f6d13e99dcc00fa2de5963495,3926078,original,F8,repeat8,3
1,16_8,0.15710093599773245,0.24195241699635517,13cae87e6a0f75a13f3e9a7881b33c42ab77680f6d13e99dcc00fa2de5963495,3926078,original,F8,repeat8,4
1,16_8,0.15730597999936435,0.24210605900589144,13cae87e6a0f75a13f3e9a7881b33c42ab77680f6d13e99dcc00fa2de5963495,3926078,original,F8,repeat8,5
1,16_8,0.16197668999666348,0.24699630899704061,13cae87e6a0f75a13f3e9a7881b33c42ab77680f6d13e99dcc00fa2de5963495,3926078,original,F8,repeat8,6
1,16_8,0.15782881999621168,0.24315015799948014,13cae87e6a0f75a13f3e9a7881b33c42ab77680f6d13e99dcc00fa2de5963495,3926078,original,F8,repeat8,7
1,16_8,0.16085774899693206,0.24565605799580226,13cae87e6a0f75a13f3e9a7881b33c42ab77680f6d13e99dcc00fa2de5963495,3926078,original,F16,repeat8,0
1,16_8,0.1599112249969039,0.2448459000006551,13cae87e6a0f75a13f3e9a7881b33c42ab77680f6d13e99dcc00fa2de5963495,3926078,original,F16,repeat8,1
1,16_8,0.15994480699737323,0.24477068499982124,13cae87e6a0f75a13f3e9a7881b33c42ab77680f6d13e99dcc00fa2de5963495,3926078,original,F16,repeat8,2
1,16_8,0.1610710899985861,0.24634062599943718,13cae87e6a0f75a13f3e9a7881b33c42ab77680f6d13e99dcc00fa2de5963495,3926078,original,F16,repeat8,3
1,16_8,0.1596944769989932,0.24457590600650292,13cae87e6a0f75a13f3e9a7881b33c42ab77680f6d13e99dcc00fa2de5963495,3926078,original,F16,repeat8,4
1,16_8,0.16017724300036207,0.24543871600326383,13cae87e6a0f75a13f3e9a7881b33c42ab77680f6d13e99dcc00fa2de5963495,3926078,original,F16,repeat8,5
1,16_8,0.16081564700289164,0.24570971399953123,13cae87e6a0f75a13f3e9a7881b33c42ab77680f6d13e99dcc00fa2de5963495,3926078,original,F16,repeat8,6
1,16_8,0.16048771799978567,0.24566197999956785,13cae87e6a0f75a13f3e9a7881b33c42ab77680f6d13e99dcc00fa2de5963495,3926078,original,F16,repeat8,7
1,16_8,0.1608042439984274,0.2468801089999033,13cae87e6a0f75a13f3e9a7881b33c42ab77680f6d13e99dcc00fa2de5963495,3926078,interleaved,F8,repeat8,0
1,16_8,0.1607161029969575,0.24576435599738033,13cae87e6a0f75a13f3e9a7881b33c42ab77680f6d13e99dcc00fa2de5963495,3926078,interleaved,F8,repeat8,1
1,16_8,0.1595884499984095,0.24444265000056475,13cae87e6a0f75a13f3e9a7881b33c42ab77680f6d13e99dcc00fa2de5963495,3926078,interleaved,F8,repeat8,2
1,16_8,0.16107886599638732,0.24616425100248307,13cae87e6a0f75a13f3e9a7881b33c42ab77680f6d13e99dcc00fa2de5963495,3926078,interleaved,F8,repeat8,3
1,16_8,0.15989104599429993,0.24470657399797346,13cae87e6a0f75a13f3e9a7881b33c42ab77680f6d13e99dcc00fa2de5963495,3926078,interleaved,F8,repeat8,4
1,16_8,0.1598896909999894,0.24569466400134843,13cae87e6a0f75a13f3e9a7881b33c42ab77680f6d13e99dcc00fa2de5963495,3926078,interleaved,F8,repeat8,5
1,16_8,0.15959696500067366,0.24377717100287555,13cae87e6a0f75a13f3e9a7881b33c42ab77680f6d13e99dcc00fa2de5963495,3926078,interleaved,F8,repeat8,6
1,16_8,0.15978207100124564,0.24484978699911153,13cae87e6a0f75a13f3e9a7881b33c42ab77680f6d13e99dcc00fa2de5963495,3926078,interleaved,F8,repeat8,7
1,16_8,0.16250217099877773,0.24788361799437553,13cae87e6a0f75a13f3e9a7881b33c42ab77680f6d13e99dcc00fa2de5963495,3926078,interleaved,F16,repeat8,0
1,16_8,0.16186941100022523,0.24681404999864753,13cae87e6a0f75a13f3e9a7881b33c42ab77680f6d13e99dcc00fa2de5963495,3926078,interleaved,F16,repeat8,1
1,16_8,0.16230747700319625,0.24715784099680604,13cae87e6a0f75a13f3e9a7881b33c42ab77680f6d13e99dcc00fa2de5963495,3926078,interleaved,F16,repeat8,2
1,16_8,0.1629862179979682,0.2483702000026824,13cae87e6a0f75a13f3e9a7881b33c42ab77680f6d13e99dcc00fa2de5963495,3926078,interleaved,F16,repeat8,3
1,16_8,0.16142504700110294,0.2462376370021957,13cae87e6a0f75a13f3e9a7881b33c42ab77680f6d13e99dcc00fa2de5963495,3926078,interleaved,F16,repeat8,4
1,16_8,0.16099446100270143,0.2468255109997699,13cae87e6a0f75a13f3e9a7881b33c42ab77680f6d13e99dcc00fa2de5963495,3926078,interleaved,F16,repeat8,5
1,16_8,0.16361720400163904,0.24841600299987476,13cae87e6a0f75a13f3e9a7881b33c42ab77680f6d13e99dcc00fa2de5963495,3926078,interleaved,F16,repeat8,6
1,16_8,0.16223755499959225,0.2478978669969365,13cae87e6a0f75a13f3e9a7881b33c42ab77680f6d13e99dcc00fa2de5963495,3926078,interleaved,F16,repeat8,7
1,16_8,0.15996025899949018,0.24551122399861924,13cae87e6a0f75a13f3e9a7881b33c42ab77680f6d13e99dcc00fa2de5963495,3926078,clustered,F8,repeat8,0
1,16_8,0.15923511599976337,0.24498557799961418,13cae87e6a0f75a13f3e9a7881b33c42ab77680f6d13e99dcc00fa2de5963495,3926078,clustered,F8,repeat8,1
1,16_8,0.15928042200539494,0.24457933800294995,13cae87e6a0f75a13f3e9a7881b33c42ab77680f6d13e99dcc00fa2de5963495,3926078,clustered,F8,repeat8,2
1,16_8,0.1602949429943692,0.24551877599878935,13cae87e6a0f75a13f3e9a7881b33c42ab77680f6d13e99dcc00fa2de5963495,3926078,clustered,F8,repeat8,3
1,16_8,0.15936671900271904,0.24490894199698232,13cae87e6a0f75a13f3e9a7881b33c42ab77680f6d13e99dcc00fa2de5963495,3926078,clustered,F8,repeat8,4
1,16_8,0.15963170099712443,0.2463449469942134,13cae87e6a0f75a13f3e9a7881b33c42ab77680f6d13e99dcc00fa2de5963495,3926078,clustered,F8,repeat8,5
1,16_8,0.15930697099975077,0.2442495819996111,13cae87e6a0f75a13f3e9a7881b33c42ab77680f6d13e99dcc00fa2de5963495,3926078,clustered,F8,repeat8,6
1,16_8,0.15967260199977318,0.24530960700212745,13cae87e6a0f75a13f3e9a7881b33c42ab77680f6d13e99dcc00fa2de5963495,3926078,clustered,F8,repeat8,7
1,16_8,0.16150356900470797,0.24655556499783415,13cae87e6a0f75a13f3e9a7881b33c42ab77680f6d13e99dcc00fa2de5963495,3926078,clustered,F16,repeat8,0
1,16_8,0.16231618900201283,0.24736297000345076,13cae87e6a0f75a13f3e9a7881b33c42ab77680f6d13e99dcc00fa2de5963495,3926078,clustered,F16,repeat8,1
1,16_8,0.16227322899794672,0.24719488799746614,13cae87e6a0f75a13f3e9a7881b33c42ab77680f6d13e99dcc00fa2de5963495,3926078,clustered,F16,repeat8,2
1,16_8,0.1643391059988062,0.24926487600168912,13cae87e6a0f75a13f3e9a7881b33c42ab77680f6d13e99dcc00fa2de5963495,3926078,clustered,F16,repeat8,3
1,16_8,0.16243387099530082,0.24711902400304098,13cae87e6a0f75a13f3e9a7881b33c42ab77680f6d13e99dcc00fa2de5963495,3926078,clustered,F16,repeat8,4
1,16_8,0.16242020199570106,0.2474141549973865,13cae87e6a0f75a13f3e9a7881b33c42ab77680f6d13e99dcc00fa2de5963495,3926078,clustered,F16,repeat8,5
1,16_8,0.16157434100023238,0.2466628460024367,13cae87e6a0f75a13f3e9a7881b33c42ab77680f6d13e99dcc00fa2de5963495,3926078,clustered,F16,repeat8,6
1,16_8,0.16170029299973976,0.24619432300096378,13cae87e6a0f75a13f3e9a7881b33c42ab77680f6d13e99dcc00fa2de5963495,3926078,clustered,F16,repeat8,7
2,8_16,0.20129716100200312,0.28895102700334974,13cae87e6a0f75a13f3e9a7881b33c42ab77680f6d13e99dcc00fa2de5963495,3926078,interleaved,F8,warmup,0
2,8_16,0.16289027600578265,0.24795265199645655,13cae87e6a0f75a13f3e9a7881b33c42ab77680f6d13e99dcc00fa2de5963495,3926078,interleaved,F8,warmup,1
2,8_16,0.16035359599482035,0.24540378899837378,13cae87e6a0f75a13f3e9a7881b33c42ab77680f6d13e99dcc00fa2de5963495,3926078,interleaved,F8,retained,0
2,8_16,0.16214256200328236,0.24660500900063198,13cae87e6a0f75a13f3e9a7881b33c42ab77680f6d13e99dcc00fa2de5963495,3926078,interleaved,F8,retained,1
2,8_16,0.16221501900145086,0.24641525100014405,13cae87e6a0f75a13f3e9a7881b33c42ab77680f6d13e99dcc00fa2de5963495,3926078,interleaved,F8,retained,2
2,8_16,0.16045837099954952,0.24537856499955524,13cae87e6a0f75a13f3e9a7881b33c42ab77680f6d13e99dcc00fa2de5963495,3926078,interleaved,F8,retained,3
2,8_16,0.1612657189980382,0.24580323100235546,13cae87e6a0f75a13f3e9a7881b33c42ab77680f6d13e99dcc00fa2de5963495,3926078,interleaved,F8,retained,4
2,8_16,0.16100510300020687,0.2488157829939155,13cae87e6a0f75a13f3e9a7881b33c42ab77680f6d13e99dcc00fa2de5963495,3926078,interleaved,F8,retained,5
2,8_16,0.1611038540067966,0.24607238799944753,13cae87e6a0f75a13f3e9a7881b33c42ab77680f6d13e99dcc00fa2de5963495,3926078,interleaved,F8,retained,6
2,8_16,0.5988395450040116,0.6834032490005484,13cae87e6a0f75a13f3e9a7881b33c42ab77680f6d13e99dcc00fa2de5963495,3926078,interleaved,F16,warmup,0
2,8_16,0.1640283249944332,0.24860801199974958,13cae87e6a0f75a13f3e9a7881b33c42ab77680f6d13e99dcc00fa2de5963495,3926078,interleaved,F16,warmup,1
2,8_16,0.16523997399781365,0.24973315000534058,13cae87e6a0f75a13f3e9a7881b33c42ab77680f6d13e99dcc00fa2de5963495,3926078,interleaved,F16,retained,0
2,8_16,0.16369341399695259,0.24843004199647112,13cae87e6a0f75a13f3e9a7881b33c42ab77680f6d13e99dcc00fa2de5963495,3926078,interleaved,F16,retained,1
2,8_16,0.16362183300225297,0.24845520599774318,13cae87e6a0f75a13f3e9a7881b33c42ab77680f6d13e99dcc00fa2de5963495,3926078,interleaved,F16,retained,2
2,8_16,0.16287406599440146,0.24733312799799023,13cae87e6a0f75a13f3e9a7881b33c42ab77680f6d13e99dcc00fa2de5963495,3926078,interleaved,F16,retained,3
2,8_16,0.1631416030068067,0.24742037800024264,13cae87e6a0f75a13f3e9a7881b33c42ab77680f6d13e99dcc00fa2de5963495,3926078,interleaved,F16,retained,4
2,8_16,0.1637786139981472,0.24831357700168155,13cae87e6a0f75a13f3e9a7881b33c42ab77680f6d13e99dcc00fa2de5963495,3926078,interleaved,F16,retained,5
2,8_16,0.17024381699593505,0.25495394699828466,13cae87e6a0f75a13f3e9a7881b33c42ab77680f6d13e99dcc00fa2de5963495,3926078,interleaved,F16,retained,6
2,8_16,0.15794922599889105,0.24315038299391745,13cae87e6a0f75a13f3e9a7881b33c42ab77680f6d13e99dcc00fa2de5963495,3926078,original,F8,warmup,0
2,8_16,0.15753512299852446,0.24443236799561419,13cae87e6a0f75a13f3e9a7881b33c42ab77680f6d13e99dcc00fa2de5963495,3926078,original,F8,warmup,1
2,8_16,0.1582028970005922,0.24347459899581736,13cae87e6a0f75a13f3e9a7881b33c42ab77680f6d13e99dcc00fa2de5963495,3926078,original,F8,retained,0
2,8_16,0.15742442399641732,0.242221911001252,13cae87e6a0f75a13f3e9a7881b33c42ab77680f6d13e99dcc00fa2de5963495,3926078,original,F8,retained,1
2,8_16,0.1584499099990353,0.24406190799345495,13cae87e6a0f75a13f3e9a7881b33c42ab77680f6d13e99dcc00fa2de5963495,3926078,original,F8,retained,2
2,8_16,0.15788890999829164,0.24336861899791984,13cae87e6a0f75a13f3e9a7881b33c42ab77680f6d13e99dcc00fa2de5963495,3926078,original,F8,retained,3
2,8_16,0.15710785700503038,0.24209164700005203,13cae87e6a0f75a13f3e9a7881b33c42ab77680f6d13e99dcc00fa2de5963495,3926078,original,F8,retained,4
2,8_16,0.1577105920005124,0.2431114709979738,13cae87e6a0f75a13f3e9a7881b33c42ab77680f6d13e99dcc00fa2de5963495,3926078,original,F8,retained,5
2,8_16,0.15772561199992197,0.24274101600167342,13cae87e6a0f75a13f3e9a7881b33c42ab77680f6d13e99dcc00fa2de5963495,3926078,original,F8,retained,6
2,8_16,0.16113095000036992,0.24655459700443316,13cae87e6a0f75a13f3e9a7881b33c42ab77680f6d13e99dcc00fa2de5963495,3926078,original,F16,warmup,0
2,8_16,0.16051389600033872,0.24571948099764995,13cae87e6a0f75a13f3e9a7881b33c42ab77680f6d13e99dcc00fa2de5963495,3926078,original,F16,warmup,1
2,8_16,0.16009501300140982,0.2453168590000132,13cae87e6a0f75a13f3e9a7881b33c42ab77680f6d13e99dcc00fa2de5963495,3926078,original,F16,retained,0
2,8_16,0.16009376000147313,0.24509143600153038,13cae87e6a0f75a13f3e9a7881b33c42ab77680f6d13e99dcc00fa2de5963495,3926078,original,F16,retained,1
2,8_16,0.16069294099725084,0.245999838996795,13cae87e6a0f75a13f3e9a7881b33c42ab77680f6d13e99dcc00fa2de5963495,3926078,original,F16,retained,2
2,8_16,0.16017078299773857,0.2456270000038785,13cae87e6a0f75a13f3e9a7881b33c42ab77680f6d13e99dcc00fa2de5963495,3926078,original,F16,retained,3
2,8_16,0.16016678399319062,0.24532722699950682,13cae87e6a0f75a13f3e9a7881b33c42ab77680f6d13e99dcc00fa2de5963495,3926078,original,F16,retained,4
2,8_16,0.16007992999948328,0.24508075300400378,13cae87e6a0f75a13f3e9a7881b33c42ab77680f6d13e99dcc00fa2de5963495,3926078,original,F16,retained,5
2,8_16,0.16068543199799024,0.24758293800550746,13cae87e6a0f75a13f3e9a7881b33c42ab77680f6d13e99dcc00fa2de5963495,3926078,original,F16,retained,6
2,8_16,0.1637657380051678,0.24883550599770388,13cae87e6a0f75a13f3e9a7881b33c42ab77680f6d13e99dcc00fa2de5963495,3926078,clustered,F8,warmup,0
2,8_16,0.15902056699997047,0.24399431399797322,13cae87e6a0f75a13f3e9a7881b33c42ab77680f6d13e99dcc00fa2de5963495,3926078,clustered,F8,warmup,1
2,8_16,0.1594128390061087,0.24419688300258713,13cae87e6a0f75a13f3e9a7881b33c42ab77680f6d13e99dcc00fa2de5963495,3926078,clustered,F8,retained,0
2,8_16,0.15888095999980578,0.24386401399533497,13cae87e6a0f75a13f3e9a7881b33c42ab77680f6d13e99dcc00fa2de5963495,3926078,clustered,F8,retained,1
2,8_16,0.15892236399668036,0.24377921199629782,13cae87e6a0f75a13f3e9a7881b33c42ab77680f6d13e99dcc00fa2de5963495,3926078,clustered,F8,retained,2
2,8_16,0.15970105399901513,0.2448213969983044,13cae87e6a0f75a13f3e9a7881b33c42ab77680f6d13e99dcc00fa2de5963495,3926078,clustered,F8,retained,3
2,8_16,0.15953512499982025,0.24488386499433545,13cae87e6a0f75a13f3e9a7881b33c42ab77680f6d13e99dcc00fa2de5963495,3926078,clustered,F8,retained,4
2,8_16,0.1594006969971815,0.24516236799536273,13cae87e6a0f75a13f3e9a7881b33c42ab77680f6d13e99dcc00fa2de5963495,3926078,clustered,F8,retained,5
2,8_16,0.15928981400065823,0.24453307899966603,13cae87e6a0f75a13f3e9a7881b33c42ab77680f6d13e99dcc00fa2de5963495,3926078,clustered,F8,retained,6
2,8_16,0.16155838400300127,0.24655744699703064,13cae87e6a0f75a13f3e9a7881b33c42ab77680f6d13e99dcc00fa2de5963495,3926078,clustered,F16,warmup,0
2,8_16,0.16238159000204178,0.247340008005267,13cae87e6a0f75a13f3e9a7881b33c42ab77680f6d13e99dcc00fa2de5963495,3926078,clustered,F16,warmup,1
2,8_16,0.1614858370012371,0.2464332919989829,13cae87e6a0f75a13f3e9a7881b33c42ab77680f6d13e99dcc00fa2de5963495,3926078,clustered,F16,retained,0
2,8_16,0.16176284100220073,0.24692345099902013,13cae87e6a0f75a13f3e9a7881b33c42ab77680f6d13e99dcc00fa2de5963495,3926078,clustered,F16,retained,1
2,8_16,0.16177048799727345,0.24705886500305496,13cae87e6a0f75a13f3e9a7881b33c42ab77680f6d13e99dcc00fa2de5963495,3926078,clustered,F16,retained,2
2,8_16,0.16176156400615582,0.24670507799601182,13cae87e6a0f75a13f3e9a7881b33c42ab77680f6d13e99dcc00fa2de5963495,3926078,clustered,F16,retained,3
2,8_16,0.16223761600122089,0.24710645300365286,13cae87e6a0f75a13f3e9a7881b33c42ab77680f6d13e99dcc00fa2de5963495,3926078,clustered,F16,retained,4
2,8_16,0.16198143200017512,0.2467546769985347,13cae87e6a0f75a13f3e9a7881b33c42ab77680f6d13e99dcc00fa2de5963495,3926078,clustered,F16,retained,5
2,8_16,0.1617844300053548,0.24672614800510928,13cae87e6a0f75a13f3e9a7881b33c42ab77680f6d13e99dcc00fa2de5963495,3926078,clustered,F16,retained,6
2,8_16,0.161917892000929,0.24670721100119408,13cae87e6a0f75a13f3e9a7881b33c42ab77680f6d13e99dcc00fa2de5963495,3926078,clustered,F16,repeat8,0
2,8_16,0.16199864500231342,0.24699373500334332,13cae87e6a0f75a13f3e9a7881b33c42ab77680f6d13e99dcc00fa2de5963495,3926078,clustered,F16,repeat8,1
2,8_16,0.1620671670025331,0.24852379500225652,13cae87e6a0f75a13f3e9a7881b33c42ab77680f6d13e99dcc00fa2de5963495,3926078,clustered,F16,repeat8,2
2,8_16,0.16223882399935974,0.2473634489942924,13cae87e6a0f75a13f3e9a7881b33c42ab77680f6d13e99dcc00fa2de5963495,3926078,clustered,F16,repeat8,3
2,8_16,0.1670454900013283,0.2519922920037061,13cae87e6a0f75a13f3e9a7881b33c42ab77680f6d13e99dcc00fa2de5963495,3926078,clustered,F16,repeat8,4
2,8_16,0.16283857499365695,0.247631240003102,13cae87e6a0f75a13f3e9a7881b33c42ab77680f6d13e99dcc00fa2de5963495,3926078,clustered,F16,repeat8,5
2,8_16,0.16206965099991066,0.2469391819977318,13cae87e6a0f75a13f3e9a7881b33c42ab77680f6d13e99dcc00fa2de5963495,3926078,clustered,F16,repeat8,6
2,8_16,0.16190733599796658,0.2469053940003505,13cae87e6a0f75a13f3e9a7881b33c42ab77680f6d13e99dcc00fa2de5963495,3926078,clustered,F16,repeat8,7
2,8_16,0.15955432200280484,0.24438455600466114,13cae87e6a0f75a13f3e9a7881b33c42ab77680f6d13e99dcc00fa2de5963495,3926078,clustered,F8,repeat8,0
2,8_16,0.15957609199540457,0.2444698960025562,13cae87e6a0f75a13f3e9a7881b33c42ab77680f6d13e99dcc00fa2de5963495,3926078,clustered,F8,repeat8,1
2,8_16,0.16144708499632543,0.24630379900190746,13cae87e6a0f75a13f3e9a7881b33c42ab77680f6d13e99dcc00fa2de5963495,3926078,clustered,F8,repeat8,2
2,8_16,0.15920914500020444,0.24387980600295123,13cae87e6a0f75a13f3e9a7881b33c42ab77680f6d13e99dcc00fa2de5963495,3926078,clustered,F8,repeat8,3
2,8_16,0.15906698699836852,0.24359607700171182,13cae87e6a0f75a13f3e9a7881b33c42ab77680f6d13e99dcc00fa2de5963495,3926078,clustered,F8,repeat8,4
2,8_16,0.15902628299954813,0.24413221100257942,13cae87e6a0f75a13f3e9a7881b33c42ab77680f6d13e99dcc00fa2de5963495,3926078,clustered,F8,repeat8,5
2,8_16,0.15918827999848872,0.24378532000264386,13cae87e6a0f75a13f3e9a7881b33c42ab77680f6d13e99dcc00fa2de5963495,3926078,clustered,F8,repeat8,6
2,8_16,0.15885837599489605,0.2434618019979098,13cae87e6a0f75a13f3e9a7881b33c42ab77680f6d13e99dcc00fa2de5963495,3926078,clustered,F8,repeat8,7
2,8_16,0.16056730700074695,0.24528452600497985,13cae87e6a0f75a13f3e9a7881b33c42ab77680f6d13e99dcc00fa2de5963495,3926078,original,F16,repeat8,0
2,8_16,0.16005656999914208,0.24471476599865127,13cae87e6a0f75a13f3e9a7881b33c42ab77680f6d13e99dcc00fa2de5963495,3926078,original,F16,repeat8,1
2,8_16,0.15996395000547636,0.2446857760005514,13cae87e6a0f75a13f3e9a7881b33c42ab77680f6d13e99dcc00fa2de5963495,3926078,original,F16,repeat8,2
2,8_16,0.1595166330007487,0.24421335400256794,13cae87e6a0f75a13f3e9a7881b33c42ab77680f6d13e99dcc00fa2de5963495,3926078,original,F16,repeat8,3
2,8_16,0.1596142990019871,0.2441695309971692,13cae87e6a0f75a13f3e9a7881b33c42ab77680f6d13e99dcc00fa2de5963495,3926078,original,F16,repeat8,4
2,8_16,0.16006466299586464,0.24503771500167204,13cae87e6a0f75a13f3e9a7881b33c42ab77680f6d13e99dcc00fa2de5963495,3926078,original,F16,repeat8,5
2,8_16,0.16044210499967448,0.24529027899552602,13cae87e6a0f75a13f3e9a7881b33c42ab77680f6d13e99dcc00fa2de5963495,3926078,original,F16,repeat8,6
2,8_16,0.16031797000323422,0.24505523200059542,13cae87e6a0f75a13f3e9a7881b33c42ab77680f6d13e99dcc00fa2de5963495,3926078,original,F16,repeat8,7
2,8_16,0.15727040899946587,0.24191952299588593,13cae87e6a0f75a13f3e9a7881b33c42ab77680f6d13e99dcc00fa2de5963495,3926078,original,F8,repeat8,0
2,8_16,0.15596306899533374,0.24067061000096146,13cae87e6a0f75a13f3e9a7881b33c42ab77680f6d13e99dcc00fa2de5963495,3926078,original,F8,repeat8,1
2,8_16,0.15691679999872576,0.24152554300235352,13cae87e6a0f75a13f3e9a7881b33c42ab77680f6d13e99dcc00fa2de5963495,3926078,original,F8,repeat8,2
2,8_16,0.15686939800070832,0.24188183999649482,13cae87e6a0f75a13f3e9a7881b33c42ab77680f6d13e99dcc00fa2de5963495,3926078,original,F8,repeat8,3
2,8_16,0.15567505700164475,0.2402700989987352,13cae87e6a0f75a13f3e9a7881b33c42ab77680f6d13e99dcc00fa2de5963495,3926078,original,F8,repeat8,4
2,8_16,0.1563579609937733,0.241162799000449,13cae87e6a0f75a13f3e9a7881b33c42ab77680f6d13e99dcc00fa2de5963495,3926078,original,F8,repeat8,5
2,8_16,0.15587468299781904,0.2405873440002324,13cae87e6a0f75a13f3e9a7881b33c42ab77680f6d13e99dcc00fa2de5963495,3926078,original,F8,repeat8,6
2,8_16,0.15802555099799065,0.2429396630031988,13cae87e6a0f75a13f3e9a7881b33c42ab77680f6d13e99dcc00fa2de5963495,3926078,original,F8,repeat8,7
2,8_16,0.1724299979978241,0.25745461499900557,13cae87e6a0f75a13f3e9a7881b33c42ab77680f6d13e99dcc00fa2de5963495,3926078,interleaved,F16,repeat8,0
2,8_16,0.1634122590039624,0.24864994100062177,13cae87e6a0f75a13f3e9a7881b33c42ab77680f6d13e99dcc00fa2de5963495,3926078,interleaved,F16,repeat8,1
2,8_16,0.16293755500373663,0.2478961579981842,13cae87e6a0f75a13f3e9a7881b33c42ab77680f6d13e99dcc00fa2de5963495,3926078,interleaved,F16,repeat8,2
2,8_16,0.16252393299510004,0.24933731400233228,13cae87e6a0f75a13f3e9a7881b33c42ab77680f6d13e99dcc00fa2de5963495,3926078,interleaved,F16,repeat8,3
2,8_16,0.16733985400060192,0.25235716799943475,13cae87e6a0f75a13f3e9a7881b33c42ab77680f6d13e99dcc00fa2de5963495,3926078,interleaved,F16,repeat8,4
2,8_16,0.16290396800468443,0.24834479600394843,13cae87e6a0f75a13f3e9a7881b33c42ab77680f6d13e99dcc00fa2de5963495,3926078,interleaved,F16,repeat8,5
2,8_16,0.1625337799996487,0.24717063800198957,13cae87e6a0f75a13f3e9a7881b33c42ab77680f6d13e99dcc00fa2de5963495,3926078,interleaved,F16,repeat8,6
2,8_16,0.16296838499692967,0.2480533230045694,13cae87e6a0f75a13f3e9a7881b33c42ab77680f6d13e99dcc00fa2de5963495,3926078,interleaved,F16,repeat8,7
2,8_16,0.1646833240010892,0.24973594900075113,13cae87e6a0f75a13f3e9a7881b33c42ab77680f6d13e99dcc00fa2de5963495,3926078,interleaved,F8,repeat8,0
2,8_16,0.15954207899631,0.2442813930028933,13cae87e6a0f75a13f3e9a7881b33c42ab77680f6d13e99dcc00fa2de5963495,3926078,interleaved,F8,repeat8,1
2,8_16,0.1594219990001875,0.24449097300384892,13cae87e6a0f75a13f3e9a7881b33c42ab77680f6d13e99dcc00fa2de5963495,3926078,interleaved,F8,repeat8,2
2,8_16,0.15929539199714782,0.24426324399973964,13cae87e6a0f75a13f3e9a7881b33c42ab77680f6d13e99dcc00fa2de5963495,3926078,interleaved,F8,repeat8,3
2,8_16,0.15964465599972755,0.24486463900393574,13cae87e6a0f75a13f3e9a7881b33c42ab77680f6d13e99dcc00fa2de5963495,3926078,interleaved,F8,repeat8,4
2,8_16,0.15983606100053294,0.24488604200450936,13cae87e6a0f75a13f3e9a7881b33c42ab77680f6d13e99dcc00fa2de5963495,3926078,interleaved,F8,repeat8,5
2,8_16,0.16025055200589122,0.2459736780001549,13cae87e6a0f75a13f3e9a7881b33c42ab77680f6d13e99dcc00fa2de5963495,3926078,interleaved,F8,repeat8,6
2,8_16,0.1596336109942058,0.24446185999840964,13cae87e6a0f75a13f3e9a7881b33c42ab77680f6d13e99dcc00fa2de5963495,3926078,interleaved,F8,repeat8,7
3,16_8,0.6153389899991453,0.7030406060002861,13cae87e6a0f75a13f3e9a7881b33c42ab77680f6d13e99dcc00fa2de5963495,3926078,interleaved,F16,warmup,0
3,16_8,0.1662149789990508,0.25344957200286444,13cae87e6a0f75a13f3e9a7881b33c42ab77680f6d13e99dcc00fa2de5963495,3926078,interleaved,F16,warmup,1
3,16_8,0.16498491299716989,0.253067015997658,13cae87e6a0f75a13f3e9a7881b33c42ab77680f6d13e99dcc00fa2de5963495,3926078,interleaved,F16,retained,0
3,16_8,0.16565216299932217,0.25261925399536267,13cae87e6a0f75a13f3e9a7881b33c42ab77680f6d13e99dcc00fa2de5963495,3926078,interleaved,F16,retained,1
3,16_8,0.16455871300422587,0.2513358910000534,13cae87e6a0f75a13f3e9a7881b33c42ab77680f6d13e99dcc00fa2de5963495,3926078,interleaved,F16,retained,2
3,16_8,0.1655270319970441,0.25245778600219637,13cae87e6a0f75a13f3e9a7881b33c42ab77680f6d13e99dcc00fa2de5963495,3926078,interleaved,F16,retained,3
3,16_8,0.16781479099881835,0.2545999930007383,13cae87e6a0f75a13f3e9a7881b33c42ab77680f6d13e99dcc00fa2de5963495,3926078,interleaved,F16,retained,4
3,16_8,0.16683529000147246,0.2542758350027725,13cae87e6a0f75a13f3e9a7881b33c42ab77680f6d13e99dcc00fa2de5963495,3926078,interleaved,F16,retained,5
3,16_8,0.16498064500046894,0.25141454600088764,13cae87e6a0f75a13f3e9a7881b33c42ab77680f6d13e99dcc00fa2de5963495,3926078,interleaved,F16,retained,6
3,16_8,0.17667916800564853,0.26311695400363533,13cae87e6a0f75a13f3e9a7881b33c42ab77680f6d13e99dcc00fa2de5963495,3926078,interleaved,F8,warmup,0
3,16_8,0.16158387600444257,0.2487880250046146,13cae87e6a0f75a13f3e9a7881b33c42ab77680f6d13e99dcc00fa2de5963495,3926078,interleaved,F8,warmup,1
3,16_8,0.16270423300011316,0.2492150699981721,13cae87e6a0f75a13f3e9a7881b33c42ab77680f6d13e99dcc00fa2de5963495,3926078,interleaved,F8,retained,0
3,16_8,0.16162492999865208,0.24675792599737179,13cae87e6a0f75a13f3e9a7881b33c42ab77680f6d13e99dcc00fa2de5963495,3926078,interleaved,F8,retained,1
3,16_8,0.16063174499868182,0.24605365499883192,13cae87e6a0f75a13f3e9a7881b33c42ab77680f6d13e99dcc00fa2de5963495,3926078,interleaved,F8,retained,2
3,16_8,0.16076884600624908,0.24559193100139964,13cae87e6a0f75a13f3e9a7881b33c42ab77680f6d13e99dcc00fa2de5963495,3926078,interleaved,F8,retained,3
3,16_8,0.16094154099846492,0.24904393500037258,13cae87e6a0f75a13f3e9a7881b33c42ab77680f6d13e99dcc00fa2de5963495,3926078,interleaved,F8,retained,4
3,16_8,0.16409722300159046,0.2515816530067241,13cae87e6a0f75a13f3e9a7881b33c42ab77680f6d13e99dcc00fa2de5963495,3926078,interleaved,F8,retained,5
3,16_8,0.16519435399823124,0.2507611869950779,13cae87e6a0f75a13f3e9a7881b33c42ab77680f6d13e99dcc00fa2de5963495,3926078,interleaved,F8,retained,6
3,16_8,0.16270968900062144,0.24732668999786256,13cae87e6a0f75a13f3e9a7881b33c42ab77680f6d13e99dcc00fa2de5963495,3926078,clustered,F16,warmup,0
3,16_8,0.16178168099577306,0.2467414450002252,13cae87e6a0f75a13f3e9a7881b33c42ab77680f6d13e99dcc00fa2de5963495,3926078,clustered,F16,warmup,1
3,16_8,0.16128991200093878,0.24617486500210362,13cae87e6a0f75a13f3e9a7881b33c42ab77680f6d13e99dcc00fa2de5963495,3926078,clustered,F16,retained,0
3,16_8,0.16173785199498525,0.2467656500011799,13cae87e6a0f75a13f3e9a7881b33c42ab77680f6d13e99dcc00fa2de5963495,3926078,clustered,F16,retained,1
3,16_8,0.1616398520054645,0.24787611100327922,13cae87e6a0f75a13f3e9a7881b33c42ab77680f6d13e99dcc00fa2de5963495,3926078,clustered,F16,retained,2
3,16_8,0.16208950000145705,0.246201886999188,13cae87e6a0f75a13f3e9a7881b33c42ab77680f6d13e99dcc00fa2de5963495,3926078,clustered,F16,retained,3
3,16_8,0.16137400700245053,0.24627560200315202,13cae87e6a0f75a13f3e9a7881b33c42ab77680f6d13e99dcc00fa2de5963495,3926078,clustered,F16,retained,4
3,16_8,0.16096848199958913,0.24599273600324523,13cae87e6a0f75a13f3e9a7881b33c42ab77680f6d13e99dcc00fa2de5963495,3926078,clustered,F16,retained,5
3,16_8,0.16040843200607924,0.24543141899630427,13cae87e6a0f75a13f3e9a7881b33c42ab77680f6d13e99dcc00fa2de5963495,3926078,clustered,F16,retained,6
3,16_8,0.15904451100504957,0.2434677759956685,13cae87e6a0f75a13f3e9a7881b33c42ab77680f6d13e99dcc00fa2de5963495,3926078,clustered,F8,warmup,0
3,16_8,0.1584675080011948,0.2430028430026141,13cae87e6a0f75a13f3e9a7881b33c42ab77680f6d13e99dcc00fa2de5963495,3926078,clustered,F8,warmup,1
3,16_8,0.15884052999899723,0.24370396199810784,13cae87e6a0f75a13f3e9a7881b33c42ab77680f6d13e99dcc00fa2de5963495,3926078,clustered,F8,retained,0
3,16_8,0.1580836389985052,0.24255219999758992,13cae87e6a0f75a13f3e9a7881b33c42ab77680f6d13e99dcc00fa2de5963495,3926078,clustered,F8,retained,1
3,16_8,0.15775388899783138,0.2423576739965938,13cae87e6a0f75a13f3e9a7881b33c42ab77680f6d13e99dcc00fa2de5963495,3926078,clustered,F8,retained,2
3,16_8,0.15811055599624524,0.24270429099851754,13cae87e6a0f75a13f3e9a7881b33c42ab77680f6d13e99dcc00fa2de5963495,3926078,clustered,F8,retained,3
3,16_8,0.15801340900361538,0.24273959099809872,13cae87e6a0f75a13f3e9a7881b33c42ab77680f6d13e99dcc00fa2de5963495,3926078,clustered,F8,retained,4
3,16_8,0.15835980999690946,0.24296108500129776,13cae87e6a0f75a13f3e9a7881b33c42ab77680f6d13e99dcc00fa2de5963495,3926078,clustered,F8,retained,5
3,16_8,0.16114054899662733,0.2458190059987828,13cae87e6a0f75a13f3e9a7881b33c42ab77680f6d13e99dcc00fa2de5963495,3926078,clustered,F8,retained,6
3,16_8,0.1636075799979153,0.25051745200471487,13cae87e6a0f75a13f3e9a7881b33c42ab77680f6d13e99dcc00fa2de5963495,3926078,original,F16,warmup,0
3,16_8,0.15884012799506309,0.24496841299696825,13cae87e6a0f75a13f3e9a7881b33c42ab77680f6d13e99dcc00fa2de5963495,3926078,original,F16,warmup,1
3,16_8,0.16000375000294298,0.24487738499738043,13cae87e6a0f75a13f3e9a7881b33c42ab77680f6d13e99dcc00fa2de5963495,3926078,original,F16,retained,0
3,16_8,0.1627816600012011,0.24877791700419039,13cae87e6a0f75a13f3e9a7881b33c42ab77680f6d13e99dcc00fa2de5963495,3926078,original,F16,retained,1
3,16_8,0.15967374599858886,0.24652500500087626,13cae87e6a0f75a13f3e9a7881b33c42ab77680f6d13e99dcc00fa2de5963495,3926078,original,F16,retained,2
3,16_8,0.1590579699986847,0.24536796099710045,13cae87e6a0f75a13f3e9a7881b33c42ab77680f6d13e99dcc00fa2de5963495,3926078,original,F16,retained,3
3,16_8,0.16226066600211198,0.24785508499917341,13cae87e6a0f75a13f3e9a7881b33c42ab77680f6d13e99dcc00fa2de5963495,3926078,original,F16,retained,4
3,16_8,0.1598762200010242,0.24542065800051205,13cae87e6a0f75a13f3e9a7881b33c42ab77680f6d13e99dcc00fa2de5963495,3926078,original,F16,retained,5
3,16_8,0.1606249980031862,0.2462077699965448,13cae87e6a0f75a13f3e9a7881b33c42ab77680f6d13e99dcc00fa2de5963495,3926078,original,F16,retained,6
3,16_8,0.15636744799849112,0.24186789000668796,13cae87e6a0f75a13f3e9a7881b33c42ab77680f6d13e99dcc00fa2de5963495,3926078,original,F8,warmup,0
3,16_8,0.15652767900610343,0.2423368380041211,13cae87e6a0f75a13f3e9a7881b33c42ab77680f6d13e99dcc00fa2de5963495,3926078,original,F8,warmup,1
3,16_8,0.15702436799620045,0.24168089299928397,13cae87e6a0f75a13f3e9a7881b33c42ab77680f6d13e99dcc00fa2de5963495,3926078,original,F8,retained,0
3,16_8,0.1557853230042383,0.2410639040026581,13cae87e6a0f75a13f3e9a7881b33c42ab77680f6d13e99dcc00fa2de5963495,3926078,original,F8,retained,1
3,16_8,0.15670471100020222,0.24138391499582212,13cae87e6a0f75a13f3e9a7881b33c42ab77680f6d13e99dcc00fa2de5963495,3926078,original,F8,retained,2
3,16_8,0.1553343159976066,0.24061143399740104,13cae87e6a0f75a13f3e9a7881b33c42ab77680f6d13e99dcc00fa2de5963495,3926078,original,F8,retained,3
3,16_8,0.15621676400041906,0.241519020004489,13cae87e6a0f75a13f3e9a7881b33c42ab77680f6d13e99dcc00fa2de5963495,3926078,original,F8,retained,4
3,16_8,0.15675482000369811,0.24296496400347678,13cae87e6a0f75a13f3e9a7881b33c42ab77680f6d13e99dcc00fa2de5963495,3926078,original,F8,retained,5
3,16_8,0.15805891399941174,0.24365246699744603,13cae87e6a0f75a13f3e9a7881b33c42ab77680f6d13e99dcc00fa2de5963495,3926078,original,F8,retained,6
3,16_8,0.15680477299611084,0.24265760400157887,13cae87e6a0f75a13f3e9a7881b33c42ab77680f6d13e99dcc00fa2de5963495,3926078,original,F8,repeat8,0
3,16_8,0.1564496969949687,0.24391017900052248,13cae87e6a0f75a13f3e9a7881b33c42ab77680f6d13e99dcc00fa2de5963495,3926078,original,F8,repeat8,1
3,16_8,0.16131338899867842,0.24597090899624163,13cae87e6a0f75a13f3e9a7881b33c42ab77680f6d13e99dcc00fa2de5963495,3926078,original,F8,repeat8,2
3,16_8,0.15631068700167816,0.24160706200200366,13cae87e6a0f75a13f3e9a7881b33c42ab77680f6d13e99dcc00fa2de5963495,3926078,original,F8,repeat8,3
3,16_8,0.15657530800672248,0.2424314419986331,13cae87e6a0f75a13f3e9a7881b33c42ab77680f6d13e99dcc00fa2de5963495,3926078,original,F8,repeat8,4
3,16_8,0.15729224600363523,0.2426258549967315,13cae87e6a0f75a13f3e9a7881b33c42ab77680f6d13e99dcc00fa2de5963495,3926078,original,F8,repeat8,5
3,16_8,0.15654113699565642,0.2419394500029739,13cae87e6a0f75a13f3e9a7881b33c42ab77680f6d13e99dcc00fa2de5963495,3926078,original,F8,repeat8,6
3,16_8,0.15671750999899814,0.24203301599482074,13cae87e6a0f75a13f3e9a7881b33c42ab77680f6d13e99dcc00fa2de5963495,3926078,original,F8,repeat8,7
3,16_8,0.1608900889987126,0.24621520700020483,13cae87e6a0f75a13f3e9a7881b33c42ab77680f6d13e99dcc00fa2de5963495,3926078,original,F16,repeat8,0
3,16_8,0.1587943060003454,0.24430517900327686,13cae87e6a0f75a13f3e9a7881b33c42ab77680f6d13e99dcc00fa2de5963495,3926078,original,F16,repeat8,1
3,16_8,0.15893650000361959,0.2441066539977328,13cae87e6a0f75a13f3e9a7881b33c42ab77680f6d13e99dcc00fa2de5963495,3926078,original,F16,repeat8,2
3,16_8,0.15962601399951382,0.244729409001593,13cae87e6a0f75a13f3e9a7881b33c42ab77680f6d13e99dcc00fa2de5963495,3926078,original,F16,repeat8,3
3,16_8,0.1600416050059721,0.24554773599811597,13cae87e6a0f75a13f3e9a7881b33c42ab77680f6d13e99dcc00fa2de5963495,3926078,original,F16,repeat8,4
3,16_8,0.15958890799811343,0.2443331489994307,13cae87e6a0f75a13f3e9a7881b33c42ab77680f6d13e99dcc00fa2de5963495,3926078,original,F16,repeat8,5
3,16_8,0.1594713619997492,0.24478823100071168,13cae87e6a0f75a13f3e9a7881b33c42ab77680f6d13e99dcc00fa2de5963495,3926078,original,F16,repeat8,6
3,16_8,0.16059801000665175,0.24526160799723584,13cae87e6a0f75a13f3e9a7881b33c42ab77680f6d13e99dcc00fa2de5963495,3926078,original,F16,repeat8,7
3,16_8,0.15971317900402937,0.243759229000716,13cae87e6a0f75a13f3e9a7881b33c42ab77680f6d13e99dcc00fa2de5963495,3926078,clustered,F8,repeat8,0
3,16_8,0.15906805200211238,0.24287893899600022,13cae87e6a0f75a13f3e9a7881b33c42ab77680f6d13e99dcc00fa2de5963495,3926078,clustered,F8,repeat8,1
3,16_8,0.15692132300318917,0.24167918199964333,13cae87e6a0f75a13f3e9a7881b33c42ab77680f6d13e99dcc00fa2de5963495,3926078,clustered,F8,repeat8,2
3,16_8,0.16025810199789703,0.24583117900328944,13cae87e6a0f75a13f3e9a7881b33c42ab77680f6d13e99dcc00fa2de5963495,3926078,clustered,F8,repeat8,3
3,16_8,0.1588388029995258,0.2437495129997842,13cae87e6a0f75a13f3e9a7881b33c42ab77680f6d13e99dcc00fa2de5963495,3926078,clustered,F8,repeat8,4
3,16_8,0.16004015300131869,0.2446056709959521,13cae87e6a0f75a13f3e9a7881b33c42ab77680f6d13e99dcc00fa2de5963495,3926078,clustered,F8,repeat8,5
3,16_8,0.16011818099650554,0.24418265599524602,13cae87e6a0f75a13f3e9a7881b33c42ab77680f6d13e99dcc00fa2de5963495,3926078,clustered,F8,repeat8,6
3,16_8,0.16017385300074238,0.24448932099767262,13cae87e6a0f75a13f3e9a7881b33c42ab77680f6d13e99dcc00fa2de5963495,3926078,clustered,F8,repeat8,7
3,16_8,0.16154508600448025,0.2473349470019457,13cae87e6a0f75a13f3e9a7881b33c42ab77680f6d13e99dcc00fa2de5963495,3926078,clustered,F16,repeat8,0
3,16_8,0.16192484999919543,0.24645563900412526,13cae87e6a0f75a13f3e9a7881b33c42ab77680f6d13e99dcc00fa2de5963495,3926078,clustered,F16,repeat8,1
3,16_8,0.1627203690004535,0.24751790500158677,13cae87e6a0f75a13f3e9a7881b33c42ab77680f6d13e99dcc00fa2de5963495,3926078,clustered,F16,repeat8,2
3,16_8,0.16205155000352534,0.24658130800526123,13cae87e6a0f75a13f3e9a7881b33c42ab77680f6d13e99dcc00fa2de5963495,3926078,clustered,F16,repeat8,3
3,16_8,0.16111904100398533,0.24644320199877257,13cae87e6a0f75a13f3e9a7881b33c42ab77680f6d13e99dcc00fa2de5963495,3926078,clustered,F16,repeat8,4
3,16_8,0.16156661399872974,0.2460229549978976,13cae87e6a0f75a13f3e9a7881b33c42ab77680f6d13e99dcc00fa2de5963495,3926078,clustered,F16,repeat8,5
3,16_8,0.1643928900011815,0.2501593680062797,13cae87e6a0f75a13f3e9a7881b33c42ab77680f6d13e99dcc00fa2de5963495,3926078,clustered,F16,repeat8,6
3,16_8,0.16661513000144623,0.25115212200034875,13cae87e6a0f75a13f3e9a7881b33c42ab77680f6d13e99dcc00fa2de5963495,3926078,clustered,F16,repeat8,7
3,16_8,0.16067936699982965,0.24578549199941335,13cae87e6a0f75a13f3e9a7881b33c42ab77680f6d13e99dcc00fa2de5963495,3926078,interleaved,F8,repeat8,0
3,16_8,0.15950869899825193,0.25910449599905405,13cae87e6a0f75a13f3e9a7881b33c42ab77680f6d13e99dcc00fa2de5963495,3926078,interleaved,F8,repeat8,1
3,16_8,0.19393002099968726,0.29953017699881457,13cae87e6a0f75a13f3e9a7881b33c42ab77680f6d13e99dcc00fa2de5963495,3926078,interleaved,F8,repeat8,2
3,16_8,0.18286674599949038,0.26686108599824365,13cae87e6a0f75a13f3e9a7881b33c42ab77680f6d13e99dcc00fa2de5963495,3926078,interleaved,F8,repeat8,3
3,16_8,0.18132223499560496,0.2861002669960726,13cae87e6a0f75a13f3e9a7881b33c42ab77680f6d13e99dcc00fa2de5963495,3926078,interleaved,F8,repeat8,4
3,16_8,0.19201340799918398,0.2968790080049075,13cae87e6a0f75a13f3e9a7881b33c42ab77680f6d13e99dcc00fa2de5963495,3926078,interleaved,F8,repeat8,5
3,16_8,0.16061167000589194,0.24611327000457095,13cae87e6a0f75a13f3e9a7881b33c42ab77680f6d13e99dcc00fa2de5963495,3926078,interleaved,F8,repeat8,6
3,16_8,0.16060498399747303,0.2452075210021576,13cae87e6a0f75a13f3e9a7881b33c42ab77680f6d13e99dcc00fa2de5963495,3926078,interleaved,F8,repeat8,7
3,16_8,0.16400739700475242,0.24860305699985474,13cae87e6a0f75a13f3e9a7881b33c42ab77680f6d13e99dcc00fa2de5963495,3926078,interleaved,F16,repeat8,0
3,16_8,0.1641186779961572,0.249322456002119,13cae87e6a0f75a13f3e9a7881b33c42ab77680f6d13e99dcc00fa2de5963495,3926078,interleaved,F16,repeat8,1
3,16_8,0.16285013900051126,0.24730455300596077,13cae87e6a0f75a13f3e9a7881b33c42ab77680f6d13e99dcc00fa2de5963495,3926078,interleaved,F16,repeat8,2
3,16_8,0.16334602500137407,0.24755161999928532,13cae87e6a0f75a13f3e9a7881b33c42ab77680f6d13e99dcc00fa2de5963495,3926078,interleaved,F16,repeat8,3
3,16_8,0.163024242996471,0.24828773600165732,13cae87e6a0f75a13f3e9a7881b33c42ab77680f6d13e99dcc00fa2de5963495,3926078,interleaved,F16,repeat8,4
3,16_8,0.16362730500259204,0.24801351700443774,13cae87e6a0f75a13f3e9a7881b33c42ab77680f6d13e99dcc00fa2de5963495,3926078,interleaved,F16,repeat8,5
3,16_8,0.16270916599751217,0.24721948400110705,13cae87e6a0f75a13f3e9a7881b33c42ab77680f6d13e99dcc00fa2de5963495,3926078,interleaved,F16,repeat8,6
3,16_8,0.1641833229950862,0.24890353999944637,13cae87e6a0f75a13f3e9a7881b33c42ab77680f6d13e99dcc00fa2de5963495,3926078,interleaved,F16,repeat8,7
4,8_16,0.1926607060013339,0.2804359880028642,13cae87e6a0f75a13f3e9a7881b33c42ab77680f6d13e99dcc00fa2de5963495,3926078,original,F8,warmup,0
4,8_16,0.16182893099903595,0.2472203069992247,13cae87e6a0f75a13f3e9a7881b33c42ab77680f6d13e99dcc00fa2de5963495,3926078,original,F8,warmup,1
4,8_16,0.15626382500340696,0.24158729900227627,13cae87e6a0f75a13f3e9a7881b33c42ab77680f6d13e99dcc00fa2de5963495,3926078,original,F8,retained,0
4,8_16,0.1575009649968706,0.24215978799475124,13cae87e6a0f75a13f3e9a7881b33c42ab77680f6d13e99dcc00fa2de5963495,3926078,original,F8,retained,1
4,8_16,0.1575490860050195,0.24475498700485332,13cae87e6a0f75a13f3e9a7881b33c42ab77680f6d13e99dcc00fa2de5963495,3926078,original,F8,retained,2
4,8_16,0.15571685799659463,0.24046574900421547,13cae87e6a0f75a13f3e9a7881b33c42ab77680f6d13e99dcc00fa2de5963495,3926078,original,F8,retained,3
4,8_16,0.1551212759950431,0.23955992300034268,13cae87e6a0f75a13f3e9a7881b33c42ab77680f6d13e99dcc00fa2de5963495,3926078,original,F8,retained,4
4,8_16,0.15536896699632052,0.24007037800038233,13cae87e6a0f75a13f3e9a7881b33c42ab77680f6d13e99dcc00fa2de5963495,3926078,original,F8,retained,5
4,8_16,0.1558107029995881,0.24094103399693267,13cae87e6a0f75a13f3e9a7881b33c42ab77680f6d13e99dcc00fa2de5963495,3926078,original,F8,retained,6
4,8_16,0.5906429149981705,0.6753049769977224,13cae87e6a0f75a13f3e9a7881b33c42ab77680f6d13e99dcc00fa2de5963495,3926078,original,F16,warmup,0
4,8_16,0.16230486299900804,0.24725598200166132,13cae87e6a0f75a13f3e9a7881b33c42ab77680f6d13e99dcc00fa2de5963495,3926078,original,F16,warmup,1
4,8_16,0.1601836469999398,0.24471448399708606,13cae87e6a0f75a13f3e9a7881b33c42ab77680f6d13e99dcc00fa2de5963495,3926078,original,F16,retained,0
4,8_16,0.1585261470027035,0.24310523200256284,13cae87e6a0f75a13f3e9a7881b33c42ab77680f6d13e99dcc00fa2de5963495,3926078,original,F16,retained,1
4,8_16,0.15871718599373708,0.24348706899763783,13cae87e6a0f75a13f3e9a7881b33c42ab77680f6d13e99dcc00fa2de5963495,3926078,original,F16,retained,2
4,8_16,0.15958206499635708,0.24414014899957692,13cae87e6a0f75a13f3e9a7881b33c42ab77680f6d13e99dcc00fa2de5963495,3926078,original,F16,retained,3
4,8_16,0.16390578699792968,0.24900111799797742,13cae87e6a0f75a13f3e9a7881b33c42ab77680f6d13e99dcc00fa2de5963495,3926078,original,F16,retained,4
4,8_16,0.1606113119996735,0.24517537799692946,13cae87e6a0f75a13f3e9a7881b33c42ab77680f6d13e99dcc00fa2de5963495,3926078,original,F16,retained,5
4,8_16,0.15898478100280045,0.24391611999453744,13cae87e6a0f75a13f3e9a7881b33c42ab77680f6d13e99dcc00fa2de5963495,3926078,original,F16,retained,6
4,8_16,0.15952833600022132,0.24482889300270472,13cae87e6a0f75a13f3e9a7881b33c42ab77680f6d13e99dcc00fa2de5963495,3926078,interleaved,F8,warmup,0
4,8_16,0.15835099900141358,0.24505253000097582,13cae87e6a0f75a13f3e9a7881b33c42ab77680f6d13e99dcc00fa2de5963495,3926078,interleaved,F8,warmup,1
4,8_16,0.1611498079946614,0.24631940099789063,13cae87e6a0f75a13f3e9a7881b33c42ab77680f6d13e99dcc00fa2de5963495,3926078,interleaved,F8,retained,0
4,8_16,0.16126773400173988,0.24722702599683544,13cae87e6a0f75a13f3e9a7881b33c42ab77680f6d13e99dcc00fa2de5963495,3926078,interleaved,F8,retained,1
4,8_16,0.16102597500139382,0.24620521099859616,13cae87e6a0f75a13f3e9a7881b33c42ab77680f6d13e99dcc00fa2de5963495,3926078,interleaved,F8,retained,2
4,8_16,0.1617384490018594,0.24695690200314857,13cae87e6a0f75a13f3e9a7881b33c42ab77680f6d13e99dcc00fa2de5963495,3926078,interleaved,F8,retained,3
4,8_16,0.16084868599864421,0.24627043400687398,13cae87e6a0f75a13f3e9a7881b33c42ab77680f6d13e99dcc00fa2de5963495,3926078,interleaved,F8,retained,4
4,8_16,0.1633258450019639,0.24893179700302426,13cae87e6a0f75a13f3e9a7881b33c42ab77680f6d13e99dcc00fa2de5963495,3926078,interleaved,F8,retained,5
4,8_16,0.16426143400167348,0.2493243569988408,13cae87e6a0f75a13f3e9a7881b33c42ab77680f6d13e99dcc00fa2de5963495,3926078,interleaved,F8,retained,6
4,8_16,0.16407374999835156,0.24933569400309352,13cae87e6a0f75a13f3e9a7881b33c42ab77680f6d13e99dcc00fa2de5963495,3926078,interleaved,F16,warmup,0
4,8_16,0.16377182999713114,0.24955145599960815,13cae87e6a0f75a13f3e9a7881b33c42ab77680f6d13e99dcc00fa2de5963495,3926078,interleaved,F16,warmup,1
4,8_16,0.1640310440052417,0.24942169100540923,13cae87e6a0f75a13f3e9a7881b33c42ab77680f6d13e99dcc00fa2de5963495,3926078,interleaved,F16,retained,0
4,8_16,0.16399118199478835,0.2491091999982018,13cae87e6a0f75a13f3e9a7881b33c42ab77680f6d13e99dcc00fa2de5963495,3926078,interleaved,F16,retained,1
4,8_16,0.16526644500117982,0.2506258549983613,13cae87e6a0f75a13f3e9a7881b33c42ab77680f6d13e99dcc00fa2de5963495,3926078,interleaved,F16,retained,2
4,8_16,0.1638423319964204,0.24890770499769133,13cae87e6a0f75a13f3e9a7881b33c42ab77680f6d13e99dcc00fa2de5963495,3926078,interleaved,F16,retained,3
4,8_16,0.16400124299980234,0.24934064200351713,13cae87e6a0f75a13f3e9a7881b33c42ab77680f6d13e99dcc00fa2de5963495,3926078,interleaved,F16,retained,4
4,8_16,0.16379934900032822,0.24891976000071736,13cae87e6a0f75a13f3e9a7881b33c42ab77680f6d13e99dcc00fa2de5963495,3926078,interleaved,F16,retained,5
4,8_16,0.16415835600491846,0.2493275199958589,13cae87e6a0f75a13f3e9a7881b33c42ab77680f6d13e99dcc00fa2de5963495,3926078,interleaved,F16,retained,6
4,8_16,0.16044938399863895,0.24576477200025693,13cae87e6a0f75a13f3e9a7881b33c42ab77680f6d13e99dcc00fa2de5963495,3926078,clustered,F8,warmup,0
4,8_16,0.15935095000168076,0.24452084500080673,13cae87e6a0f75a13f3e9a7881b33c42ab77680f6d13e99dcc00fa2de5963495,3926078,clustered,F8,warmup,1
4,8_16,0.15800104499794543,0.24277396999968914,13cae87e6a0f75a13f3e9a7881b33c42ab77680f6d13e99dcc00fa2de5963495,3926078,clustered,F8,retained,0
4,8_16,0.15814014499483164,0.24299013199924957,13cae87e6a0f75a13f3e9a7881b33c42ab77680f6d13e99dcc00fa2de5963495,3926078,clustered,F8,retained,1
4,8_16,0.1579185980008333,0.2428199370042421,13cae87e6a0f75a13f3e9a7881b33c42ab77680f6d13e99dcc00fa2de5963495,3926078,clustered,F8,retained,2
4,8_16,0.15826099600235466,0.24309618999541271,13cae87e6a0f75a13f3e9a7881b33c42ab77680f6d13e99dcc00fa2de5963495,3926078,clustered,F8,retained,3
4,8_16,0.15812141600326868,0.24314432500250405,13cae87e6a0f75a13f3e9a7881b33c42ab77680f6d13e99dcc00fa2de5963495,3926078,clustered,F8,retained,4
4,8_16,0.15857869799947366,0.24329467400093563,13cae87e6a0f75a13f3e9a7881b33c42ab77680f6d13e99dcc00fa2de5963495,3926078,clustered,F8,retained,5
4,8_16,0.16151890600303886,0.24681065200275043,13cae87e6a0f75a13f3e9a7881b33c42ab77680f6d13e99dcc00fa2de5963495,3926078,clustered,F8,retained,6
4,8_16,0.16290046100039035,0.2483076770004118,13cae87e6a0f75a13f3e9a7881b33c42ab77680f6d13e99dcc00fa2de5963495,3926078,clustered,F16,warmup,0
4,8_16,0.16184643599990522,0.24681330200110096,13cae87e6a0f75a13f3e9a7881b33c42ab77680f6d13e99dcc00fa2de5963495,3926078,clustered,F16,warmup,1
4,8_16,0.1628351230028784,0.24814458200125955,13cae87e6a0f75a13f3e9a7881b33c42ab77680f6d13e99dcc00fa2de5963495,3926078,clustered,F16,retained,0
4,8_16,0.16196115699858638,0.24694501899648458,13cae87e6a0f75a13f3e9a7881b33c42ab77680f6d13e99dcc00fa2de5963495,3926078,clustered,F16,retained,1
4,8_16,0.16295168199576437,0.2480591550047393,13cae87e6a0f75a13f3e9a7881b33c42ab77680f6d13e99dcc00fa2de5963495,3926078,clustered,F16,retained,2
4,8_16,0.16336425299959956,0.24848329400265357,13cae87e6a0f75a13f3e9a7881b33c42ab77680f6d13e99dcc00fa2de5963495,3926078,clustered,F16,retained,3
4,8_16,0.1615748740005074,0.24682040799962124,13cae87e6a0f75a13f3e9a7881b33c42ab77680f6d13e99dcc00fa2de5963495,3926078,clustered,F16,retained,4
4,8_16,0.16139777899661567,0.24614203199598705,13cae87e6a0f75a13f3e9a7881b33c42ab77680f6d13e99dcc00fa2de5963495,3926078,clustered,F16,retained,5
4,8_16,0.16097168299893383,0.24583372199413134,13cae87e6a0f75a13f3e9a7881b33c42ab77680f6d13e99dcc00fa2de5963495,3926078,clustered,F16,retained,6
4,8_16,0.16096730299614137,0.24591062200488523,13cae87e6a0f75a13f3e9a7881b33c42ab77680f6d13e99dcc00fa2de5963495,3926078,clustered,F16,repeat8,0
4,8_16,0.16270923200499965,0.24785011499625398,13cae87e6a0f75a13f3e9a7881b33c42ab77680f6d13e99dcc00fa2de5963495,3926078,clustered,F16,repeat8,1
4,8_16,0.16213428400078556,0.24712948300293647,13cae87e6a0f75a13f3e9a7881b33c42ab77680f6d13e99dcc00fa2de5963495,3926078,clustered,F16,repeat8,2
4,8_16,0.1621402900054818,0.24728353699902073,13cae87e6a0f75a13f3e9a7881b33c42ab77680f6d13e99dcc00fa2de5963495,3926078,clustered,F16,repeat8,3
4,8_16,0.1607039340015035,0.24548926100396784,13cae87e6a0f75a13f3e9a7881b33c42ab77680f6d13e99dcc00fa2de5963495,3926078,clustered,F16,repeat8,4
4,8_16,0.16131660500104772,0.24635255100292852,13cae87e6a0f75a13f3e9a7881b33c42ab77680f6d13e99dcc00fa2de5963495,3926078,clustered,F16,repeat8,5
4,8_16,0.16043402300419984,0.24519818399858195,13cae87e6a0f75a13f3e9a7881b33c42ab77680f6d13e99dcc00fa2de5963495,3926078,clustered,F16,repeat8,6
4,8_16,0.16073336700355867,0.2458252159995027,13cae87e6a0f75a13f3e9a7881b33c42ab77680f6d13e99dcc00fa2de5963495,3926078,clustered,F16,repeat8,7
4,8_16,0.15977479399589356,0.24475969099876238,13cae87e6a0f75a13f3e9a7881b33c42ab77680f6d13e99dcc00fa2de5963495,3926078,clustered,F8,repeat8,0
4,8_16,0.15952099899732275,0.24482567700033542,13cae87e6a0f75a13f3e9a7881b33c42ab77680f6d13e99dcc00fa2de5963495,3926078,clustered,F8,repeat8,1
4,8_16,0.15991887400014093,0.24503114700200967,13cae87e6a0f75a13f3e9a7881b33c42ab77680f6d13e99dcc00fa2de5963495,3926078,clustered,F8,repeat8,2
4,8_16,0.15940871900238562,0.24453236300178105,13cae87e6a0f75a13f3e9a7881b33c42ab77680f6d13e99dcc00fa2de5963495,3926078,clustered,F8,repeat8,3
4,8_16,0.15944482700433582,0.24469041699921945,13cae87e6a0f75a13f3e9a7881b33c42ab77680f6d13e99dcc00fa2de5963495,3926078,clustered,F8,repeat8,4
4,8_16,0.15931654500309378,0.24438278199522756,13cae87e6a0f75a13f3e9a7881b33c42ab77680f6d13e99dcc00fa2de5963495,3926078,clustered,F8,repeat8,5
4,8_16,0.15918415499618277,0.2443669550048071,13cae87e6a0f75a13f3e9a7881b33c42ab77680f6d13e99dcc00fa2de5963495,3926078,clustered,F8,repeat8,6
4,8_16,0.16239106700231787,0.24798123499931535,13cae87e6a0f75a13f3e9a7881b33c42ab77680f6d13e99dcc00fa2de5963495,3926078,clustered,F8,repeat8,7
4,8_16,0.1640622590057319,0.24926144600613043,13cae87e6a0f75a13f3e9a7881b33c42ab77680f6d13e99dcc00fa2de5963495,3926078,interleaved,F16,repeat8,0
4,8_16,0.1643187330046203,0.24958471699937945,13cae87e6a0f75a13f3e9a7881b33c42ab77680f6d13e99dcc00fa2de5963495,3926078,interleaved,F16,repeat8,1
4,8_16,0.16480831999797374,0.24986616800015327,13cae87e6a0f75a13f3e9a7881b33c42ab77680f6d13e99dcc00fa2de5963495,3926078,interleaved,F16,repeat8,2
4,8_16,0.16424683300283505,0.24956380300136516,13cae87e6a0f75a13f3e9a7881b33c42ab77680f6d13e99dcc00fa2de5963495,3926078,interleaved,F16,repeat8,3
4,8_16,0.16400873199745547,0.24917278200155124,13cae87e6a0f75a13f3e9a7881b33c42ab77680f6d13e99dcc00fa2de5963495,3926078,interleaved,F16,repeat8,4
4,8_16,0.1642564800058608,0.25003114200080745,13cae87e6a0f75a13f3e9a7881b33c42ab77680f6d13e99dcc00fa2de5963495,3926078,interleaved,F16,repeat8,5
4,8_16,0.1644148990017129,0.24936449899541913,13cae87e6a0f75a13f3e9a7881b33c42ab77680f6d13e99dcc00fa2de5963495,3926078,interleaved,F16,repeat8,6
4,8_16,0.16409055599797284,0.24960633499722462,13cae87e6a0f75a13f3e9a7881b33c42ab77680f6d13e99dcc00fa2de5963495,3926078,interleaved,F16,repeat8,7
4,8_16,0.16225161899637897,0.24732172900257865,13cae87e6a0f75a13f3e9a7881b33c42ab77680f6d13e99dcc00fa2de5963495,3926078,interleaved,F8,repeat8,0
4,8_16,0.16166746000089915,0.2470545860051061,13cae87e6a0f75a13f3e9a7881b33c42ab77680f6d13e99dcc00fa2de5963495,3926078,interleaved,F8,repeat8,1
4,8_16,0.1613479199950234,0.24654696299694479,13cae87e6a0f75a13f3e9a7881b33c42ab77680f6d13e99dcc00fa2de5963495,3926078,interleaved,F8,repeat8,2
4,8_16,0.1611460510030156,0.2465737650054507,13cae87e6a0f75a13f3e9a7881b33c42ab77680f6d13e99dcc00fa2de5963495,3926078,interleaved,F8,repeat8,3
4,8_16,0.16106670499721076,0.24626902700401843,13cae87e6a0f75a13f3e9a7881b33c42ab77680f6d13e99dcc00fa2de5963495,3926078,interleaved,F8,repeat8,4
4,8_16,0.16139445199951297,0.24664323599427007,13cae87e6a0f75a13f3e9a7881b33c42ab77680f6d13e99dcc00fa2de5963495,3926078,interleaved,F8,repeat8,5
4,8_16,0.16097941000043647,0.24601348100259202,13cae87e6a0f75a13f3e9a7881b33c42ab77680f6d13e99dcc00fa2de5963495,3926078,interleaved,F8,repeat8,6
4,8_16,0.16119573499599937,0.24643393499718513,13cae87e6a0f75a13f3e9a7881b33c42ab77680f6d13e99dcc00fa2de5963495,3926078,interleaved,F8,repeat8,7
4,8_16,0.16113095000036992,0.2461874180007726,13cae87e6a0f75a13f3e9a7881b33c42ab77680f6d13e99dcc00fa2de5963495,3926078,original,F16,repeat8,0
4,8_16,0.1582244110031752,0.24410505400010152,13cae87e6a0f75a13f3e9a7881b33c42ab77680f6d13e99dcc00fa2de5963495,3926078,original,F16,repeat8,1
4,8_16,0.1575885259953793,0.2431926069984911,13cae87e6a0f75a13f3e9a7881b33c42ab77680f6d13e99dcc00fa2de5963495,3926078,original,F16,repeat8,2
4,8_16,0.1585823409986915,0.24266803199861897,13cae87e6a0f75a13f3e9a7881b33c42ab77680f6d13e99dcc00fa2de5963495,3926078,original,F16,repeat8,3
4,8_16,0.15810051299922634,0.24184869999589864,13cae87e6a0f75a13f3e9a7881b33c42ab77680f6d13e99dcc00fa2de5963495,3926078,original,F16,repeat8,4
4,8_16,0.1583606569984113,0.2424805810005637,13cae87e6a0f75a13f3e9a7881b33c42ab77680f6d13e99dcc00fa2de5963495,3926078,original,F16,repeat8,5
4,8_16,0.15796751800371567,0.24222377000114648,13cae87e6a0f75a13f3e9a7881b33c42ab77680f6d13e99dcc00fa2de5963495,3926078,original,F16,repeat8,6
4,8_16,0.16148127099586418,0.24632256400218466,13cae87e6a0f75a13f3e9a7881b33c42ab77680f6d13e99dcc00fa2de5963495,3926078,original,F16,repeat8,7
4,8_16,0.15808332899905508,0.24253103099908913,13cae87e6a0f75a13f3e9a7881b33c42ab77680f6d13e99dcc00fa2de5963495,3926078,original,F8,repeat8,0
4,8_16,0.15843716800009133,0.24328837299981387,13cae87e6a0f75a13f3e9a7881b33c42ab77680f6d13e99dcc00fa2de5963495,3926078,original,F8,repeat8,1
4,8_16,0.15829781400680076,0.24291491199983284,13cae87e6a0f75a13f3e9a7881b33c42ab77680f6d13e99dcc00fa2de5963495,3926078,original,F8,repeat8,2
4,8_16,0.15813884099770803,0.24310749199503334,13cae87e6a0f75a13f3e9a7881b33c42ab77680f6d13e99dcc00fa2de5963495,3926078,original,F8,repeat8,3
4,8_16,0.1582398460013792,0.24332253399916226,13cae87e6a0f75a13f3e9a7881b33c42ab77680f6d13e99dcc00fa2de5963495,3926078,original,F8,repeat8,4
4,8_16,0.15793961800227407,0.24249623099603923,13cae87e6a0f75a13f3e9a7881b33c42ab77680f6d13e99dcc00fa2de5963495,3926078,original,F8,repeat8,5
4,8_16,0.15792973000498023,0.24288030000025174,13cae87e6a0f75a13f3e9a7881b33c42ab77680f6d13e99dcc00fa2de5963495,3926078,original,F8,repeat8,6
4,8_16,0.15816533099859953,0.2433823579995078,13cae87e6a0f75a13f3e9a7881b33c42ab77680f6d13e99dcc00fa2de5963495,3926078,original,F8,repeat8,7
5,16_8,0.6143099719993188,0.701864532995387,13cae87e6a0f75a13f3e9a7881b33c42ab77680f6d13e99dcc00fa2de5963495,3926078,clustered,F16,warmup,0
5,16_8,0.16485533800005214,0.251930888996867,13cae87e6a0f75a13f3e9a7881b33c42ab77680f6d13e99dcc00fa2de5963495,3926078,clustered,F16,warmup,1
5,16_8,0.1638459459936712,0.25239872300153365,13cae87e6a0f75a13f3e9a7881b33c42ab77680f6d13e99dcc00fa2de5963495,3926078,clustered,F16,retained,0
5,16_8,0.16453206600272097,0.25163897599850316,13cae87e6a0f75a13f3e9a7881b33c42ab77680f6d13e99dcc00fa2de5963495,3926078,clustered,F16,retained,1
5,16_8,0.16397345699806465,0.2496013049967587,13cae87e6a0f75a13f3e9a7881b33c42ab77680f6d13e99dcc00fa2de5963495,3926078,clustered,F16,retained,2
5,16_8,0.16199677899567178,0.2473252939962549,13cae87e6a0f75a13f3e9a7881b33c42ab77680f6d13e99dcc00fa2de5963495,3926078,clustered,F16,retained,3
5,16_8,0.16510912800004007,0.25335859500046354,13cae87e6a0f75a13f3e9a7881b33c42ab77680f6d13e99dcc00fa2de5963495,3926078,clustered,F16,retained,4
5,16_8,0.16551267499744426,0.25122526199993445,13cae87e6a0f75a13f3e9a7881b33c42ab77680f6d13e99dcc00fa2de5963495,3926078,clustered,F16,retained,5
5,16_8,0.16129917399666738,0.2471635050023906,13cae87e6a0f75a13f3e9a7881b33c42ab77680f6d13e99dcc00fa2de5963495,3926078,clustered,F16,retained,6
5,16_8,0.17199436800001422,0.2588989629948628,13cae87e6a0f75a13f3e9a7881b33c42ab77680f6d13e99dcc00fa2de5963495,3926078,clustered,F8,warmup,0
5,16_8,0.16130864499427844,0.245970194999245,13cae87e6a0f75a13f3e9a7881b33c42ab77680f6d13e99dcc00fa2de5963495,3926078,clustered,F8,warmup,1
5,16_8,0.16124296799534932,0.24528285899577895,13cae87e6a0f75a13f3e9a7881b33c42ab77680f6d13e99dcc00fa2de5963495,3926078,clustered,F8,retained,0
5,16_8,0.1589325929962797,0.24331125000026077,13cae87e6a0f75a13f3e9a7881b33c42ab77680f6d13e99dcc00fa2de5963495,3926078,clustered,F8,retained,1
5,16_8,0.1585914640018018,0.2429423270004918,13cae87e6a0f75a13f3e9a7881b33c42ab77680f6d13e99dcc00fa2de5963495,3926078,clustered,F8,retained,2
5,16_8,0.15829630000371253,0.24254304700298235,13cae87e6a0f75a13f3e9a7881b33c42ab77680f6d13e99dcc00fa2de5963495,3926078,clustered,F8,retained,3
5,16_8,0.15826504399592523,0.24234765699657146,13cae87e6a0f75a13f3e9a7881b33c42ab77680f6d13e99dcc00fa2de5963495,3926078,clustered,F8,retained,4
5,16_8,0.15943208899989258,0.24354410999512766,13cae87e6a0f75a13f3e9a7881b33c42ab77680f6d13e99dcc00fa2de5963495,3926078,clustered,F8,retained,5
5,16_8,0.16098334699927364,0.24599523899814812,13cae87e6a0f75a13f3e9a7881b33c42ab77680f6d13e99dcc00fa2de5963495,3926078,clustered,F8,retained,6
5,16_8,0.1632421210015309,0.24788854500366142,13cae87e6a0f75a13f3e9a7881b33c42ab77680f6d13e99dcc00fa2de5963495,3926078,original,F16,warmup,0
5,16_8,0.15911955100455089,0.24365203000343172,13cae87e6a0f75a13f3e9a7881b33c42ab77680f6d13e99dcc00fa2de5963495,3926078,original,F16,warmup,1
5,16_8,0.1595284970026114,0.24474705300235655,13cae87e6a0f75a13f3e9a7881b33c42ab77680f6d13e99dcc00fa2de5963495,3926078,original,F16,retained,0
5,16_8,0.15682692000700627,0.24186443800135748,13cae87e6a0f75a13f3e9a7881b33c42ab77680f6d13e99dcc00fa2de5963495,3926078,original,F16,retained,1
5,16_8,0.15867721399990842,0.24426759900234174,13cae87e6a0f75a13f3e9a7881b33c42ab77680f6d13e99dcc00fa2de5963495,3926078,original,F16,retained,2
5,16_8,0.15891886700410396,0.24444115100050112,13cae87e6a0f75a13f3e9a7881b33c42ab77680f6d13e99dcc00fa2de5963495,3926078,original,F16,retained,3
5,16_8,0.15971997899760026,0.2447344800020801,13cae87e6a0f75a13f3e9a7881b33c42ab77680f6d13e99dcc00fa2de5963495,3926078,original,F16,retained,4
5,16_8,0.15856312399409944,0.24360708799940767,13cae87e6a0f75a13f3e9a7881b33c42ab77680f6d13e99dcc00fa2de5963495,3926078,original,F16,retained,5
5,16_8,0.15820144699682714,0.24296645700087538,13cae87e6a0f75a13f3e9a7881b33c42ab77680f6d13e99dcc00fa2de5963495,3926078,original,F16,retained,6
5,16_8,0.15615791799791623,0.24109499900077935,13cae87e6a0f75a13f3e9a7881b33c42ab77680f6d13e99dcc00fa2de5963495,3926078,original,F8,warmup,0
5,16_8,0.15612171300017508,0.24102745699929073,13cae87e6a0f75a13f3e9a7881b33c42ab77680f6d13e99dcc00fa2de5963495,3926078,original,F8,warmup,1
5,16_8,0.15610998600459425,0.24087996099842712,13cae87e6a0f75a13f3e9a7881b33c42ab77680f6d13e99dcc00fa2de5963495,3926078,original,F8,retained,0
5,16_8,0.15672168500168482,0.24138455300271744,13cae87e6a0f75a13f3e9a7881b33c42ab77680f6d13e99dcc00fa2de5963495,3926078,original,F8,retained,1
5,16_8,0.15581932199711446,0.2411061829989194,13cae87e6a0f75a13f3e9a7881b33c42ab77680f6d13e99dcc00fa2de5963495,3926078,original,F8,retained,2
5,16_8,0.15574384100182215,0.24057006800285308,13cae87e6a0f75a13f3e9a7881b33c42ab77680f6d13e99dcc00fa2de5963495,3926078,original,F8,retained,3
5,16_8,0.15586966399860103,0.24073229799978435,13cae87e6a0f75a13f3e9a7881b33c42ab77680f6d13e99dcc00fa2de5963495,3926078,original,F8,retained,4
5,16_8,0.15600234999874374,0.24072382300073514,13cae87e6a0f75a13f3e9a7881b33c42ab77680f6d13e99dcc00fa2de5963495,3926078,original,F8,retained,5
5,16_8,0.1563283709983807,0.24114418499812018,13cae87e6a0f75a13f3e9a7881b33c42ab77680f6d13e99dcc00fa2de5963495,3926078,original,F8,retained,6
5,16_8,0.1629177839931799,0.247064715003944,13cae87e6a0f75a13f3e9a7881b33c42ab77680f6d13e99dcc00fa2de5963495,3926078,interleaved,F16,warmup,0
5,16_8,0.16261060900433222,0.24715819799894234,13cae87e6a0f75a13f3e9a7881b33c42ab77680f6d13e99dcc00fa2de5963495,3926078,interleaved,F16,warmup,1
5,16_8,0.16812718399887672,0.2523519820024376,13cae87e6a0f75a13f3e9a7881b33c42ab77680f6d13e99dcc00fa2de5963495,3926078,interleaved,F16,retained,0
5,16_8,0.16367486799572362,0.24794105399632826,13cae87e6a0f75a13f3e9a7881b33c42ab77680f6d13e99dcc00fa2de5963495,3926078,interleaved,F16,retained,1
5,16_8,0.1624136480022571,0.24688959200284444,13cae87e6a0f75a13f3e9a7881b33c42ab77680f6d13e99dcc00fa2de5963495,3926078,interleaved,F16,retained,2
5,16_8,0.1622170560003724,0.24639499899785733,13cae87e6a0f75a13f3e9a7881b33c42ab77680f6d13e99dcc00fa2de5963495,3926078,interleaved,F16,retained,3
5,16_8,0.16310426100244513,0.24777198099764064,13cae87e6a0f75a13f3e9a7881b33c42ab77680f6d13e99dcc00fa2de5963495,3926078,interleaved,F16,retained,4
5,16_8,0.16213421800057404,0.2463197820034111,13cae87e6a0f75a13f3e9a7881b33c42ab77680f6d13e99dcc00fa2de5963495,3926078,interleaved,F16,retained,5
5,16_8,0.16245955700287595,0.24667343200417235,13cae87e6a0f75a13f3e9a7881b33c42ab77680f6d13e99dcc00fa2de5963495,3926078,interleaved,F16,retained,6
5,16_8,0.15994137300003786,0.2438927310067811,13cae87e6a0f75a13f3e9a7881b33c42ab77680f6d13e99dcc00fa2de5963495,3926078,interleaved,F8,warmup,0
5,16_8,0.16033100400090916,0.24459360399487196,13cae87e6a0f75a13f3e9a7881b33c42ab77680f6d13e99dcc00fa2de5963495,3926078,interleaved,F8,warmup,1
5,16_8,0.16435930199804716,0.24899273800110677,13cae87e6a0f75a13f3e9a7881b33c42ab77680f6d13e99dcc00fa2de5963495,3926078,interleaved,F8,retained,0
5,16_8,0.15952794299664674,0.24359858900425024,13cae87e6a0f75a13f3e9a7881b33c42ab77680f6d13e99dcc00fa2de5963495,3926078,interleaved,F8,retained,1
5,16_8,0.15943610899557825,0.24414353299653158,13cae87e6a0f75a13f3e9a7881b33c42ab77680f6d13e99dcc00fa2de5963495,3926078,interleaved,F8,retained,2
5,16_8,0.15972554800100625,0.24380636400019284,13cae87e6a0f75a13f3e9a7881b33c42ab77680f6d13e99dcc00fa2de5963495,3926078,interleaved,F8,retained,3
5,16_8,0.15978619599627564,0.24450433899619384,13cae87e6a0f75a13f3e9a7881b33c42ab77680f6d13e99dcc00fa2de5963495,3926078,interleaved,F8,retained,4
5,16_8,0.15999083100177813,0.24391670800105203,13cae87e6a0f75a13f3e9a7881b33c42ab77680f6d13e99dcc00fa2de5963495,3926078,interleaved,F8,retained,5
5,16_8,0.15955045000009704,0.24376782499894034,13cae87e6a0f75a13f3e9a7881b33c42ab77680f6d13e99dcc00fa2de5963495,3926078,interleaved,F8,retained,6
5,16_8,0.15937325199774932,0.2436552250001114,13cae87e6a0f75a13f3e9a7881b33c42ab77680f6d13e99dcc00fa2de5963495,3926078,interleaved,F8,repeat8,0
5,16_8,0.15987461699842243,0.24394980000215583,13cae87e6a0f75a13f3e9a7881b33c42ab77680f6d13e99dcc00fa2de5963495,3926078,interleaved,F8,repeat8,1
5,16_8,0.15958298800251214,0.24356907900073566,13cae87e6a0f75a13f3e9a7881b33c42ab77680f6d13e99dcc00fa2de5963495,3926078,interleaved,F8,repeat8,2
5,16_8,0.1908862050040625,0.29490989599435125,13cae87e6a0f75a13f3e9a7881b33c42ab77680f6d13e99dcc00fa2de5963495,3926078,interleaved,F8,repeat8,3
5,16_8,0.1895778899997822,0.2846511370007647,13cae87e6a0f75a13f3e9a7881b33c42ab77680f6d13e99dcc00fa2de5963495,3926078,interleaved,F8,repeat8,4
5,16_8,0.159810616998584,0.2436885520000942,13cae87e6a0f75a13f3e9a7881b33c42ab77680f6d13e99dcc00fa2de5963495,3926078,interleaved,F8,repeat8,5
5,16_8,0.1594998750006198,0.24352385199745186,13cae87e6a0f75a13f3e9a7881b33c42ab77680f6d13e99dcc00fa2de5963495,3926078,interleaved,F8,repeat8,6
5,16_8,0.15947076799784554,0.24373092399764573,13cae87e6a0f75a13f3e9a7881b33c42ab77680f6d13e99dcc00fa2de5963495,3926078,interleaved,F8,repeat8,7
5,16_8,0.1622465629989165,0.2463369050019537,13cae87e6a0f75a13f3e9a7881b33c42ab77680f6d13e99dcc00fa2de5963495,3926078,interleaved,F16,repeat8,0
5,16_8,0.16254251899954397,0.2469711220037425,13cae87e6a0f75a13f3e9a7881b33c42ab77680f6d13e99dcc00fa2de5963495,3926078,interleaved,F16,repeat8,1
5,16_8,0.16316542300046422,0.2475409109974862,13cae87e6a0f75a13f3e9a7881b33c42ab77680f6d13e99dcc00fa2de5963495,3926078,interleaved,F16,repeat8,2
5,16_8,0.162099171000591,0.24630432400590507,13cae87e6a0f75a13f3e9a7881b33c42ab77680f6d13e99dcc00fa2de5963495,3926078,interleaved,F16,repeat8,3
5,16_8,0.16195577700273134,0.2462904050044017,13cae87e6a0f75a13f3e9a7881b33c42ab77680f6d13e99dcc00fa2de5963495,3926078,interleaved,F16,repeat8,4
5,16_8,0.16204749499593163,0.24604770299629308,13cae87e6a0f75a13f3e9a7881b33c42ab77680f6d13e99dcc00fa2de5963495,3926078,interleaved,F16,repeat8,5
5,16_8,0.16225156799919205,0.246439720998751,13cae87e6a0f75a13f3e9a7881b33c42ab77680f6d13e99dcc00fa2de5963495,3926078,interleaved,F16,repeat8,6
5,16_8,0.16277756100316765,0.24679448900133139,13cae87e6a0f75a13f3e9a7881b33c42ab77680f6d13e99dcc00fa2de5963495,3926078,interleaved,F16,repeat8,7
5,16_8,0.15642068300076062,0.24136748800083296,13cae87e6a0f75a13f3e9a7881b33c42ab77680f6d13e99dcc00fa2de5963495,3926078,original,F8,repeat8,0
5,16_8,0.15633971599891083,0.24101748900284292,13cae87e6a0f75a13f3e9a7881b33c42ab77680f6d13e99dcc00fa2de5963495,3926078,original,F8,repeat8,1
5,16_8,0.1551366700005019,0.23997990000498248,13cae87e6a0f75a13f3e9a7881b33c42ab77680f6d13e99dcc00fa2de5963495,3926078,original,F8,repeat8,2
5,16_8,0.15650690499751363,0.24157606499647954,13cae87e6a0f75a13f3e9a7881b33c42ab77680f6d13e99dcc00fa2de5963495,3926078,original,F8,repeat8,3
5,16_8,0.1557041459964239,0.24046437999641057,13cae87e6a0f75a13f3e9a7881b33c42ab77680f6d13e99dcc00fa2de5963495,3926078,original,F8,repeat8,4
5,16_8,0.156250487001671,0.24145133000274654,13cae87e6a0f75a13f3e9a7881b33c42ab77680f6d13e99dcc00fa2de5963495,3926078,original,F8,repeat8,5
5,16_8,0.15574734099936904,0.24054292899381835,13cae87e6a0f75a13f3e9a7881b33c42ab77680f6d13e99dcc00fa2de5963495,3926078,original,F8,repeat8,6
5,16_8,0.15557944600004703,0.24032239300140645,13cae87e6a0f75a13f3e9a7881b33c42ab77680f6d13e99dcc00fa2de5963495,3926078,original,F8,repeat8,7
5,16_8,0.15968483900360297,0.2448675940031535,13cae87e6a0f75a13f3e9a7881b33c42ab77680f6d13e99dcc00fa2de5963495,3926078,original,F16,repeat8,0
5,16_8,0.15858841400040546,0.24323214600008214,13cae87e6a0f75a13f3e9a7881b33c42ab77680f6d13e99dcc00fa2de5963495,3926078,original,F16,repeat8,1
5,16_8,0.15842361500108382,0.243581216003804,13cae87e6a0f75a13f3e9a7881b33c42ab77680f6d13e99dcc00fa2de5963495,3926078,original,F16,repeat8,2
5,16_8,0.15891187099623494,0.24375194699678104,13cae87e6a0f75a13f3e9a7881b33c42ab77680f6d13e99dcc00fa2de5963495,3926078,original,F16,repeat8,3
5,16_8,0.15892331299983198,0.24381144200015115,13cae87e6a0f75a13f3e9a7881b33c42ab77680f6d13e99dcc00fa2de5963495,3926078,original,F16,repeat8,4
5,16_8,0.15828112400049577,0.2430244409988518,13cae87e6a0f75a13f3e9a7881b33c42ab77680f6d13e99dcc00fa2de5963495,3926078,original,F16,repeat8,5
5,16_8,0.16287514699797612,0.24760559399874182,13cae87e6a0f75a13f3e9a7881b33c42ab77680f6d13e99dcc00fa2de5963495,3926078,original,F16,repeat8,6
5,16_8,0.1594047730031889,0.24408374799531884,13cae87e6a0f75a13f3e9a7881b33c42ab77680f6d13e99dcc00fa2de5963495,3926078,original,F16,repeat8,7
5,16_8,0.15954246100591263,0.2437448589989799,13cae87e6a0f75a13f3e9a7881b33c42ab77680f6d13e99dcc00fa2de5963495,3926078,clustered,F8,repeat8,0
5,16_8,0.15877525100222556,0.24301142399781384,13cae87e6a0f75a13f3e9a7881b33c42ab77680f6d13e99dcc00fa2de5963495,3926078,clustered,F8,repeat8,1
5,16_8,0.15867216400511097,0.24296358800347662,13cae87e6a0f75a13f3e9a7881b33c42ab77680f6d13e99dcc00fa2de5963495,3926078,clustered,F8,repeat8,2
5,16_8,0.15837860600004205,0.24243351299810456,13cae87e6a0f75a13f3e9a7881b33c42ab77680f6d13e99dcc00fa2de5963495,3926078,clustered,F8,repeat8,3
5,16_8,0.15818890200171154,0.24265963000652846,13cae87e6a0f75a13f3e9a7881b33c42ab77680f6d13e99dcc00fa2de5963495,3926078,clustered,F8,repeat8,4
5,16_8,0.15855637200002093,0.24252491299557732,13cae87e6a0f75a13f3e9a7881b33c42ab77680f6d13e99dcc00fa2de5963495,3926078,clustered,F8,repeat8,5
5,16_8,0.1580904080037726,0.24293774800025858,13cae87e6a0f75a13f3e9a7881b33c42ab77680f6d13e99dcc00fa2de5963495,3926078,clustered,F8,repeat8,6
5,16_8,0.15888923699822044,0.2429856699964148,13cae87e6a0f75a13f3e9a7881b33c42ab77680f6d13e99dcc00fa2de5963495,3926078,clustered,F8,repeat8,7
5,16_8,0.16136938399722567,0.24571579099574592,13cae87e6a0f75a13f3e9a7881b33c42ab77680f6d13e99dcc00fa2de5963495,3926078,clustered,F16,repeat8,0
5,16_8,0.16135764100181405,0.24548252699605655,13cae87e6a0f75a13f3e9a7881b33c42ab77680f6d13e99dcc00fa2de5963495,3926078,clustered,F16,repeat8,1
5,16_8,0.16367015399737284,0.24770620799972676,13cae87e6a0f75a13f3e9a7881b33c42ab77680f6d13e99dcc00fa2de5963495,3926078,clustered,F16,repeat8,2
5,16_8,0.16242136900109472,0.2471543789943098,13cae87e6a0f75a13f3e9a7881b33c42ab77680f6d13e99dcc00fa2de5963495,3926078,clustered,F16,repeat8,3
5,16_8,0.16118101499887416,0.2455107250061701,13cae87e6a0f75a13f3e9a7881b33c42ab77680f6d13e99dcc00fa2de5963495,3926078,clustered,F16,repeat8,4
5,16_8,0.16167786600271938,0.24639489500259515,13cae87e6a0f75a13f3e9a7881b33c42ab77680f6d13e99dcc00fa2de5963495,3926078,clustered,F16,repeat8,5
5,16_8,0.16174919499462703,0.24606290500378236,13cae87e6a0f75a13f3e9a7881b33c42ab77680f6d13e99dcc00fa2de5963495,3926078,clustered,F16,repeat8,6
5,16_8,0.16174467400560388,0.24582874099723995,13cae87e6a0f75a13f3e9a7881b33c42ab77680f6d13e99dcc00fa2de5963495,3926078,clustered,F16,repeat8,7
