config_id,parent_id,split,N,k,T_hex,label,int8_ms,e3m4_ms,fp16_ms,O2_ms,O3_ms,int8_FP32,e3m4_FP32,fp16_FP32,output_count
clustered_101_n1024_k8,clustered_101,train,1024,8,0x1.8442008e05558p-4,tie,1.5275934758414946,1.521035531379879,1.5194212880257536,1.521035531379879,1.5194212880257536,6400,11909,276,8992
clustered_101_n1024_k128,clustered_101,train,1024,128,0x1.7d0e7048c5dabp-3,tie,3.3037191441302394,3.3460848255479174,3.2684764140227625,3.3037191441302394,3.2684764140227625,31060,58492,1324,133358
clustered_101_n4096_k8,clustered_101,train,4096,8,0x1.72ac7922cbab4p-4,tie,3.9151021499846044,4.050744863968739,3.948121635755263,3.9151021499846044,3.9151021499846044,38961,84442,1524,35658
clustered_101_n4096_k128,clustered_101,train,4096,128,0x1.a0a8bd51bf0c8p-4,tie,11.294136658431638,11.531308611853413,11.093480891882695,11.294136658431638,11.093480891882695,189471,319253,8250,506386
clustered_102_n1024_k8,clustered_102,train,1024,8,0x1.85674502b64e3p-4,tie,1.5342463544755585,1.5460318852724964,1.5388124440359123,1.5342463544755585,1.5342463544755585,6410,11868,278,8982
clustered_102_n1024_k128,clustered_102,train,1024,128,0x1.7970f08d96702p-3,tie,3.3210342264671873,3.3449824060128472,3.2962959187810608,3.3210342264671873,3.2962959187810608,31911,59797,1365,132418
clustered_102_n4096_k8,clustered_102,train,4096,8,0x1.74120418f0f3ep-4,tie,3.9112479448655475,3.9678787252410084,3.9584360815090958,3.9112479448655475,3.9112479448655475,41054,87015,1592,37908
clustered_102_n4096_k128,clustered_102,train,4096,128,0x1.a2579b7f6ed1cp-4,tie,11.595667186133564,11.80596890462464,11.38716336280788,11.595667186133564,11.38716336280788,188978,317664,8393,524306
clustered_103_n1024_k8,clustered_103,train,1024,8,0x1.850be3b126a6dp-4,tie,1.5367316200850019,1.5266500184457554,1.5315192566823226,1.5266500184457554,1.5266500184457554,6324,11725,255,9130
clustered_103_n1024_k128,clustered_103,train,1024,128,0x1.763f348dc7d4ap-3,tie,3.245974659241775,3.2976373461714457,3.234330644346299,3.245974659241775,3.234330644346299,30620,57319,1236,130686
clustered_103_n4096_k8,clustered_103,train,4096,8,0x1.72c62c49139aap-4,tie,3.8951533058483383,3.9246833669751995,3.928002300651272,3.8951533058483383,3.8951533058483383,39204,83458,1548,37480
clustered_103_n4096_k128,clustered_103,train,4096,128,0x1.a182a3076fa81p-4,tie,11.513918247185142,11.76719390593811,11.369274338576872,11.513918247185142,11.369274338576872,187249,314218,8183,522582
clustered_201_n1024_k8,clustered_201,validation,1024,8,0x1.83ecc5c0a72c1p-4,tie,1.524157159271155,1.5216675315136505,1.5303670068498438,1.5216675315136505,1.5216675315136505,6766,12336,295,9756
clustered_201_n1024_k128,clustered_201,validation,1024,128,0x1.7f5bcd1acf5cdp-3,tie,3.2935999209206406,3.3224380243306544,3.260128232503116,3.2935999209206406,3.260128232503116,32633,60762,1354,132326
clustered_201_n4096_k8,clustered_201,validation,4096,8,0x1.73a4fc9b5a055p-4,tie,3.974691323417647,3.987634543712029,3.9698658981176447,3.974691323417647,3.9698658981176447,44432,93037,1714,41790
clustered_201_n4096_k128,clustered_201,validation,4096,128,0x1.a16f758019a14p-4,tie,11.619234492960052,11.893145018594486,11.379327229132393,11.619234492960052,11.379327229132393,189642,319462,8331,528586
outlier_101_n1024_k8,outlier_101,train,1024,8,0x1.8442008e05558p-4,tie,1.530415939056448,1.5207769144144032,1.5153672825509772,1.5207769144144032,1.5153672825509772,32274,18841,825,8992
outlier_101_n1024_k128,outlier_101,train,1024,128,0x1.7d0e70476f2a0p-3,e3m4,3.959579356702114,3.516833796110736,3.2371396538254884,3.516833796110736,3.2371396538254884,491335,181927,4432,133358
outlier_101_n4096_k8,outlier_101,train,4096,8,0x1.72ac7922cbab4p-4,e3m4,4.501848778644257,4.0541958229071176,3.9029187392058438,4.0541958229071176,3.9029187392058438,522273,209214,4728,35658
outlier_101_n4096_k128,outlier_101,train,4096,128,0x1.a0a8bd51bf0c8p-4,tie,11.891117510798871,11.72843522556997,11.208739852963618,11.72843522556997,11.208739852963618,524822,437595,25887,506386
outlier_102_n1024_k8,outlier_102,train,1024,8,0x1.85674502b64e3p-4,tie,1.5288385554775341,1.5288131804212493,1.521137599325452,1.5288131804212493,1.521137599325452,32290,22750,858,8982
outlier_102_n1024_k128,outlier_102,train,1024,128,0x1.7970f076a80a6p-3,e3m4,3.936891964334745,3.5882169526752015,3.227070072032148,3.5882169526752015,3.227070072032148,491441,253066,4307,132418
outlier_102_n4096_k8,outlier_102,train,4096,8,0x1.74120418f0f3ep-4,e3m4,4.639068542294211,4.373125280830534,4.123323603361975,4.373125280830534,4.123323603361975,522308,293946,5326,37908
outlier_102_n4096_k128,outlier_102,train,4096,128,0x1.a2579b7f6ed1cp-4,tie,12.17910045771008,11.993918125726182,11.443572463428168,11.993918125726182,11.443572463428168,527727,448342,27300,524306
outlier_103_n1024_k8,outlier_103,train,1024,8,0x1.850be3b126a6dp-4,tie,1.5374701881906796,1.4984062028647953,1.526753771818464,1.4984062028647953,1.4984062028647953,32304,18903,905,9130
outlier_103_n1024_k128,outlier_103,train,1024,128,0x1.763f349be7aeep-3,e3m4,3.9395561393824985,3.4344083372400176,3.220237988511869,3.4344083372400176,3.220237988511869,491612,148523,4552,130688
outlier_103_n4096_k8,outlier_103,train,4096,8,0x1.72c62c49139aap-4,e3m4,4.596159884828616,4.226661769091133,4.1232328931844355,4.226661769091133,4.1232328931844355,522393,196832,5288,37480
outlier_103_n4096_k128,outlier_103,train,4096,128,0x1.a182a3076fa81p-4,tie,12.125590044002697,12.074452151383841,11.548379122773099,12.074452151383841,11.548379122773099,531451,449506,28210,522582
outlier_201_n1024_k8,outlier_201,validation,1024,8,0x1.83ecc5c0a72c1p-4,tie,1.574277662346137,1.5319040288085348,1.537387663039088,1.5319040288085348,1.5319040288085348,32260,21543,1005,9756
outlier_201_n1024_k128,outlier_201,validation,1024,128,0x1.7f5bcd22589f4p-3,e3m4,3.9667846999317815,3.484152942837387,3.2446733086325596,3.484152942837387,3.2446733086325596,491408,163797,4430,132324
outlier_201_n4096_k8,outlier_201,validation,4096,8,0x1.73a4fc9b5a055p-4,e3m4,4.733515114484147,4.313955244323281,4.096372818569632,4.313955244323281,4.096372818569632,522245,254751,5806,41790
outlier_201_n4096_k128,outlier_201,validation,4096,128,0x1.a16f758019a14p-4,tie,12.327924759753904,12.260897470850471,11.732068688116907,12.260897470850471,11.732068688116907,523572,454172,26280,528586
logrange_101_n1024_k8,logrange_101,train,1024,8,0x1.d673a0ac65a46p+5,tie,1.5025683275861066,1.4874703881143903,1.499785706388031,1.4874703881143903,1.4874703881143903,4504,6264,120,9544
logrange_101_n1024_k128,logrange_101,train,1024,128,0x1.09c4b58294c16p+6,tie,3.31112144188905,3.318568077090631,3.250384825558239,3.31112144188905,3.250384825558239,40853,58515,1190,129456
logrange_101_n4096_k8,logrange_101,train,4096,8,0x1.c3c9260c20560p+5,tie,3.8574332029024556,3.866194759971429,3.911927424679466,3.8574332029024556,3.8574332029024556,22847,32488,608,37630
logrange_101_n4096_k128,logrange_101,train,4096,128,0x1.f1f933e37f67bp+5,tie,12.497332862650868,12.433734896744326,12.27008521721097,12.433734896744326,12.27008521721097,245666,348680,6862,536588
logrange_102_n1024_k8,logrange_102,train,1024,8,0x1.d7a38ac4e077dp+5,tie,1.5446261026862491,1.5231068387351905,1.5308766547512362,1.5231068387351905,1.5231068387351905,4709,6635,118,9132
logrange_102_n1024_k128,logrange_102,train,1024,128,0x1.0947874abe54ep+6,tie,3.336749562404633,3.357615347168162,3.265612809399157,3.336749562404633,3.265612809399157,42402,59868,1215,130674
logrange_102_n4096_k8,logrange_102,train,4096,8,0x1.c1e6811306b64p+5,tie,3.84168569780178,3.8534474697330765,3.914860875328794,3.84168569780178,3.84168569780178,19971,28346,521,33466
logrange_102_n4096_k128,logrange_102,train,4096,128,0x1.f1db25200e00ep+5,tie,12.023206909301694,12.068802784147174,11.688635098902862,12.023206909301694,11.688635098902862,239228,339670,6572,527338
logrange_103_n1024_k8,logrange_103,train,1024,8,0x1.dc072ed391077p+5,tie,1.5299085114848303,1.5013521109734416,1.5234321123947363,1.5013521109734416,1.5013521109734416,4727,6743,127,9654
logrange_103_n1024_k128,logrange_103,train,1024,128,0x1.0c32fa0ee85c9p+6,tie,3.432865468771399,3.4222003133906735,3.3694444870544586,3.4222003133906735,3.3694444870544586,42533,61055,1227,133684
logrange_103_n4096_k8,logrange_103,train,4096,8,0x1.c1a18a85d8824p+5,tie,3.8024680825573487,3.819473224950637,3.863718378317274,3.8024680825573487,3.8024680825573487,20039,28435,521,33862
logrange_103_n4096_k128,logrange_103,train,4096,128,0x1.f1ae6258ed628p+5,tie,12.088963950127019,12.183551065055212,11.74418120838603,12.088963950127019,11.74418120838603,238025,337821,6647,526890
logrange_201_n1024_k8,logrange_201,validation,1024,8,0x1.d54621c24515ap+5,tie,1.5308292192090152,1.513281059743267,1.5307178800121468,1.513281059743267,1.513281059743267,4412,6201,110,9394
logrange_201_n1024_k128,logrange_201,validation,1024,128,0x1.09abcead7e498p+6,tie,3.3319934107854516,3.3138098665734113,3.2737919887999722,3.3138098665734113,3.2737919887999722,40805,58395,1229,130216
logrange_201_n4096_k8,logrange_201,validation,4096,8,0x1.bfe0eaf477352p+5,tie,3.7702599771571825,3.7368338190280825,3.8246344130495653,3.7368338190280825,3.7368338190280825,18319,25746,506,31468
logrange_201_n4096_k128,logrange_201,validation,4096,128,0x1.f0f9398a32d77p+5,tie,11.464177645351118,11.602762164683716,11.098005900654679,11.464177645351118,11.098005900654679,226239,321218,6259,504098
mixed_101_n1024_k8,mixed_101,train,1024,8,0x1.9448036bc8722p-4,tie,1.5288021462381296,1.5198920348610825,1.5212031679209854,1.5198920348610825,1.5198920348610825,10806,10839,434,10142
mixed_101_n1024_k128,mixed_101,train,1024,128,0x1.8fc2a40644404p-3,tie,3.5134619110836733,3.455295661722218,3.2963882460534846,3.455295661722218,3.2963882460534846,138627,100498,3030,132504
mixed_101_n4096_k8,mixed_101,train,4096,8,0x1.7c4a35d7704e6p-4,tie,4.069941906106873,3.9945966901620373,3.9699286174616715,3.9945966901620373,3.9699286174616715,147614,105296,2779,38340
mixed_101_n4096_k128,mixed_101,train,4096,128,0x1.606cfd6307b84p-3,e3m4,14.634710930405221,12.094361299788877,11.846921130846754,12.094361299788877,11.846921130846754,1967540,223552,1634,543936
mixed_102_n1024_k8,mixed_102,train,1024,8,0x1.914476f8cfd1ep-4,tie,1.5363265285745595,1.5243814611878534,1.5386063737717444,1.5243814611878534,1.5243814611878534,11354,10726,449,9174
mixed_102_n1024_k128,mixed_102,train,1024,128,0x1.8c73f0c9a35dcp-3,tie,3.4512709987712253,3.3731828952650704,3.244589074026765,3.3731828952650704,3.244589074026765,149452,110119,3053,131122
mixed_102_n4096_k8,mixed_102,train,4096,8,0x1.7e4335aa22886p-4,tie,4.1649391996496234,4.0699702975245975,4.061434188834746,4.0699702975245975,4.061434188834746,149665,110249,3469,45538
mixed_102_n4096_k128,mixed_102,train,4096,128,0x1.532b267d94542p-3,e3m4,14.45965849151967,11.736302569521612,11.506478184510371,11.736302569521612,11.506478184510371,1966671,230847,339,528558
mixed_103_n1024_k8,mixed_103,train,1024,8,0x1.929998ddb889ap-4,tie,1.5130399336322764,1.492800527346972,1.494135542396871,1.492800527346972,1.492800527346972,10615,10621,409,9708
mixed_103_n1024_k128,mixed_103,train,1024,128,0x1.8ff6b603586dep-3,tie,3.4863743210171303,3.388519454610885,3.272488474246018,3.388519454610885,3.272488474246018,141263,97297,2655,132466
mixed_103_n4096_k8,mixed_103,train,4096,8,0x1.7a6cd9e57e64ap-4,e3m4,4.134268331487236,3.9524533993031716,3.993170089550276,3.9524533993031716,3.9524533993031716,145642,96704,2371,34012
mixed_103_n4096_k128,mixed_103,train,4096,128,0x1.f328cde173235p-4,tie,11.900961596419556,11.606381374254935,11.494832400757103,11.606381374254935,11.494832400757103,215730,74347,113,523332
mixed_201_n1024_k8,mixed_201,validation,1024,8,0x1.90cd89aa9197ep-4,tie,1.5230206165329674,1.5043720445490645,1.5079414969303682,1.5043720445490645,1.5043720445490645,10760,10639,431,8862
mixed_201_n1024_k128,mixed_201,validation,1024,128,0x1.8c7c7f4aa88acp-3,tie,3.4923082697715246,3.4415530391210414,3.28299983708395,3.4415530391210414,3.28299983708395,147066,113666,3045,131248
mixed_201_n4096_k8,mixed_201,validation,4096,8,0x1.7ac5012fc0826p-4,e3m4,4.040300505816132,3.8788548213172485,3.8955933487336867,3.8788548213172485,3.8788548213172485,145891,109782,2640,35566
mixed_201_n4096_k128,mixed_201,validation,4096,128,0x1.55fa087da6a66p-3,e3m4,14.319113524518281,11.82207486165401,11.499954559764774,11.82207486165401,11.499954559764774,1964202,205621,489,530714
