process,order,label,method,phase,iteration,seconds,count,hash
0,AC,g1_p00_a1,A,warmup,0,0.222659211998689,3926078,13cae87e6a0f75a13f3e9a7881b33c42ab77680f6d13e99dcc00fa2de5963495
0,AC,g1_p00_a1,A,warmup,1,0.18177530100365402,3926078,13cae87e6a0f75a13f3e9a7881b33c42ab77680f6d13e99dcc00fa2de5963495
0,AC,g1_p00_a1,A,retained,0,0.18066580100276042,3926078,13cae87e6a0f75a13f3e9a7881b33c42ab77680f6d13e99dcc00fa2de5963495
0,AC,g1_p00_a1,A,retained,1,0.179595112997049,3926078,13cae87e6a0f75a13f3e9a7881b33c42ab77680f6d13e99dcc00fa2de5963495
0,AC,g1_p00_a1,A,retained,2,0.183626826001273,3926078,13cae87e6a0f75a13f3e9a7881b33c42ab77680f6d13e99dcc00fa2de5963495
0,AC,g1_p00_a1,A,retained,3,0.18039142399356933,3926078,13cae87e6a0f75a13f3e9a7881b33c42ab77680f6d13e99dcc00fa2de5963495
0,AC,g1_p00_a1,A,retained,4,0.18366735200106632,3926078,13cae87e6a0f75a13f3e9a7881b33c42ab77680f6d13e99dcc00fa2de5963495
0,AC,g1_p00_a1,A,retained,5,0.18107334500382422,3926078,13cae87e6a0f75a13f3e9a7881b33c42ab77680f6d13e99dcc00fa2de5963495
0,AC,g1_p00_a1,A,retained,6,0.18425239499629242,3926078,13cae87e6a0f75a13f3e9a7881b33c42ab77680f6d13e99dcc00fa2de5963495
0,AC,g1_p00_a1,A,retained,7,0.1753879039970343,3926078,13cae87e6a0f75a13f3e9a7881b33c42ab77680f6d13e99dcc00fa2de5963495
0,AC,g1_p00_a1,A,retained,8,0.15062228099850472,3926078,13cae87e6a0f75a13f3e9a7881b33c42ab77680f6d13e99dcc00fa2de5963495
0,AC,g1_p00_a1,C,warmup,0,0.6976674339966848,3926078,13cae87e6a0f75a13f3e9a7881b33c42ab77680f6d13e99dcc00fa2de5963495
0,AC,g1_p00_a1,C,warmup,1,0.16335602400067728,3926078,13cae87e6a0f75a13f3e9a7881b33c42ab77680f6d13e99dcc00fa2de5963495
0,AC,g1_p00_a1,C,retained,0,0.1664061949995812,3926078,13cae87e6a0f75a13f3e9a7881b33c42ab77680f6d13e99dcc00fa2de5963495
0,AC,g1_p00_a1,C,retained,1,0.16335696300666314,3926078,13cae87e6a0f75a13f3e9a7881b33c42ab77680f6d13e99dcc00fa2de5963495
0,AC,g1_p00_a1,C,retained,2,0.16240809600276407,3926078,13cae87e6a0f75a13f3e9a7881b33c42ab77680f6d13e99dcc00fa2de5963495
0,AC,g1_p00_a1,C,retained,3,0.16425324299780186,3926078,13cae87e6a0f75a13f3e9a7881b33c42ab77680f6d13e99dcc00fa2de5963495
0,AC,g1_p00_a1,C,retained,4,0.16243472500354983,3926078,13cae87e6a0f75a13f3e9a7881b33c42ab77680f6d13e99dcc00fa2de5963495
0,AC,g1_p00_a1,C,retained,5,0.16320681799697923,3926078,13cae87e6a0f75a13f3e9a7881b33c42ab77680f6d13e99dcc00fa2de5963495
0,AC,g1_p00_a1,C,retained,6,0.16268027399928542,3926078,13cae87e6a0f75a13f3e9a7881b33c42ab77680f6d13e99dcc00fa2de5963495
0,AC,g1_p00_a1,C,retained,7,0.16356357900076546,3926078,13cae87e6a0f75a13f3e9a7881b33c42ab77680f6d13e99dcc00fa2de5963495
0,AC,g1_p00_a1,C,retained,8,0.16235269200115,3926078,13cae87e6a0f75a13f3e9a7881b33c42ab77680f6d13e99dcc00fa2de5963495
0,AC,g1_p00_a1,C,repeat16,0,0.162372304002929,3926078,13cae87e6a0f75a13f3e9a7881b33c42ab77680f6d13e99dcc00fa2de5963495
0,AC,g1_p00_a1,C,repeat16,1,0.16265476000262424,3926078,13cae87e6a0f75a13f3e9a7881b33c42ab77680f6d13e99dcc00fa2de5963495
0,AC,g1_p00_a1,C,repeat16,2,0.16327403799368767,3926078,13cae87e6a0f75a13f3e9a7881b33c42ab77680f6d13e99dcc00fa2de5963495
0,AC,g1_p00_a1,C,repeat16,3,0.16351523600314977,3926078,13cae87e6a0f75a13f3e9a7881b33c42ab77680f6d13e99dcc00fa2de5963495
0,AC,g1_p00_a1,C,repeat16,4,0.16340243400190957,3926078,13cae87e6a0f75a13f3e9a7881b33c42ab77680f6d13e99dcc00fa2de5963495
0,AC,g1_p00_a1,C,repeat16,5,0.16288797299785074,3926078,13cae87e6a0f75a13f3e9a7881b33c42ab77680f6d13e99dcc00fa2de5963495
0,AC,g1_p00_a1,C,repeat16,6,0.16265701800148236,3926078,13cae87e6a0f75a13f3e9a7881b33c42ab77680f6d13e99dcc00fa2de5963495
0,AC,g1_p00_a1,C,repeat16,7,0.16276814400043804,3926078,13cae87e6a0f75a13f3e9a7881b33c42ab77680f6d13e99dcc00fa2de5963495
0,AC,g1_p00_a1,C,repeat16,8,0.1637807020015316,3926078,13cae87e6a0f75a13f3e9a7881b33c42ab77680f6d13e99dcc00fa2de5963495
0,AC,g1_p00_a1,C,repeat16,9,0.16238312500354368,3926078,13cae87e6a0f75a13f3e9a7881b33c42ab77680f6d13e99dcc00fa2de5963495
0,AC,g1_p00_a1,C,repeat16,10,0.16277521300071385,3926078,13cae87e6a0f75a13f3e9a7881b33c42ab77680f6d13e99dcc00fa2de5963495
0,AC,g1_p00_a1,C,repeat16,11,0.1626087490003556,3926078,13cae87e6a0f75a13f3e9a7881b33c42ab77680f6d13e99dcc00fa2de5963495
0,AC,g1_p00_a1,C,repeat16,12,0.16283211699919775,3926078,13cae87e6a0f75a13f3e9a7881b33c42ab77680f6d13e99dcc00fa2de5963495
0,AC,g1_p00_a1,C,repeat16,13,0.16265199500048766,3926078,13cae87e6a0f75a13f3e9a7881b33c42ab77680f6d13e99dcc00fa2de5963495
0,AC,g1_p00_a1,C,repeat16,14,0.1628871579960105,3926078,13cae87e6a0f75a13f3e9a7881b33c42ab77680f6d13e99dcc00fa2de5963495
0,AC,g1_p00_a1,C,repeat16,15,0.1631576150030014,3926078,13cae87e6a0f75a13f3e9a7881b33c42ab77680f6d13e99dcc00fa2de5963495
0,AC,g1_p00_a1,A,repeat16,0,0.15044611399935093,3926078,13cae87e6a0f75a13f3e9a7881b33c42ab77680f6d13e99dcc00fa2de5963495
0,AC,g1_p00_a1,A,repeat16,1,0.1490187200033688,3926078,13cae87e6a0f75a13f3e9a7881b33c42ab77680f6d13e99dcc00fa2de5963495
0,AC,g1_p00_a1,A,repeat16,2,0.14979862299514934,3926078,13cae87e6a0f75a13f3e9a7881b33c42ab77680f6d13e99dcc00fa2de5963495
0,AC,g1_p00_a1,A,repeat16,3,0.14973548499983735,3926078,13cae87e6a0f75a13f3e9a7881b33c42ab77680f6d13e99dcc00fa2de5963495
0,AC,g1_p00_a1,A,repeat16,4,0.1499128080031369,3926078,13cae87e6a0f75a13f3e9a7881b33c42ab77680f6d13e99dcc00fa2de5963495
0,AC,g1_p00_a1,A,repeat16,5,0.1496680979980738,3926078,13cae87e6a0f75a13f3e9a7881b33c42ab77680f6d13e99dcc00fa2de5963495
0,AC,g1_p00_a1,A,repeat16,6,0.15156222299992805,3926078,13cae87e6a0f75a13f3e9a7881b33c42ab77680f6d13e99dcc00fa2de5963495
0,AC,g1_p00_a1,A,repeat16,7,0.15102989599836292,3926078,13cae87e6a0f75a13f3e9a7881b33c42ab77680f6d13e99dcc00fa2de5963495
0,AC,g1_p00_a1,A,repeat16,8,0.15081146200100193,3926078,13cae87e6a0f75a13f3e9a7881b33c42ab77680f6d13e99dcc00fa2de5963495
0,AC,g1_p00_a1,A,repeat16,9,0.15044754200062016,3926078,13cae87e6a0f75a13f3e9a7881b33c42ab77680f6d13e99dcc00fa2de5963495
0,AC,g1_p00_a1,A,repeat16,10,0.15087146400037454,3926078,13cae87e6a0f75a13f3e9a7881b33c42ab77680f6d13e99dcc00fa2de5963495
0,AC,g1_p00_a1,A,repeat16,11,0.15097474199865246,3926078,13cae87e6a0f75a13f3e9a7881b33c42ab77680f6d13e99dcc00fa2de5963495
0,AC,g1_p00_a1,A,repeat16,12,0.150766057005967,3926078,13cae87e6a0f75a13f3e9a7881b33c42ab77680f6d13e99dcc00fa2de5963495
0,AC,g1_p00_a1,A,repeat16,13,0.15126375899853883,3926078,13cae87e6a0f75a13f3e9a7881b33c42ab77680f6d13e99dcc00fa2de5963495
0,AC,g1_p00_a1,A,repeat16,14,0.15113379799731774,3926078,13cae87e6a0f75a13f3e9a7881b33c42ab77680f6d13e99dcc00fa2de5963495
0,AC,g1_p00_a1,A,repeat16,15,0.1503038600058062,3926078,13cae87e6a0f75a13f3e9a7881b33c42ab77680f6d13e99dcc00fa2de5963495
1,CA,g1_p01_a1,C,warmup,0,0.867771596997045,3926078,13cae87e6a0f75a13f3e9a7881b33c42ab77680f6d13e99dcc00fa2de5963495
1,CA,g1_p01_a1,C,warmup,1,0.19506582699978026,3926078,13cae87e6a0f75a13f3e9a7881b33c42ab77680f6d13e99dcc00fa2de5963495
1,CA,g1_p01_a1,C,retained,0,0.19522895800037077,3926078,13cae87e6a0f75a13f3e9a7881b33c42ab77680f6d13e99dcc00fa2de5963495
1,CA,g1_p01_a1,C,retained,1,0.19757581000158098,3926078,13cae87e6a0f75a13f3e9a7881b33c42ab77680f6d13e99dcc00fa2de5963495
1,CA,g1_p01_a1,C,retained,2,0.19416341099713463,3926078,13cae87e6a0f75a13f3e9a7881b33c42ab77680f6d13e99dcc00fa2de5963495
1,CA,g1_p01_a1,C,retained,3,0.19497000700357603,3926078,13cae87e6a0f75a13f3e9a7881b33c42ab77680f6d13e99dcc00fa2de5963495
1,CA,g1_p01_a1,C,retained,4,0.19482835899543716,3926078,13cae87e6a0f75a13f3e9a7881b33c42ab77680f6d13e99dcc00fa2de5963495
1,CA,g1_p01_a1,C,retained,5,0.19594509500166168,3926078,13cae87e6a0f75a13f3e9a7881b33c42ab77680f6d13e99dcc00fa2de5963495
1,CA,g1_p01_a1,C,retained,6,0.17937507999886293,3926078,13cae87e6a0f75a13f3e9a7881b33c42ab77680f6d13e99dcc00fa2de5963495
1,CA,g1_p01_a1,C,retained,7,0.16525267500401242,3926078,13cae87e6a0f75a13f3e9a7881b33c42ab77680f6d13e99dcc00fa2de5963495
1,CA,g1_p01_a1,C,retained,8,0.16387945699534612,3926078,13cae87e6a0f75a13f3e9a7881b33c42ab77680f6d13e99dcc00fa2de5963495
1,CA,g1_p01_a1,A,warmup,0,0.1653634729955229,3926078,13cae87e6a0f75a13f3e9a7881b33c42ab77680f6d13e99dcc00fa2de5963495
1,CA,g1_p01_a1,A,warmup,1,0.15159887800109573,3926078,13cae87e6a0f75a13f3e9a7881b33c42ab77680f6d13e99dcc00fa2de5963495
1,CA,g1_p01_a1,A,retained,0,0.15312980100134155,3926078,13cae87e6a0f75a13f3e9a7881b33c42ab77680f6d13e99dcc00fa2de5963495
1,CA,g1_p01_a1,A,retained,1,0.1515535020007519,3926078,13cae87e6a0f75a13f3e9a7881b33c42ab77680f6d13e99dcc00fa2de5963495
1,CA,g1_p01_a1,A,retained,2,0.15153709999867715,3926078,13cae87e6a0f75a13f3e9a7881b33c42ab77680f6d13e99dcc00fa2de5963495
1,CA,g1_p01_a1,A,retained,3,0.15134048800246092,3926078,13cae87e6a0f75a13f3e9a7881b33c42ab77680f6d13e99dcc00fa2de5963495
1,CA,g1_p01_a1,A,retained,4,0.15111892199638532,3926078,13cae87e6a0f75a13f3e9a7881b33c42ab77680f6d13e99dcc00fa2de5963495
1,CA,g1_p01_a1,A,retained,5,0.15107346899458207,3926078,13cae87e6a0f75a13f3e9a7881b33c42ab77680f6d13e99dcc00fa2de5963495
1,CA,g1_p01_a1,A,retained,6,0.1502711110006203,3926078,13cae87e6a0f75a13f3e9a7881b33c42ab77680f6d13e99dcc00fa2de5963495
1,CA,g1_p01_a1,A,retained,7,0.15180917100224178,3926078,13cae87e6a0f75a13f3e9a7881b33c42ab77680f6d13e99dcc00fa2de5963495
1,CA,g1_p01_a1,A,retained,8,0.1518154420045903,3926078,13cae87e6a0f75a13f3e9a7881b33c42ab77680f6d13e99dcc00fa2de5963495
1,CA,g1_p01_a1,A,repeat16,0,0.15127109899913194,3926078,13cae87e6a0f75a13f3e9a7881b33c42ab77680f6d13e99dcc00fa2de5963495
1,CA,g1_p01_a1,A,repeat16,1,0.15037469499657163,3926078,13cae87e6a0f75a13f3e9a7881b33c42ab77680f6d13e99dcc00fa2de5963495
1,CA,g1_p01_a1,A,repeat16,2,0.1518452289965353,3926078,13cae87e6a0f75a13f3e9a7881b33c42ab77680f6d13e99dcc00fa2de5963495
1,CA,g1_p01_a1,A,repeat16,3,0.15038692200323567,3926078,13cae87e6a0f75a13f3e9a7881b33c42ab77680f6d13e99dcc00fa2de5963495
1,CA,g1_p01_a1,A,repeat16,4,0.15158863099350128,3926078,13cae87e6a0f75a13f3e9a7881b33c42ab77680f6d13e99dcc00fa2de5963495
1,CA,g1_p01_a1,A,repeat16,5,0.15025831200182438,3926078,13cae87e6a0f75a13f3e9a7881b33c42ab77680f6d13e99dcc00fa2de5963495
1,CA,g1_p01_a1,A,repeat16,6,0.15167318699968746,3926078,13cae87e6a0f75a13f3e9a7881b33c42ab77680f6d13e99dcc00fa2de5963495
1,CA,g1_p01_a1,A,repeat16,7,0.15076637499441858,3926078,13cae87e6a0f75a13f3e9a7881b33c42ab77680f6d13e99dcc00fa2de5963495
1,CA,g1_p01_a1,A,repeat16,8,0.15165593999699922,3926078,13cae87e6a0f75a13f3e9a7881b33c42ab77680f6d13e99dcc00fa2de5963495
1,CA,g1_p01_a1,A,repeat16,9,0.14997464100451907,3926078,13cae87e6a0f75a13f3e9a7881b33c42ab77680f6d13e99dcc00fa2de5963495
1,CA,g1_p01_a1,A,repeat16,10,0.15217467800539453,3926078,13cae87e6a0f75a13f3e9a7881b33c42ab77680f6d13e99dcc00fa2de5963495
1,CA,g1_p01_a1,A,repeat16,11,0.15181312800268643,3926078,13cae87e6a0f75a13f3e9a7881b33c42ab77680f6d13e99dcc00fa2de5963495
1,CA,g1_p01_a1,A,repeat16,12,0.1518172069991124,3926078,13cae87e6a0f75a13f3e9a7881b33c42ab77680f6d13e99dcc00fa2de5963495
1,CA,g1_p01_a1,A,repeat16,13,0.15010748300119303,3926078,13cae87e6a0f75a13f3e9a7881b33c42ab77680f6d13e99dcc00fa2de5963495
1,CA,g1_p01_a1,A,repeat16,14,0.1516755929987994,3926078,13cae87e6a0f75a13f3e9a7881b33c42ab77680f6d13e99dcc00fa2de5963495
1,CA,g1_p01_a1,A,repeat16,15,0.15013350500521483,3926078,13cae87e6a0f75a13f3e9a7881b33c42ab77680f6d13e99dcc00fa2de5963495
1,CA,g1_p01_a1,C,repeat16,0,0.1645833969960222,3926078,13cae87e6a0f75a13f3e9a7881b33c42ab77680f6d13e99dcc00fa2de5963495
1,CA,g1_p01_a1,C,repeat16,1,0.16478397099854192,3926078,13cae87e6a0f75a13f3e9a7881b33c42ab77680f6d13e99dcc00fa2de5963495
1,CA,g1_p01_a1,C,repeat16,2,0.1649337469934835,3926078,13cae87e6a0f75a13f3e9a7881b33c42ab77680f6d13e99dcc00fa2de5963495
1,CA,g1_p01_a1,C,repeat16,3,0.16518502599501517,3926078,13cae87e6a0f75a13f3e9a7881b33c42ab77680f6d13e99dcc00fa2de5963495
1,CA,g1_p01_a1,C,repeat16,4,0.16459737200057134,3926078,13cae87e6a0f75a13f3e9a7881b33c42ab77680f6d13e99dcc00fa2de5963495
1,CA,g1_p01_a1,C,repeat16,5,0.16477889000088908,3926078,13cae87e6a0f75a13f3e9a7881b33c42ab77680f6d13e99dcc00fa2de5963495
1,CA,g1_p01_a1,C,repeat16,6,0.16686916499747895,3926078,13cae87e6a0f75a13f3e9a7881b33c42ab77680f6d13e99dcc00fa2de5963495
1,CA,g1_p01_a1,C,repeat16,7,0.16609383699687896,3926078,13cae87e6a0f75a13f3e9a7881b33c42ab77680f6d13e99dcc00fa2de5963495
1,CA,g1_p01_a1,C,repeat16,8,0.1653707410005154,3926078,13cae87e6a0f75a13f3e9a7881b33c42ab77680f6d13e99dcc00fa2de5963495
1,CA,g1_p01_a1,C,repeat16,9,0.16496771600213833,3926078,13cae87e6a0f75a13f3e9a7881b33c42ab77680f6d13e99dcc00fa2de5963495
1,CA,g1_p01_a1,C,repeat16,10,0.16440952699485933,3926078,13cae87e6a0f75a13f3e9a7881b33c42ab77680f6d13e99dcc00fa2de5963495
1,CA,g1_p01_a1,C,repeat16,11,0.16469221499573905,3926078,13cae87e6a0f75a13f3e9a7881b33c42ab77680f6d13e99dcc00fa2de5963495
1,CA,g1_p01_a1,C,repeat16,12,0.16466566899907775,3926078,13cae87e6a0f75a13f3e9a7881b33c42ab77680f6d13e99dcc00fa2de5963495
1,CA,g1_p01_a1,C,repeat16,13,0.16821827300009318,3926078,13cae87e6a0f75a13f3e9a7881b33c42ab77680f6d13e99dcc00fa2de5963495
1,CA,g1_p01_a1,C,repeat16,14,0.1645578499956173,3926078,13cae87e6a0f75a13f3e9a7881b33c42ab77680f6d13e99dcc00fa2de5963495
1,CA,g1_p01_a1,C,repeat16,15,0.1648157000017818,3926078,13cae87e6a0f75a13f3e9a7881b33c42ab77680f6d13e99dcc00fa2de5963495
2,AC,g1_p02_a1,A,warmup,0,0.18940853399544721,3926078,13cae87e6a0f75a13f3e9a7881b33c42ab77680f6d13e99dcc00fa2de5963495
2,AC,g1_p02_a1,A,warmup,1,0.157739827001933,3926078,13cae87e6a0f75a13f3e9a7881b33c42ab77680f6d13e99dcc00fa2de5963495
2,AC,g1_p02_a1,A,retained,0,0.15513369900145335,3926078,13cae87e6a0f75a13f3e9a7881b33c42ab77680f6d13e99dcc00fa2de5963495
2,AC,g1_p02_a1,A,retained,1,0.1558834020033828,3926078,13cae87e6a0f75a13f3e9a7881b33c42ab77680f6d13e99dcc00fa2de5963495
2,AC,g1_p02_a1,A,retained,2,0.15913818700209958,3926078,13cae87e6a0f75a13f3e9a7881b33c42ab77680f6d13e99dcc00fa2de5963495
2,AC,g1_p02_a1,A,retained,3,0.15662256100040395,3926078,13cae87e6a0f75a13f3e9a7881b33c42ab77680f6d13e99dcc00fa2de5963495
2,AC,g1_p02_a1,A,retained,4,0.15677028500067536,3926078,13cae87e6a0f75a13f3e9a7881b33c42ab77680f6d13e99dcc00fa2de5963495
2,AC,g1_p02_a1,A,retained,5,0.15740440699300962,3926078,13cae87e6a0f75a13f3e9a7881b33c42ab77680f6d13e99dcc00fa2de5963495
2,AC,g1_p02_a1,A,retained,6,0.1564965029974701,3926078,13cae87e6a0f75a13f3e9a7881b33c42ab77680f6d13e99dcc00fa2de5963495
2,AC,g1_p02_a1,A,retained,7,0.15645213500101818,3926078,13cae87e6a0f75a13f3e9a7881b33c42ab77680f6d13e99dcc00fa2de5963495
2,AC,g1_p02_a1,A,retained,8,0.15628576100425562,3926078,13cae87e6a0f75a13f3e9a7881b33c42ab77680f6d13e99dcc00fa2de5963495
2,AC,g1_p02_a1,C,warmup,0,0.6866795479945722,3926078,13cae87e6a0f75a13f3e9a7881b33c42ab77680f6d13e99dcc00fa2de5963495
2,AC,g1_p02_a1,C,warmup,1,0.1715646319935331,3926078,13cae87e6a0f75a13f3e9a7881b33c42ab77680f6d13e99dcc00fa2de5963495
2,AC,g1_p02_a1,C,retained,0,0.17190703600499546,3926078,13cae87e6a0f75a13f3e9a7881b33c42ab77680f6d13e99dcc00fa2de5963495
2,AC,g1_p02_a1,C,retained,1,0.17161818600288825,3926078,13cae87e6a0f75a13f3e9a7881b33c42ab77680f6d13e99dcc00fa2de5963495
2,AC,g1_p02_a1,C,retained,2,0.1717014809983084,3926078,13cae87e6a0f75a13f3e9a7881b33c42ab77680f6d13e99dcc00fa2de5963495
2,AC,g1_p02_a1,C,retained,3,0.17400060200452572,3926078,13cae87e6a0f75a13f3e9a7881b33c42ab77680f6d13e99dcc00fa2de5963495
2,AC,g1_p02_a1,C,retained,4,0.17162131200166186,3926078,13cae87e6a0f75a13f3e9a7881b33c42ab77680f6d13e99dcc00fa2de5963495
2,AC,g1_p02_a1,C,retained,5,0.1712182519986527,3926078,13cae87e6a0f75a13f3e9a7881b33c42ab77680f6d13e99dcc00fa2de5963495
2,AC,g1_p02_a1,C,retained,6,0.16998270300246077,3926078,13cae87e6a0f75a13f3e9a7881b33c42ab77680f6d13e99dcc00fa2de5963495
2,AC,g1_p02_a1,C,retained,7,0.17084450900438242,3926078,13cae87e6a0f75a13f3e9a7881b33c42ab77680f6d13e99dcc00fa2de5963495
2,AC,g1_p02_a1,C,retained,8,0.17130155899940291,3926078,13cae87e6a0f75a13f3e9a7881b33c42ab77680f6d13e99dcc00fa2de5963495
2,AC,g1_p02_a1,C,repeat16,0,0.17075442399800522,3926078,13cae87e6a0f75a13f3e9a7881b33c42ab77680f6d13e99dcc00fa2de5963495
2,AC,g1_p02_a1,C,repeat16,1,0.17138798000087263,3926078,13cae87e6a0f75a13f3e9a7881b33c42ab77680f6d13e99dcc00fa2de5963495
2,AC,g1_p02_a1,C,repeat16,2,0.17910251699504443,3926078,13cae87e6a0f75a13f3e9a7881b33c42ab77680f6d13e99dcc00fa2de5963495
2,AC,g1_p02_a1,C,repeat16,3,0.20300511900131823,3926078,13cae87e6a0f75a13f3e9a7881b33c42ab77680f6d13e99dcc00fa2de5963495
2,AC,g1_p02_a1,C,repeat16,4,0.2022824009982287,3926078,13cae87e6a0f75a13f3e9a7881b33c42ab77680f6d13e99dcc00fa2de5963495
2,AC,g1_p02_a1,C,repeat16,5,0.20233373800147092,3926078,13cae87e6a0f75a13f3e9a7881b33c42ab77680f6d13e99dcc00fa2de5963495
2,AC,g1_p02_a1,C,repeat16,6,0.20289124100236222,3926078,13cae87e6a0f75a13f3e9a7881b33c42ab77680f6d13e99dcc00fa2de5963495
2,AC,g1_p02_a1,C,repeat16,7,0.20216860799700953,3926078,13cae87e6a0f75a13f3e9a7881b33c42ab77680f6d13e99dcc00fa2de5963495
2,AC,g1_p02_a1,C,repeat16,8,0.2032014810029068,3926078,13cae87e6a0f75a13f3e9a7881b33c42ab77680f6d13e99dcc00fa2de5963495
2,AC,g1_p02_a1,C,repeat16,9,0.2022231640003156,3926078,13cae87e6a0f75a13f3e9a7881b33c42ab77680f6d13e99dcc00fa2de5963495
2,AC,g1_p02_a1,C,repeat16,10,0.20242261300154496,3926078,13cae87e6a0f75a13f3e9a7881b33c42ab77680f6d13e99dcc00fa2de5963495
2,AC,g1_p02_a1,C,repeat16,11,0.20209886899829144,3926078,13cae87e6a0f75a13f3e9a7881b33c42ab77680f6d13e99dcc00fa2de5963495
2,AC,g1_p02_a1,C,repeat16,12,0.18772875500144437,3926078,13cae87e6a0f75a13f3e9a7881b33c42ab77680f6d13e99dcc00fa2de5963495
2,AC,g1_p02_a1,C,repeat16,13,0.16808553200098686,3926078,13cae87e6a0f75a13f3e9a7881b33c42ab77680f6d13e99dcc00fa2de5963495
2,AC,g1_p02_a1,C,repeat16,14,0.16656714800046757,3926078,13cae87e6a0f75a13f3e9a7881b33c42ab77680f6d13e99dcc00fa2de5963495
2,AC,g1_p02_a1,C,repeat16,15,0.16707809799845563,3926078,13cae87e6a0f75a13f3e9a7881b33c42ab77680f6d13e99dcc00fa2de5963495
2,AC,g1_p02_a1,A,repeat16,0,0.16317264800454723,3926078,13cae87e6a0f75a13f3e9a7881b33c42ab77680f6d13e99dcc00fa2de5963495
2,AC,g1_p02_a1,A,repeat16,1,0.16240899699914735,3926078,13cae87e6a0f75a13f3e9a7881b33c42ab77680f6d13e99dcc00fa2de5963495
2,AC,g1_p02_a1,A,repeat16,2,0.1573987700030557,3926078,13cae87e6a0f75a13f3e9a7881b33c42ab77680f6d13e99dcc00fa2de5963495
2,AC,g1_p02_a1,A,repeat16,3,0.157078261996503,3926078,13cae87e6a0f75a13f3e9a7881b33c42ab77680f6d13e99dcc00fa2de5963495
2,AC,g1_p02_a1,A,repeat16,4,0.16769174199725967,3926078,13cae87e6a0f75a13f3e9a7881b33c42ab77680f6d13e99dcc00fa2de5963495
2,AC,g1_p02_a1,A,repeat16,5,0.15761214600206586,3926078,13cae87e6a0f75a13f3e9a7881b33c42ab77680f6d13e99dcc00fa2de5963495
2,AC,g1_p02_a1,A,repeat16,6,0.15339608999784105,3926078,13cae87e6a0f75a13f3e9a7881b33c42ab77680f6d13e99dcc00fa2de5963495
2,AC,g1_p02_a1,A,repeat16,7,0.15370677199825877,3926078,13cae87e6a0f75a13f3e9a7881b33c42ab77680f6d13e99dcc00fa2de5963495
2,AC,g1_p02_a1,A,repeat16,8,0.1534961290017236,3926078,13cae87e6a0f75a13f3e9a7881b33c42ab77680f6d13e99dcc00fa2de5963495
2,AC,g1_p02_a1,A,repeat16,9,0.21117592399968999,3926078,13cae87e6a0f75a13f3e9a7881b33c42ab77680f6d13e99dcc00fa2de5963495
2,AC,g1_p02_a1,A,repeat16,10,0.18223577699973248,3926078,13cae87e6a0f75a13f3e9a7881b33c42ab77680f6d13e99dcc00fa2de5963495
2,AC,g1_p02_a1,A,repeat16,11,0.21835680799995316,3926078,13cae87e6a0f75a13f3e9a7881b33c42ab77680f6d13e99dcc00fa2de5963495
2,AC,g1_p02_a1,A,repeat16,12,0.2306582770033856,3926078,13cae87e6a0f75a13f3e9a7881b33c42ab77680f6d13e99dcc00fa2de5963495
2,AC,g1_p02_a1,A,repeat16,13,0.23262926500319736,3926078,13cae87e6a0f75a13f3e9a7881b33c42ab77680f6d13e99dcc00fa2de5963495
2,AC,g1_p02_a1,A,repeat16,14,0.23402301000169246,3926078,13cae87e6a0f75a13f3e9a7881b33c42ab77680f6d13e99dcc00fa2de5963495
2,AC,g1_p02_a1,A,repeat16,15,0.23047182499431074,3926078,13cae87e6a0f75a13f3e9a7881b33c42ab77680f6d13e99dcc00fa2de5963495
3,CA,g1_p03_a1,C,warmup,0,0.6955588840064593,3926078,13cae87e6a0f75a13f3e9a7881b33c42ab77680f6d13e99dcc00fa2de5963495
3,CA,g1_p03_a1,C,warmup,1,0.16928215399821056,3926078,13cae87e6a0f75a13f3e9a7881b33c42ab77680f6d13e99dcc00fa2de5963495
3,CA,g1_p03_a1,C,retained,0,0.16921364999871003,3926078,13cae87e6a0f75a13f3e9a7881b33c42ab77680f6d13e99dcc00fa2de5963495
3,CA,g1_p03_a1,C,retained,1,0.17026092300511664,3926078,13cae87e6a0f75a13f3e9a7881b33c42ab77680f6d13e99dcc00fa2de5963495
3,CA,g1_p03_a1,C,retained,2,0.17314917600015178,3926078,13cae87e6a0f75a13f3e9a7881b33c42ab77680f6d13e99dcc00fa2de5963495
3,CA,g1_p03_a1,C,retained,3,0.17458370499662124,3926078,13cae87e6a0f75a13f3e9a7881b33c42ab77680f6d13e99dcc00fa2de5963495
3,CA,g1_p03_a1,C,retained,4,0.16881222699885257,3926078,13cae87e6a0f75a13f3e9a7881b33c42ab77680f6d13e99dcc00fa2de5963495
3,CA,g1_p03_a1,C,retained,5,0.16971358400041936,3926078,13cae87e6a0f75a13f3e9a7881b33c42ab77680f6d13e99dcc00fa2de5963495
3,CA,g1_p03_a1,C,retained,6,0.16918470499513205,3926078,13cae87e6a0f75a13f3e9a7881b33c42ab77680f6d13e99dcc00fa2de5963495
3,CA,g1_p03_a1,C,retained,7,0.16830444999504834,3926078,13cae87e6a0f75a13f3e9a7881b33c42ab77680f6d13e99dcc00fa2de5963495
3,CA,g1_p03_a1,C,retained,8,0.16932403499959037,3926078,13cae87e6a0f75a13f3e9a7881b33c42ab77680f6d13e99dcc00fa2de5963495
3,CA,g1_p03_a1,A,warmup,0,0.17332280600385275,3926078,13cae87e6a0f75a13f3e9a7881b33c42ab77680f6d13e99dcc00fa2de5963495
3,CA,g1_p03_a1,A,warmup,1,0.1548972560049151,3926078,13cae87e6a0f75a13f3e9a7881b33c42ab77680f6d13e99dcc00fa2de5963495
3,CA,g1_p03_a1,A,retained,0,0.15472878199943807,3926078,13cae87e6a0f75a13f3e9a7881b33c42ab77680f6d13e99dcc00fa2de5963495
3,CA,g1_p03_a1,A,retained,1,0.15525404599611647,3926078,13cae87e6a0f75a13f3e9a7881b33c42ab77680f6d13e99dcc00fa2de5963495
3,CA,g1_p03_a1,A,retained,2,0.1544589740005904,3926078,13cae87e6a0f75a13f3e9a7881b33c42ab77680f6d13e99dcc00fa2de5963495
3,CA,g1_p03_a1,A,retained,3,0.15524866100167856,3926078,13cae87e6a0f75a13f3e9a7881b33c42ab77680f6d13e99dcc00fa2de5963495
3,CA,g1_p03_a1,A,retained,4,0.15409873500175308,3926078,13cae87e6a0f75a13f3e9a7881b33c42ab77680f6d13e99dcc00fa2de5963495
3,CA,g1_p03_a1,A,retained,5,0.15612562699971022,3926078,13cae87e6a0f75a13f3e9a7881b33c42ab77680f6d13e99dcc00fa2de5963495
3,CA,g1_p03_a1,A,retained,6,0.15439051800058223,3926078,13cae87e6a0f75a13f3e9a7881b33c42ab77680f6d13e99dcc00fa2de5963495
3,CA,g1_p03_a1,A,retained,7,0.1549718770038453,3926078,13cae87e6a0f75a13f3e9a7881b33c42ab77680f6d13e99dcc00fa2de5963495
3,CA,g1_p03_a1,A,retained,8,0.15489425100531662,3926078,13cae87e6a0f75a13f3e9a7881b33c42ab77680f6d13e99dcc00fa2de5963495
3,CA,g1_p03_a1,A,repeat16,0,0.15565788600360975,3926078,13cae87e6a0f75a13f3e9a7881b33c42ab77680f6d13e99dcc00fa2de5963495
3,CA,g1_p03_a1,A,repeat16,1,0.15425318100460572,3926078,13cae87e6a0f75a13f3e9a7881b33c42ab77680f6d13e99dcc00fa2de5963495
3,CA,g1_p03_a1,A,repeat16,2,0.1549259399980656,3926078,13cae87e6a0f75a13f3e9a7881b33c42ab77680f6d13e99dcc00fa2de5963495
3,CA,g1_p03_a1,A,repeat16,3,0.18805325599532807,3926078,13cae87e6a0f75a13f3e9a7881b33c42ab77680f6d13e99dcc00fa2de5963495
3,CA,g1_p03_a1,A,repeat16,4,0.18704966099903686,3926078,13cae87e6a0f75a13f3e9a7881b33c42ab77680f6d13e99dcc00fa2de5963495
3,CA,g1_p03_a1,A,repeat16,5,0.1843301100016106,3926078,13cae87e6a0f75a13f3e9a7881b33c42ab77680f6d13e99dcc00fa2de5963495
3,CA,g1_p03_a1,A,repeat16,6,0.1568642929996713,3926078,13cae87e6a0f75a13f3e9a7881b33c42ab77680f6d13e99dcc00fa2de5963495
3,CA,g1_p03_a1,A,repeat16,7,0.15463709500181722,3926078,13cae87e6a0f75a13f3e9a7881b33c42ab77680f6d13e99dcc00fa2de5963495
3,CA,g1_p03_a1,A,repeat16,8,0.1553016000034404,3926078,13cae87e6a0f75a13f3e9a7881b33c42ab77680f6d13e99dcc00fa2de5963495
3,CA,g1_p03_a1,A,repeat16,9,0.15481279999949038,3926078,13cae87e6a0f75a13f3e9a7881b33c42ab77680f6d13e99dcc00fa2de5963495
3,CA,g1_p03_a1,A,repeat16,10,0.15477887399902102,3926078,13cae87e6a0f75a13f3e9a7881b33c42ab77680f6d13e99dcc00fa2de5963495
3,CA,g1_p03_a1,A,repeat16,11,0.15490076699643396,3926078,13cae87e6a0f75a13f3e9a7881b33c42ab77680f6d13e99dcc00fa2de5963495
3,CA,g1_p03_a1,A,repeat16,12,0.1547976140063838,3926078,13cae87e6a0f75a13f3e9a7881b33c42ab77680f6d13e99dcc00fa2de5963495
3,CA,g1_p03_a1,A,repeat16,13,0.17066240400163224,3926078,13cae87e6a0f75a13f3e9a7881b33c42ab77680f6d13e99dcc00fa2de5963495
3,CA,g1_p03_a1,A,repeat16,14,0.18434902399894781,3926078,13cae87e6a0f75a13f3e9a7881b33c42ab77680f6d13e99dcc00fa2de5963495
3,CA,g1_p03_a1,A,repeat16,15,0.1843504220014438,3926078,13cae87e6a0f75a13f3e9a7881b33c42ab77680f6d13e99dcc00fa2de5963495
3,CA,g1_p03_a1,C,repeat16,0,0.20065761400474003,3926078,13cae87e6a0f75a13f3e9a7881b33c42ab77680f6d13e99dcc00fa2de5963495
3,CA,g1_p03_a1,C,repeat16,1,0.19765248199837515,3926078,13cae87e6a0f75a13f3e9a7881b33c42ab77680f6d13e99dcc00fa2de5963495
3,CA,g1_p03_a1,C,repeat16,2,0.17826677900302457,3926078,13cae87e6a0f75a13f3e9a7881b33c42ab77680f6d13e99dcc00fa2de5963495
3,CA,g1_p03_a1,C,repeat16,3,0.16813617500156397,3926078,13cae87e6a0f75a13f3e9a7881b33c42ab77680f6d13e99dcc00fa2de5963495
3,CA,g1_p03_a1,C,repeat16,4,0.16874521799763897,3926078,13cae87e6a0f75a13f3e9a7881b33c42ab77680f6d13e99dcc00fa2de5963495
3,CA,g1_p03_a1,C,repeat16,5,0.16845503500371706,3926078,13cae87e6a0f75a13f3e9a7881b33c42ab77680f6d13e99dcc00fa2de5963495
3,CA,g1_p03_a1,C,repeat16,6,0.16772276900155703,3926078,13cae87e6a0f75a13f3e9a7881b33c42ab77680f6d13e99dcc00fa2de5963495
3,CA,g1_p03_a1,C,repeat16,7,0.16780997499881778,3926078,13cae87e6a0f75a13f3e9a7881b33c42ab77680f6d13e99dcc00fa2de5963495
3,CA,g1_p03_a1,C,repeat16,8,0.16718093000235967,3926078,13cae87e6a0f75a13f3e9a7881b33c42ab77680f6d13e99dcc00fa2de5963495
3,CA,g1_p03_a1,C,repeat16,9,0.16871750200516544,3926078,13cae87e6a0f75a13f3e9a7881b33c42ab77680f6d13e99dcc00fa2de5963495
3,CA,g1_p03_a1,C,repeat16,10,0.16759587900014594,3926078,13cae87e6a0f75a13f3e9a7881b33c42ab77680f6d13e99dcc00fa2de5963495
3,CA,g1_p03_a1,C,repeat16,11,0.16758003100403585,3926078,13cae87e6a0f75a13f3e9a7881b33c42ab77680f6d13e99dcc00fa2de5963495
3,CA,g1_p03_a1,C,repeat16,12,0.16800984300061828,3926078,13cae87e6a0f75a13f3e9a7881b33c42ab77680f6d13e99dcc00fa2de5963495
3,CA,g1_p03_a1,C,repeat16,13,0.1674809579999419,3926078,13cae87e6a0f75a13f3e9a7881b33c42ab77680f6d13e99dcc00fa2de5963495
3,CA,g1_p03_a1,C,repeat16,14,0.16824970099696657,3926078,13cae87e6a0f75a13f3e9a7881b33c42ab77680f6d13e99dcc00fa2de5963495
3,CA,g1_p03_a1,C,repeat16,15,0.1678904939981294,3926078,13cae87e6a0f75a13f3e9a7881b33c42ab77680f6d13e99dcc00fa2de5963495
4,AC,g1_p04_a1,A,warmup,0,0.18901878999895416,3926078,13cae87e6a0f75a13f3e9a7881b33c42ab77680f6d13e99dcc00fa2de5963495
4,AC,g1_p04_a1,A,warmup,1,0.15553082100086613,3926078,13cae87e6a0f75a13f3e9a7881b33c42ab77680f6d13e99dcc00fa2de5963495
4,AC,g1_p04_a1,A,retained,0,0.15504004000104032,3926078,13cae87e6a0f75a13f3e9a7881b33c42ab77680f6d13e99dcc00fa2de5963495
4,AC,g1_p04_a1,A,retained,1,0.1559486409969395,3926078,13cae87e6a0f75a13f3e9a7881b33c42ab77680f6d13e99dcc00fa2de5963495
4,AC,g1_p04_a1,A,retained,2,0.15595685099833645,3926078,13cae87e6a0f75a13f3e9a7881b33c42ab77680f6d13e99dcc00fa2de5963495
4,AC,g1_p04_a1,A,retained,3,0.15466757000103826,3926078,13cae87e6a0f75a13f3e9a7881b33c42ab77680f6d13e99dcc00fa2de5963495
4,AC,g1_p04_a1,A,retained,4,0.15459419400576735,3926078,13cae87e6a0f75a13f3e9a7881b33c42ab77680f6d13e99dcc00fa2de5963495
4,AC,g1_p04_a1,A,retained,5,0.1551780410009087,3926078,13cae87e6a0f75a13f3e9a7881b33c42ab77680f6d13e99dcc00fa2de5963495
4,AC,g1_p04_a1,A,retained,6,0.15732854600355495,3926078,13cae87e6a0f75a13f3e9a7881b33c42ab77680f6d13e99dcc00fa2de5963495
4,AC,g1_p04_a1,A,retained,7,0.15516411700082244,3926078,13cae87e6a0f75a13f3e9a7881b33c42ab77680f6d13e99dcc00fa2de5963495
4,AC,g1_p04_a1,A,retained,8,0.1547972890039091,3926078,13cae87e6a0f75a13f3e9a7881b33c42ab77680f6d13e99dcc00fa2de5963495
4,AC,g1_p04_a1,C,warmup,0,0.6880322069991962,3926078,13cae87e6a0f75a13f3e9a7881b33c42ab77680f6d13e99dcc00fa2de5963495
4,AC,g1_p04_a1,C,warmup,1,0.1720875530008925,3926078,13cae87e6a0f75a13f3e9a7881b33c42ab77680f6d13e99dcc00fa2de5963495
4,AC,g1_p04_a1,C,retained,0,0.17139385600603418,3926078,13cae87e6a0f75a13f3e9a7881b33c42ab77680f6d13e99dcc00fa2de5963495
4,AC,g1_p04_a1,C,retained,1,0.16896232900035102,3926078,13cae87e6a0f75a13f3e9a7881b33c42ab77680f6d13e99dcc00fa2de5963495
4,AC,g1_p04_a1,C,retained,2,0.1697785450014635,3926078,13cae87e6a0f75a13f3e9a7881b33c42ab77680f6d13e99dcc00fa2de5963495
4,AC,g1_p04_a1,C,retained,3,0.1690270950057311,3926078,13cae87e6a0f75a13f3e9a7881b33c42ab77680f6d13e99dcc00fa2de5963495
4,AC,g1_p04_a1,C,retained,4,0.16955296599917347,3926078,13cae87e6a0f75a13f3e9a7881b33c42ab77680f6d13e99dcc00fa2de5963495
4,AC,g1_p04_a1,C,retained,5,0.16965842199715553,3926078,13cae87e6a0f75a13f3e9a7881b33c42ab77680f6d13e99dcc00fa2de5963495
4,AC,g1_p04_a1,C,retained,6,0.17014965900307288,3926078,13cae87e6a0f75a13f3e9a7881b33c42ab77680f6d13e99dcc00fa2de5963495
4,AC,g1_p04_a1,C,retained,7,0.17004102500504814,3926078,13cae87e6a0f75a13f3e9a7881b33c42ab77680f6d13e99dcc00fa2de5963495
4,AC,g1_p04_a1,C,retained,8,0.16916092899919022,3926078,13cae87e6a0f75a13f3e9a7881b33c42ab77680f6d13e99dcc00fa2de5963495
4,AC,g1_p04_a1,C,repeat16,0,0.16878027100028703,3926078,13cae87e6a0f75a13f3e9a7881b33c42ab77680f6d13e99dcc00fa2de5963495
4,AC,g1_p04_a1,C,repeat16,1,0.170013493996521,3926078,13cae87e6a0f75a13f3e9a7881b33c42ab77680f6d13e99dcc00fa2de5963495
4,AC,g1_p04_a1,C,repeat16,2,0.16959995499928482,3926078,13cae87e6a0f75a13f3e9a7881b33c42ab77680f6d13e99dcc00fa2de5963495
4,AC,g1_p04_a1,C,repeat16,3,0.16963910499907797,3926078,13cae87e6a0f75a13f3e9a7881b33c42ab77680f6d13e99dcc00fa2de5963495
4,AC,g1_p04_a1,C,repeat16,4,0.1707102180007496,3926078,13cae87e6a0f75a13f3e9a7881b33c42ab77680f6d13e99dcc00fa2de5963495
4,AC,g1_p04_a1,C,repeat16,5,0.16976288799924077,3926078,13cae87e6a0f75a13f3e9a7881b33c42ab77680f6d13e99dcc00fa2de5963495
4,AC,g1_p04_a1,C,repeat16,6,0.16884317999938503,3926078,13cae87e6a0f75a13f3e9a7881b33c42ab77680f6d13e99dcc00fa2de5963495
4,AC,g1_p04_a1,C,repeat16,7,0.16984026199497748,3926078,13cae87e6a0f75a13f3e9a7881b33c42ab77680f6d13e99dcc00fa2de5963495
4,AC,g1_p04_a1,C,repeat16,8,0.16915796200191835,3926078,13cae87e6a0f75a13f3e9a7881b33c42ab77680f6d13e99dcc00fa2de5963495
4,AC,g1_p04_a1,C,repeat16,9,0.16974772099638358,3926078,13cae87e6a0f75a13f3e9a7881b33c42ab77680f6d13e99dcc00fa2de5963495
4,AC,g1_p04_a1,C,repeat16,10,0.16920932599896332,3926078,13cae87e6a0f75a13f3e9a7881b33c42ab77680f6d13e99dcc00fa2de5963495
4,AC,g1_p04_a1,C,repeat16,11,0.17018578400166007,3926078,13cae87e6a0f75a13f3e9a7881b33c42ab77680f6d13e99dcc00fa2de5963495
4,AC,g1_p04_a1,C,repeat16,12,0.16937120399961714,3926078,13cae87e6a0f75a13f3e9a7881b33c42ab77680f6d13e99dcc00fa2de5963495
4,AC,g1_p04_a1,C,repeat16,13,0.16953276799904415,3926078,13cae87e6a0f75a13f3e9a7881b33c42ab77680f6d13e99dcc00fa2de5963495
4,AC,g1_p04_a1,C,repeat16,14,0.16923473399947397,3926078,13cae87e6a0f75a13f3e9a7881b33c42ab77680f6d13e99dcc00fa2de5963495
4,AC,g1_p04_a1,C,repeat16,15,0.16974322000169195,3926078,13cae87e6a0f75a13f3e9a7881b33c42ab77680f6d13e99dcc00fa2de5963495
4,AC,g1_p04_a1,A,repeat16,0,0.15595448599924566,3926078,13cae87e6a0f75a13f3e9a7881b33c42ab77680f6d13e99dcc00fa2de5963495
4,AC,g1_p04_a1,A,repeat16,1,0.15586427899688715,3926078,13cae87e6a0f75a13f3e9a7881b33c42ab77680f6d13e99dcc00fa2de5963495
4,AC,g1_p04_a1,A,repeat16,2,0.15544028500153217,3926078,13cae87e6a0f75a13f3e9a7881b33c42ab77680f6d13e99dcc00fa2de5963495
4,AC,g1_p04_a1,A,repeat16,3,0.15663406399835367,3926078,13cae87e6a0f75a13f3e9a7881b33c42ab77680f6d13e99dcc00fa2de5963495
4,AC,g1_p04_a1,A,repeat16,4,0.1551149040024029,3926078,13cae87e6a0f75a13f3e9a7881b33c42ab77680f6d13e99dcc00fa2de5963495
4,AC,g1_p04_a1,A,repeat16,5,0.15599269400263438,3926078,13cae87e6a0f75a13f3e9a7881b33c42ab77680f6d13e99dcc00fa2de5963495
4,AC,g1_p04_a1,A,repeat16,6,0.15558668899757322,3926078,13cae87e6a0f75a13f3e9a7881b33c42ab77680f6d13e99dcc00fa2de5963495
4,AC,g1_p04_a1,A,repeat16,7,0.1559399530015071,3926078,13cae87e6a0f75a13f3e9a7881b33c42ab77680f6d13e99dcc00fa2de5963495
4,AC,g1_p04_a1,A,repeat16,8,0.15543685299780918,3926078,13cae87e6a0f75a13f3e9a7881b33c42ab77680f6d13e99dcc00fa2de5963495
4,AC,g1_p04_a1,A,repeat16,9,0.15676099000120303,3926078,13cae87e6a0f75a13f3e9a7881b33c42ab77680f6d13e99dcc00fa2de5963495
4,AC,g1_p04_a1,A,repeat16,10,0.15561020600580378,3926078,13cae87e6a0f75a13f3e9a7881b33c42ab77680f6d13e99dcc00fa2de5963495
4,AC,g1_p04_a1,A,repeat16,11,0.1560054069996113,3926078,13cae87e6a0f75a13f3e9a7881b33c42ab77680f6d13e99dcc00fa2de5963495
4,AC,g1_p04_a1,A,repeat16,12,0.15650481699412921,3926078,13cae87e6a0f75a13f3e9a7881b33c42ab77680f6d13e99dcc00fa2de5963495
4,AC,g1_p04_a1,A,repeat16,13,0.1570463820025907,3926078,13cae87e6a0f75a13f3e9a7881b33c42ab77680f6d13e99dcc00fa2de5963495
4,AC,g1_p04_a1,A,repeat16,14,0.15542983000341337,3926078,13cae87e6a0f75a13f3e9a7881b33c42ab77680f6d13e99dcc00fa2de5963495
4,AC,g1_p04_a1,A,repeat16,15,0.15563956600090023,3926078,13cae87e6a0f75a13f3e9a7881b33c42ab77680f6d13e99dcc00fa2de5963495
5,CA,g1_p05_a1,C,warmup,0,0.6981396109986235,3926078,13cae87e6a0f75a13f3e9a7881b33c42ab77680f6d13e99dcc00fa2de5963495
5,CA,g1_p05_a1,C,warmup,1,0.17526412999723107,3926078,13cae87e6a0f75a13f3e9a7881b33c42ab77680f6d13e99dcc00fa2de5963495
5,CA,g1_p05_a1,C,retained,0,0.1772006750034052,3926078,13cae87e6a0f75a13f3e9a7881b33c42ab77680f6d13e99dcc00fa2de5963495
5,CA,g1_p05_a1,C,retained,1,0.17531139100174187,3926078,13cae87e6a0f75a13f3e9a7881b33c42ab77680f6d13e99dcc00fa2de5963495
5,CA,g1_p05_a1,C,retained,2,0.1758260380011052,3926078,13cae87e6a0f75a13f3e9a7881b33c42ab77680f6d13e99dcc00fa2de5963495
5,CA,g1_p05_a1,C,retained,3,0.18050217699783389,3926078,13cae87e6a0f75a13f3e9a7881b33c42ab77680f6d13e99dcc00fa2de5963495
5,CA,g1_p05_a1,C,retained,4,0.17665020799904596,3926078,13cae87e6a0f75a13f3e9a7881b33c42ab77680f6d13e99dcc00fa2de5963495
5,CA,g1_p05_a1,C,retained,5,0.17670312999689486,3926078,13cae87e6a0f75a13f3e9a7881b33c42ab77680f6d13e99dcc00fa2de5963495
5,CA,g1_p05_a1,C,retained,6,0.17414912400272442,3926078,13cae87e6a0f75a13f3e9a7881b33c42ab77680f6d13e99dcc00fa2de5963495
5,CA,g1_p05_a1,C,retained,7,0.1744423319978523,3926078,13cae87e6a0f75a13f3e9a7881b33c42ab77680f6d13e99dcc00fa2de5963495
5,CA,g1_p05_a1,C,retained,8,0.1760703879990615,3926078,13cae87e6a0f75a13f3e9a7881b33c42ab77680f6d13e99dcc00fa2de5963495
5,CA,g1_p05_a1,A,warmup,0,0.17661014300392708,3926078,13cae87e6a0f75a13f3e9a7881b33c42ab77680f6d13e99dcc00fa2de5963495
5,CA,g1_p05_a1,A,warmup,1,0.15923538099741563,3926078,13cae87e6a0f75a13f3e9a7881b33c42ab77680f6d13e99dcc00fa2de5963495
5,CA,g1_p05_a1,A,retained,0,0.15872915300133172,3926078,13cae87e6a0f75a13f3e9a7881b33c42ab77680f6d13e99dcc00fa2de5963495
5,CA,g1_p05_a1,A,retained,1,0.1605697240011068,3926078,13cae87e6a0f75a13f3e9a7881b33c42ab77680f6d13e99dcc00fa2de5963495
5,CA,g1_p05_a1,A,retained,2,0.15959186600230169,3926078,13cae87e6a0f75a13f3e9a7881b33c42ab77680f6d13e99dcc00fa2de5963495
5,CA,g1_p05_a1,A,retained,3,0.15924641199671896,3926078,13cae87e6a0f75a13f3e9a7881b33c42ab77680f6d13e99dcc00fa2de5963495
5,CA,g1_p05_a1,A,retained,4,0.1592234700001427,3926078,13cae87e6a0f75a13f3e9a7881b33c42ab77680f6d13e99dcc00fa2de5963495
5,CA,g1_p05_a1,A,retained,5,0.16030224900168832,3926078,13cae87e6a0f75a13f3e9a7881b33c42ab77680f6d13e99dcc00fa2de5963495
5,CA,g1_p05_a1,A,retained,6,0.15883522900548996,3926078,13cae87e6a0f75a13f3e9a7881b33c42ab77680f6d13e99dcc00fa2de5963495
5,CA,g1_p05_a1,A,retained,7,0.15910349499608856,3926078,13cae87e6a0f75a13f3e9a7881b33c42ab77680f6d13e99dcc00fa2de5963495
5,CA,g1_p05_a1,A,retained,8,0.159668555999815,3926078,13cae87e6a0f75a13f3e9a7881b33c42ab77680f6d13e99dcc00fa2de5963495
5,CA,g1_p05_a1,A,repeat16,0,0.16021804400224937,3926078,13cae87e6a0f75a13f3e9a7881b33c42ab77680f6d13e99dcc00fa2de5963495
5,CA,g1_p05_a1,A,repeat16,1,0.16051588400296168,3926078,13cae87e6a0f75a13f3e9a7881b33c42ab77680f6d13e99dcc00fa2de5963495
5,CA,g1_p05_a1,A,repeat16,2,0.1604938949967618,3926078,13cae87e6a0f75a13f3e9a7881b33c42ab77680f6d13e99dcc00fa2de5963495
5,CA,g1_p05_a1,A,repeat16,3,0.1608982389952871,3926078,13cae87e6a0f75a13f3e9a7881b33c42ab77680f6d13e99dcc00fa2de5963495
5,CA,g1_p05_a1,A,repeat16,4,0.1633559920010157,3926078,13cae87e6a0f75a13f3e9a7881b33c42ab77680f6d13e99dcc00fa2de5963495
5,CA,g1_p05_a1,A,repeat16,5,0.1608276240003761,3926078,13cae87e6a0f75a13f3e9a7881b33c42ab77680f6d13e99dcc00fa2de5963495
5,CA,g1_p05_a1,A,repeat16,6,0.16058593100024154,3926078,13cae87e6a0f75a13f3e9a7881b33c42ab77680f6d13e99dcc00fa2de5963495
5,CA,g1_p05_a1,A,repeat16,7,0.16107474800082855,3926078,13cae87e6a0f75a13f3e9a7881b33c42ab77680f6d13e99dcc00fa2de5963495
5,CA,g1_p05_a1,A,repeat16,8,0.15906434500357136,3926078,13cae87e6a0f75a13f3e9a7881b33c42ab77680f6d13e99dcc00fa2de5963495
5,CA,g1_p05_a1,A,repeat16,9,0.1599238199996762,3926078,13cae87e6a0f75a13f3e9a7881b33c42ab77680f6d13e99dcc00fa2de5963495
5,CA,g1_p05_a1,A,repeat16,10,0.1598017290016287,3926078,13cae87e6a0f75a13f3e9a7881b33c42ab77680f6d13e99dcc00fa2de5963495
5,CA,g1_p05_a1,A,repeat16,11,0.16053132999513764,3926078,13cae87e6a0f75a13f3e9a7881b33c42ab77680f6d13e99dcc00fa2de5963495
5,CA,g1_p05_a1,A,repeat16,12,0.15864665299886838,3926078,13cae87e6a0f75a13f3e9a7881b33c42ab77680f6d13e99dcc00fa2de5963495
5,CA,g1_p05_a1,A,repeat16,13,0.15973220400337595,3926078,13cae87e6a0f75a13f3e9a7881b33c42ab77680f6d13e99dcc00fa2de5963495
5,CA,g1_p05_a1,A,repeat16,14,0.15969591600151034,3926078,13cae87e6a0f75a13f3e9a7881b33c42ab77680f6d13e99dcc00fa2de5963495
5,CA,g1_p05_a1,A,repeat16,15,0.15967583999736235,3926078,13cae87e6a0f75a13f3e9a7881b33c42ab77680f6d13e99dcc00fa2de5963495
5,CA,g1_p05_a1,C,repeat16,0,0.17328877899853978,3926078,13cae87e6a0f75a13f3e9a7881b33c42ab77680f6d13e99dcc00fa2de5963495
5,CA,g1_p05_a1,C,repeat16,1,0.17428323300555348,3926078,13cae87e6a0f75a13f3e9a7881b33c42ab77680f6d13e99dcc00fa2de5963495
5,CA,g1_p05_a1,C,repeat16,2,0.17464092399313813,3926078,13cae87e6a0f75a13f3e9a7881b33c42ab77680f6d13e99dcc00fa2de5963495
5,CA,g1_p05_a1,C,repeat16,3,0.17422652000095695,3926078,13cae87e6a0f75a13f3e9a7881b33c42ab77680f6d13e99dcc00fa2de5963495
5,CA,g1_p05_a1,C,repeat16,4,0.176150510997104,3926078,13cae87e6a0f75a13f3e9a7881b33c42ab77680f6d13e99dcc00fa2de5963495
5,CA,g1_p05_a1,C,repeat16,5,0.1756806859993958,3926078,13cae87e6a0f75a13f3e9a7881b33c42ab77680f6d13e99dcc00fa2de5963495
5,CA,g1_p05_a1,C,repeat16,6,0.17334297700290335,3926078,13cae87e6a0f75a13f3e9a7881b33c42ab77680f6d13e99dcc00fa2de5963495
5,CA,g1_p05_a1,C,repeat16,7,0.17372526499821106,3926078,13cae87e6a0f75a13f3e9a7881b33c42ab77680f6d13e99dcc00fa2de5963495
5,CA,g1_p05_a1,C,repeat16,8,0.17318466200231342,3926078,13cae87e6a0f75a13f3e9a7881b33c42ab77680f6d13e99dcc00fa2de5963495
5,CA,g1_p05_a1,C,repeat16,9,0.1738801270039403,3926078,13cae87e6a0f75a13f3e9a7881b33c42ab77680f6d13e99dcc00fa2de5963495
5,CA,g1_p05_a1,C,repeat16,10,0.17381572000158485,3926078,13cae87e6a0f75a13f3e9a7881b33c42ab77680f6d13e99dcc00fa2de5963495
5,CA,g1_p05_a1,C,repeat16,11,0.17332463200000348,3926078,13cae87e6a0f75a13f3e9a7881b33c42ab77680f6d13e99dcc00fa2de5963495
5,CA,g1_p05_a1,C,repeat16,12,0.17456273599964334,3926078,13cae87e6a0f75a13f3e9a7881b33c42ab77680f6d13e99dcc00fa2de5963495
5,CA,g1_p05_a1,C,repeat16,13,0.17425401500076987,3926078,13cae87e6a0f75a13f3e9a7881b33c42ab77680f6d13e99dcc00fa2de5963495
5,CA,g1_p05_a1,C,repeat16,14,0.17461642200214555,3926078,13cae87e6a0f75a13f3e9a7881b33c42ab77680f6d13e99dcc00fa2de5963495
5,CA,g1_p05_a1,C,repeat16,15,0.17414253199967789,3926078,13cae87e6a0f75a13f3e9a7881b33c42ab77680f6d13e99dcc00fa2de5963495
6,AC,g1_p06_a1,A,warmup,0,0.19403649799642153,3926078,13cae87e6a0f75a13f3e9a7881b33c42ab77680f6d13e99dcc00fa2de5963495
6,AC,g1_p06_a1,A,warmup,1,0.16317163199710194,3926078,13cae87e6a0f75a13f3e9a7881b33c42ab77680f6d13e99dcc00fa2de5963495
6,AC,g1_p06_a1,A,retained,0,0.16231570800300688,3926078,13cae87e6a0f75a13f3e9a7881b33c42ab77680f6d13e99dcc00fa2de5963495
6,AC,g1_p06_a1,A,retained,1,0.1637884869996924,3926078,13cae87e6a0f75a13f3e9a7881b33c42ab77680f6d13e99dcc00fa2de5963495
6,AC,g1_p06_a1,A,retained,2,0.16442977300175698,3926078,13cae87e6a0f75a13f3e9a7881b33c42ab77680f6d13e99dcc00fa2de5963495
6,AC,g1_p06_a1,A,retained,3,0.1620337450003717,3926078,13cae87e6a0f75a13f3e9a7881b33c42ab77680f6d13e99dcc00fa2de5963495
6,AC,g1_p06_a1,A,retained,4,0.16235747400060063,3926078,13cae87e6a0f75a13f3e9a7881b33c42ab77680f6d13e99dcc00fa2de5963495
6,AC,g1_p06_a1,A,retained,5,0.16350718199828407,3926078,13cae87e6a0f75a13f3e9a7881b33c42ab77680f6d13e99dcc00fa2de5963495
6,AC,g1_p06_a1,A,retained,6,0.16601242899923818,3926078,13cae87e6a0f75a13f3e9a7881b33c42ab77680f6d13e99dcc00fa2de5963495
6,AC,g1_p06_a1,A,retained,7,0.1627492240004358,3926078,13cae87e6a0f75a13f3e9a7881b33c42ab77680f6d13e99dcc00fa2de5963495
6,AC,g1_p06_a1,A,retained,8,0.16193634900264442,3926078,13cae87e6a0f75a13f3e9a7881b33c42ab77680f6d13e99dcc00fa2de5963495
6,AC,g1_p06_a1,C,warmup,0,0.6868957629994838,3926078,13cae87e6a0f75a13f3e9a7881b33c42ab77680f6d13e99dcc00fa2de5963495
6,AC,g1_p06_a1,C,warmup,1,0.17990467399795307,3926078,13cae87e6a0f75a13f3e9a7881b33c42ab77680f6d13e99dcc00fa2de5963495
6,AC,g1_p06_a1,C,retained,0,0.17785473000549246,3926078,13cae87e6a0f75a13f3e9a7881b33c42ab77680f6d13e99dcc00fa2de5963495
6,AC,g1_p06_a1,C,retained,1,0.17642967800202314,3926078,13cae87e6a0f75a13f3e9a7881b33c42ab77680f6d13e99dcc00fa2de5963495
6,AC,g1_p06_a1,C,retained,2,0.17678846699709538,3926078,13cae87e6a0f75a13f3e9a7881b33c42ab77680f6d13e99dcc00fa2de5963495
6,AC,g1_p06_a1,C,retained,3,0.1762287390010897,3926078,13cae87e6a0f75a13f3e9a7881b33c42ab77680f6d13e99dcc00fa2de5963495
6,AC,g1_p06_a1,C,retained,4,0.17633116499928292,3926078,13cae87e6a0f75a13f3e9a7881b33c42ab77680f6d13e99dcc00fa2de5963495
6,AC,g1_p06_a1,C,retained,5,0.17702642700169235,3926078,13cae87e6a0f75a13f3e9a7881b33c42ab77680f6d13e99dcc00fa2de5963495
6,AC,g1_p06_a1,C,retained,6,0.17676876400219044,3926078,13cae87e6a0f75a13f3e9a7881b33c42ab77680f6d13e99dcc00fa2de5963495
6,AC,g1_p06_a1,C,retained,7,0.17646480700204847,3926078,13cae87e6a0f75a13f3e9a7881b33c42ab77680f6d13e99dcc00fa2de5963495
6,AC,g1_p06_a1,C,retained,8,0.1761004439977114,3926078,13cae87e6a0f75a13f3e9a7881b33c42ab77680f6d13e99dcc00fa2de5963495
6,AC,g1_p06_a1,C,repeat16,0,0.17725976999645354,3926078,13cae87e6a0f75a13f3e9a7881b33c42ab77680f6d13e99dcc00fa2de5963495
6,AC,g1_p06_a1,C,repeat16,1,0.17658192100498127,3926078,13cae87e6a0f75a13f3e9a7881b33c42ab77680f6d13e99dcc00fa2de5963495
6,AC,g1_p06_a1,C,repeat16,2,0.176290411996888,3926078,13cae87e6a0f75a13f3e9a7881b33c42ab77680f6d13e99dcc00fa2de5963495
6,AC,g1_p06_a1,C,repeat16,3,0.17818971099768532,3926078,13cae87e6a0f75a13f3e9a7881b33c42ab77680f6d13e99dcc00fa2de5963495
6,AC,g1_p06_a1,C,repeat16,4,0.1767151649983134,3926078,13cae87e6a0f75a13f3e9a7881b33c42ab77680f6d13e99dcc00fa2de5963495
6,AC,g1_p06_a1,C,repeat16,5,0.176861074003682,3926078,13cae87e6a0f75a13f3e9a7881b33c42ab77680f6d13e99dcc00fa2de5963495
6,AC,g1_p06_a1,C,repeat16,6,0.17641831500077387,3926078,13cae87e6a0f75a13f3e9a7881b33c42ab77680f6d13e99dcc00fa2de5963495
6,AC,g1_p06_a1,C,repeat16,7,0.17666066600213526,3926078,13cae87e6a0f75a13f3e9a7881b33c42ab77680f6d13e99dcc00fa2de5963495
6,AC,g1_p06_a1,C,repeat16,8,0.1765758050023578,3926078,13cae87e6a0f75a13f3e9a7881b33c42ab77680f6d13e99dcc00fa2de5963495
6,AC,g1_p06_a1,C,repeat16,9,0.17711593199783238,3926078,13cae87e6a0f75a13f3e9a7881b33c42ab77680f6d13e99dcc00fa2de5963495
6,AC,g1_p06_a1,C,repeat16,10,0.17874432200187584,3926078,13cae87e6a0f75a13f3e9a7881b33c42ab77680f6d13e99dcc00fa2de5963495
6,AC,g1_p06_a1,C,repeat16,11,0.1764482499929727,3926078,13cae87e6a0f75a13f3e9a7881b33c42ab77680f6d13e99dcc00fa2de5963495
6,AC,g1_p06_a1,C,repeat16,12,0.1759420200032764,3926078,13cae87e6a0f75a13f3e9a7881b33c42ab77680f6d13e99dcc00fa2de5963495
6,AC,g1_p06_a1,C,repeat16,13,0.17648016899329377,3926078,13cae87e6a0f75a13f3e9a7881b33c42ab77680f6d13e99dcc00fa2de5963495
6,AC,g1_p06_a1,C,repeat16,14,0.17700321300071664,3926078,13cae87e6a0f75a13f3e9a7881b33c42ab77680f6d13e99dcc00fa2de5963495
6,AC,g1_p06_a1,C,repeat16,15,0.17698514799849363,3926078,13cae87e6a0f75a13f3e9a7881b33c42ab77680f6d13e99dcc00fa2de5963495
6,AC,g1_p06_a1,A,repeat16,0,0.16283355899940943,3926078,13cae87e6a0f75a13f3e9a7881b33c42ab77680f6d13e99dcc00fa2de5963495
6,AC,g1_p06_a1,A,repeat16,1,0.16195000199513743,3926078,13cae87e6a0f75a13f3e9a7881b33c42ab77680f6d13e99dcc00fa2de5963495
6,AC,g1_p06_a1,A,repeat16,2,0.16235668399895076,3926078,13cae87e6a0f75a13f3e9a7881b33c42ab77680f6d13e99dcc00fa2de5963495
6,AC,g1_p06_a1,A,repeat16,3,0.16235972000140464,3926078,13cae87e6a0f75a13f3e9a7881b33c42ab77680f6d13e99dcc00fa2de5963495
6,AC,g1_p06_a1,A,repeat16,4,0.16259478299616603,3926078,13cae87e6a0f75a13f3e9a7881b33c42ab77680f6d13e99dcc00fa2de5963495
6,AC,g1_p06_a1,A,repeat16,5,0.1621943240024848,3926078,13cae87e6a0f75a13f3e9a7881b33c42ab77680f6d13e99dcc00fa2de5963495
6,AC,g1_p06_a1,A,repeat16,6,0.1626375870037009,3926078,13cae87e6a0f75a13f3e9a7881b33c42ab77680f6d13e99dcc00fa2de5963495
6,AC,g1_p06_a1,A,repeat16,7,0.1624560569980531,3926078,13cae87e6a0f75a13f3e9a7881b33c42ab77680f6d13e99dcc00fa2de5963495
6,AC,g1_p06_a1,A,repeat16,8,0.16203962900181068,3926078,13cae87e6a0f75a13f3e9a7881b33c42ab77680f6d13e99dcc00fa2de5963495
6,AC,g1_p06_a1,A,repeat16,9,0.16242015700117918,3926078,13cae87e6a0f75a13f3e9a7881b33c42ab77680f6d13e99dcc00fa2de5963495
6,AC,g1_p06_a1,A,repeat16,10,0.1649746490002144,3926078,13cae87e6a0f75a13f3e9a7881b33c42ab77680f6d13e99dcc00fa2de5963495
6,AC,g1_p06_a1,A,repeat16,11,0.1630034979971242,3926078,13cae87e6a0f75a13f3e9a7881b33c42ab77680f6d13e99dcc00fa2de5963495
6,AC,g1_p06_a1,A,repeat16,12,0.16262845500023104,3926078,13cae87e6a0f75a13f3e9a7881b33c42ab77680f6d13e99dcc00fa2de5963495
6,AC,g1_p06_a1,A,repeat16,13,0.1626510269998107,3926078,13cae87e6a0f75a13f3e9a7881b33c42ab77680f6d13e99dcc00fa2de5963495
6,AC,g1_p06_a1,A,repeat16,14,0.16224821699870517,3926078,13cae87e6a0f75a13f3e9a7881b33c42ab77680f6d13e99dcc00fa2de5963495
6,AC,g1_p06_a1,A,repeat16,15,0.16290303899586434,3926078,13cae87e6a0f75a13f3e9a7881b33c42ab77680f6d13e99dcc00fa2de5963495
7,CA,g1_p07_a1,C,warmup,0,0.707441941005527,3926078,13cae87e6a0f75a13f3e9a7881b33c42ab77680f6d13e99dcc00fa2de5963495
7,CA,g1_p07_a1,C,warmup,1,0.17424676699738484,3926078,13cae87e6a0f75a13f3e9a7881b33c42ab77680f6d13e99dcc00fa2de5963495
7,CA,g1_p07_a1,C,retained,0,0.17557592799857957,3926078,13cae87e6a0f75a13f3e9a7881b33c42ab77680f6d13e99dcc00fa2de5963495
7,CA,g1_p07_a1,C,retained,1,0.17637543200544314,3926078,13cae87e6a0f75a13f3e9a7881b33c42ab77680f6d13e99dcc00fa2de5963495
7,CA,g1_p07_a1,C,retained,2,0.17524169300304493,3926078,13cae87e6a0f75a13f3e9a7881b33c42ab77680f6d13e99dcc00fa2de5963495
7,CA,g1_p07_a1,C,retained,3,0.18009279199759476,3926078,13cae87e6a0f75a13f3e9a7881b33c42ab77680f6d13e99dcc00fa2de5963495
7,CA,g1_p07_a1,C,retained,4,0.17466859900014242,3926078,13cae87e6a0f75a13f3e9a7881b33c42ab77680f6d13e99dcc00fa2de5963495
7,CA,g1_p07_a1,C,retained,5,0.1757891329980339,3926078,13cae87e6a0f75a13f3e9a7881b33c42ab77680f6d13e99dcc00fa2de5963495
7,CA,g1_p07_a1,C,retained,6,0.1749113240002771,3926078,13cae87e6a0f75a13f3e9a7881b33c42ab77680f6d13e99dcc00fa2de5963495
7,CA,g1_p07_a1,C,retained,7,0.17586452600517077,3926078,13cae87e6a0f75a13f3e9a7881b33c42ab77680f6d13e99dcc00fa2de5963495
7,CA,g1_p07_a1,C,retained,8,0.17452217000391101,3926078,13cae87e6a0f75a13f3e9a7881b33c42ab77680f6d13e99dcc00fa2de5963495
7,CA,g1_p07_a1,A,warmup,0,0.17859928400139324,3926078,13cae87e6a0f75a13f3e9a7881b33c42ab77680f6d13e99dcc00fa2de5963495
7,CA,g1_p07_a1,A,warmup,1,0.16003917500347598,3926078,13cae87e6a0f75a13f3e9a7881b33c42ab77680f6d13e99dcc00fa2de5963495
7,CA,g1_p07_a1,A,retained,0,0.1615862999969977,3926078,13cae87e6a0f75a13f3e9a7881b33c42ab77680f6d13e99dcc00fa2de5963495
7,CA,g1_p07_a1,A,retained,1,0.16023778599628713,3926078,13cae87e6a0f75a13f3e9a7881b33c42ab77680f6d13e99dcc00fa2de5963495
7,CA,g1_p07_a1,A,retained,2,0.16063613800361054,3926078,13cae87e6a0f75a13f3e9a7881b33c42ab77680f6d13e99dcc00fa2de5963495
7,CA,g1_p07_a1,A,retained,3,0.16129173299850663,3926078,13cae87e6a0f75a13f3e9a7881b33c42ab77680f6d13e99dcc00fa2de5963495
7,CA,g1_p07_a1,A,retained,4,0.1610816510001314,3926078,13cae87e6a0f75a13f3e9a7881b33c42ab77680f6d13e99dcc00fa2de5963495
7,CA,g1_p07_a1,A,retained,5,0.16041183400375303,3926078,13cae87e6a0f75a13f3e9a7881b33c42ab77680f6d13e99dcc00fa2de5963495
7,CA,g1_p07_a1,A,retained,6,0.16120759100158466,3926078,13cae87e6a0f75a13f3e9a7881b33c42ab77680f6d13e99dcc00fa2de5963495
7,CA,g1_p07_a1,A,retained,7,0.1611757420032518,3926078,13cae87e6a0f75a13f3e9a7881b33c42ab77680f6d13e99dcc00fa2de5963495
7,CA,g1_p07_a1,A,retained,8,0.16084595199936302,3926078,13cae87e6a0f75a13f3e9a7881b33c42ab77680f6d13e99dcc00fa2de5963495
7,CA,g1_p07_a1,A,repeat16,0,0.1610015839978587,3926078,13cae87e6a0f75a13f3e9a7881b33c42ab77680f6d13e99dcc00fa2de5963495
7,CA,g1_p07_a1,A,repeat16,1,0.1601238139992347,3926078,13cae87e6a0f75a13f3e9a7881b33c42ab77680f6d13e99dcc00fa2de5963495
7,CA,g1_p07_a1,A,repeat16,2,0.1606658369928482,3926078,13cae87e6a0f75a13f3e9a7881b33c42ab77680f6d13e99dcc00fa2de5963495
7,CA,g1_p07_a1,A,repeat16,3,0.16288493300089613,3926078,13cae87e6a0f75a13f3e9a7881b33c42ab77680f6d13e99dcc00fa2de5963495
7,CA,g1_p07_a1,A,repeat16,4,0.16058946299745003,3926078,13cae87e6a0f75a13f3e9a7881b33c42ab77680f6d13e99dcc00fa2de5963495
7,CA,g1_p07_a1,A,repeat16,5,0.16102602000319166,3926078,13cae87e6a0f75a13f3e9a7881b33c42ab77680f6d13e99dcc00fa2de5963495
7,CA,g1_p07_a1,A,repeat16,6,0.1632550580034149,3926078,13cae87e6a0f75a13f3e9a7881b33c42ab77680f6d13e99dcc00fa2de5963495
7,CA,g1_p07_a1,A,repeat16,7,0.15838923899718793,3926078,13cae87e6a0f75a13f3e9a7881b33c42ab77680f6d13e99dcc00fa2de5963495
7,CA,g1_p07_a1,A,repeat16,8,0.15542039000138175,3926078,13cae87e6a0f75a13f3e9a7881b33c42ab77680f6d13e99dcc00fa2de5963495
7,CA,g1_p07_a1,A,repeat16,9,0.15487258099892642,3926078,13cae87e6a0f75a13f3e9a7881b33c42ab77680f6d13e99dcc00fa2de5963495
7,CA,g1_p07_a1,A,repeat16,10,0.1568124359982903,3926078,13cae87e6a0f75a13f3e9a7881b33c42ab77680f6d13e99dcc00fa2de5963495
7,CA,g1_p07_a1,A,repeat16,11,0.15606094599934295,3926078,13cae87e6a0f75a13f3e9a7881b33c42ab77680f6d13e99dcc00fa2de5963495
7,CA,g1_p07_a1,A,repeat16,12,0.15635329699580325,3926078,13cae87e6a0f75a13f3e9a7881b33c42ab77680f6d13e99dcc00fa2de5963495
7,CA,g1_p07_a1,A,repeat16,13,0.1558996770036174,3926078,13cae87e6a0f75a13f3e9a7881b33c42ab77680f6d13e99dcc00fa2de5963495
7,CA,g1_p07_a1,A,repeat16,14,0.15431564499886008,3926078,13cae87e6a0f75a13f3e9a7881b33c42ab77680f6d13e99dcc00fa2de5963495
7,CA,g1_p07_a1,A,repeat16,15,0.15494125300028827,3926078,13cae87e6a0f75a13f3e9a7881b33c42ab77680f6d13e99dcc00fa2de5963495
7,CA,g1_p07_a1,C,repeat16,0,0.16862343899992993,3926078,13cae87e6a0f75a13f3e9a7881b33c42ab77680f6d13e99dcc00fa2de5963495
7,CA,g1_p07_a1,C,repeat16,1,0.16871901299600722,3926078,13cae87e6a0f75a13f3e9a7881b33c42ab77680f6d13e99dcc00fa2de5963495
7,CA,g1_p07_a1,C,repeat16,2,0.16876552399480715,3926078,13cae87e6a0f75a13f3e9a7881b33c42ab77680f6d13e99dcc00fa2de5963495
7,CA,g1_p07_a1,C,repeat16,3,0.16859641400515102,3926078,13cae87e6a0f75a13f3e9a7881b33c42ab77680f6d13e99dcc00fa2de5963495
7,CA,g1_p07_a1,C,repeat16,4,0.17123538400483085,3926078,13cae87e6a0f75a13f3e9a7881b33c42ab77680f6d13e99dcc00fa2de5963495
7,CA,g1_p07_a1,C,repeat16,5,0.16945340600068448,3926078,13cae87e6a0f75a13f3e9a7881b33c42ab77680f6d13e99dcc00fa2de5963495
7,CA,g1_p07_a1,C,repeat16,6,0.1684201380048762,3926078,13cae87e6a0f75a13f3e9a7881b33c42ab77680f6d13e99dcc00fa2de5963495
7,CA,g1_p07_a1,C,repeat16,7,0.16881093800475355,3926078,13cae87e6a0f75a13f3e9a7881b33c42ab77680f6d13e99dcc00fa2de5963495
7,CA,g1_p07_a1,C,repeat16,8,0.16879638400132535,3926078,13cae87e6a0f75a13f3e9a7881b33c42ab77680f6d13e99dcc00fa2de5963495
7,CA,g1_p07_a1,C,repeat16,9,0.16961219099903246,3926078,13cae87e6a0f75a13f3e9a7881b33c42ab77680f6d13e99dcc00fa2de5963495
7,CA,g1_p07_a1,C,repeat16,10,0.16942614699655678,3926078,13cae87e6a0f75a13f3e9a7881b33c42ab77680f6d13e99dcc00fa2de5963495
7,CA,g1_p07_a1,C,repeat16,11,0.16875643099774607,3926078,13cae87e6a0f75a13f3e9a7881b33c42ab77680f6d13e99dcc00fa2de5963495
7,CA,g1_p07_a1,C,repeat16,12,0.16875660000368953,3926078,13cae87e6a0f75a13f3e9a7881b33c42ab77680f6d13e99dcc00fa2de5963495
7,CA,g1_p07_a1,C,repeat16,13,0.16946514299343107,3926078,13cae87e6a0f75a13f3e9a7881b33c42ab77680f6d13e99dcc00fa2de5963495
7,CA,g1_p07_a1,C,repeat16,14,0.16929598199931206,3926078,13cae87e6a0f75a13f3e9a7881b33c42ab77680f6d13e99dcc00fa2de5963495
7,CA,g1_p07_a1,C,repeat16,15,0.16908395999780623,3926078,13cae87e6a0f75a13f3e9a7881b33c42ab77680f6d13e99dcc00fa2de5963495
